{
  "article_id": "0007899d4fd22a140c79b730e9645a12",
  "headline": "Earnings Beat In The Cards For Electronic Art Q4 ? ",
  "body": "ByTrefis Team, Contributor. Electronic Arts (NASDAQ: EA) is scheduled to report its fiscal FYQ4 2023 results on Tuesday, May 9. We expect EA to post revenue and earnings exceeding the consensus estimates. The company should benefit from continued demand for some of its popular titles, including FIFA 23, Need For Speed Unbound, and The Sims. Although we expect EA stock to navigate well during the quarter, it has little room for growth, as discussed below. Our interactive dashboard analysis on Electronic Arts Earnings Preview has additional details. (1) Revenues expected to be slightly above the consensus estimates (2) EPS likely to be above the consensus estimates (3) EA stock looks like it has little room for growth While EA stock looks like it has more room to grow, it is helpful to see how Electronic Arts’ Peers fare on metrics that matter. You will find other valuable comparisons for companies across industries at Peer Comparisons. Furthermore, the Covid-19 crisis and recent market volatility have created many pricing discontinuities that can offer attractive trading opportunities. For example, you’ll be surprised at how counter-intuitive the stock valuation is for Teradata vs. Crane. Despite higher inflation and the Fed raising interest rates, Electronic Arts stock has risen 2% this year. But can it drop from here? See how low Electronic Arts stock can go by comparing its decline in previous market crashes. Here is a performance summary of all stocks in previous market crashes. What if you’re looking for a more balanced portfolio instead? Our high-quality portfolio and multi-strategy portfolio have beaten the market consistently since the end of 2016. Invest with Trefis Market Beating Portfolios See all Trefis Price Estimates",
  "url": "https://www.forbes.com/sites/greatspeculations/2023/05/05/earnings-beat-in-the-cards-for-electronic-arts-q4/",
  "source": "gdelt_forbes.com",
  "published_at": "2023-05-05T13:15:00+00:00",
  "collected_at": "2025-10-20T10:53:35.749355+00:00",
  "sp500_relevant": true,
  "collection_method": "gdelt_api",
  "language": "English",
  "content_fetched": true
}