{
  "article_id": "00080d3de2cdac38541ee9eba035ebdd",
  "headline": "Dow Jones Futures : Fed Rate Hike Outlook Hits Market Rally ; Elon Musk Sells More Tesla Stock",
  "body": "",
  "url": "https://www.investors.com/market-trend/stock-market-today/dow-jones-futures-fed-rate-hike-outlook-hits-market-rally-elon-musk-sells-more-tesla-stock/",
  "source": "gdelt_investors.com",
  "published_at": "2022-12-15T04:15:00+00:00",
  "collected_at": "2025-10-20T06:55:39.768391+00:00",
  "sp500_relevant": true,
  "collection_method": "gdelt_api",
  "language": "English",
  "content_fetched": false
}