{
  "article_id": "000bb191d0d5a2bfad193a68f9c1b1cd",
  "headline": "Stock Market Mixed ; Tesla Rallies On Earnings , But Ford Tops Buy",
  "body": "The stock market was narrowly mixed Thursday morning, slowing its advance after several days of solid gains. But the IBD 50 outperformed, with several leading stocks extending gains. The S&P 500 lost less than 0.1% as the stock market Thursday tries to extend its new uptrend. Gains are moderating after the index made gains of 0.3% to 1.7% the past…",
  "url": "https://www.investors.com/market-trend/stock-market-today/stock-market-mixed-tesla-rallies-on-earnings-but-this-other-automaker-tops-buy-point/",
  "source": "gdelt_investors.com",
  "published_at": "2021-10-21T15:15:00+00:00",
  "collected_at": "2025-10-19T18:05:26.565594+00:00",
  "sp500_relevant": true,
  "collection_method": "gdelt_api",
  "language": "English",
  "content_fetched": true
}