{
  "article_id": "0018dfb4a80d6c4e13b1f54f5ae8bd8e",
  "headline": "Chứng khoán Mỹ tăng bùng nổ , dầu Brent phục hồi vượt ngưỡng 100 USD / thùng",
  "body": "",
  "url": "https://vneconomy.vn/chung-khoan-my-tang-bung-no-dau-brent-phuc-hoi-vuot-nguong-100-usd-thung.htm",
  "source": "gdelt_vneconomy.vn",
  "published_at": "2022-07-16T05:30:00+00:00",
  "collected_at": "2025-10-20T02:11:00.769190+00:00",
  "sp500_relevant": true,
  "collection_method": "gdelt_api",
  "language": "Vietnamese",
  "content_fetched": false
}