{
  "article_id": "001ce13289de85ca6c8afa03e1f00a45",
  "headline": "COIN Stock Jumped 6 % in Pre - market , Coinbase 2021 Q1 Earnings and Revenue Results More than Tripled in Regards to 2020 Q4",
  "body": "Ibukun is a crypto/finance writer interested in passing relevant information, using non-complex words to reach all kinds of audience. Apart from writing, she likes to see movies, cook, and explore restaurants in the city of Lagos, where she resides. Ibukun Ogundare on X",
  "url": "https://www.coinspeaker.com/coin-coinbase-2021-q1-earnings/",
  "source": "gdelt_coinspeaker.com",
  "published_at": "2021-05-14T14:15:00+00:00",
  "collected_at": "2025-10-19T11:59:28.688300+00:00",
  "sp500_relevant": true,
  "collection_method": "gdelt_api",
  "language": "English",
  "content_fetched": true
}