{
  "article_id": "0020679daef87b57ebd7552ce4fcbf43",
  "headline": "sensex : Market Watch : Is the earnings season giving sectoral hints to investors ? ",
  "body": "",
  "url": "https://economictimes.indiatimes.com/markets/stocks/etmarkets-podcast/market-watch-is-the-earnings-season-giving-sectoral-hints-to-investors/podcast/78812064.cms",
  "source": "gdelt_economictimes.indiatimes.com",
  "published_at": "2020-10-22T15:30:00+00:00",
  "collected_at": "2025-10-19T08:01:19.145666+00:00",
  "sp500_relevant": true,
  "collection_method": "gdelt_api",
  "language": "English",
  "content_fetched": false
}