{
  "article_id": "0024f77f45a5f7e147dbcbf73a41a97a",
  "headline": "11 Industrials Stocks Moving In Monday Pre - Market Session - iSun ( NASDAQ : ISUN ), Earlyworks Co ( NASDAQ : ELWS ), ESGL Holdings ( NASDAQ : ESGL ), AERWINS Technologies ( NASDAQ : AWIN ) ",
  "body": "This article was generated by Benzinga's automated content engine and reviewed by an editor. © 2025 Benzinga.com. Benzinga does not provide investment advice. All rights reserved.",
  "url": "https://www.benzinga.com/trading-ideas/movers/23/09/34689250/11-industrials-stocks-moving-in-mondays-pre-market-session",
  "source": "gdelt_benzinga.com",
  "published_at": "2023-09-18T14:30:00+00:00",
  "collected_at": "2025-10-20T13:47:05.114507+00:00",
  "sp500_relevant": true,
  "collection_method": "gdelt_api",
  "language": "English",
  "content_fetched": true
}