{
  "article_id": "0025cbc0af101d2f04f82fb4ab8ff2cf",
  "headline": "Sau động thái của Fed , chứng khoán Việt Nam mở cửa trong sắc đỏ | Chứng khoán",
  "body": "",
  "url": "https://www.vietnamplus.vn/sau-dong-thai-cua-fed-chung-khoan-viet-nam-mo-cua-trong-sac-do/770525.vnp",
  "source": "gdelt_vietnamplus.vn",
  "published_at": "2022-01-27T07:30:00+00:00",
  "collected_at": "2025-10-19T20:11:45.134420+00:00",
  "sp500_relevant": true,
  "collection_method": "gdelt_api",
  "language": "Vietnamese",
  "content_fetched": false
}