{
  "article_id": "00277e2d86b258b67e86ae4428b51ed2",
  "headline": "Dow Jones Futures Fall After Facebook - Led Market Rally ; Apple Earnings Top , Amazon Tumbles",
  "body": "The Dow Jones declined modestly Friday morning, while the S&P 500 and Nasdaq fell solidly on the final trading day of April. Apple (AAPL) and Amazon stock led key earnings late Thursday. Chevron (CVX) and Exxon Mobil (XOM) reported before Friday's open. The stock market rally attempt gained steam Thursday as Facebook parent Meta Platforms (FB) surged and a number of…",
  "url": "https://www.investors.com/market-trend/stock-market-today/dow-jones-futures-market-rallies-powerfully-on-facebook-apple-earnings-amazon-fall/",
  "source": "gdelt_investors.com",
  "published_at": "2022-04-28T22:00:00+00:00",
  "collected_at": "2025-10-19T22:31:09.483358+00:00",
  "sp500_relevant": true,
  "collection_method": "gdelt_api",
  "language": "English",
  "content_fetched": true
}