{
  "article_id": "002c5048248c3fcf989cf1560baff716",
  "headline": "Workday Stock : Workday Earnings Beat . Updated Fiscal 2025 Outlook Light . ",
  "body": "",
  "url": "https://www.investors.com:443/news/technology/workday-stock-workday-earnings-news-q32024/",
  "source": "gdelt_investors.com",
  "published_at": "2024-11-26T23:15:00+00:00",
  "collected_at": "2025-10-21T05:19:07.422824+00:00",
  "sp500_relevant": true,
  "collection_method": "gdelt_api",
  "language": "English",
  "content_fetched": false
}