{
  "article_id": "002f3cb9826cc92f481acf0c537ca82f",
  "headline": "Sri Lanka largest business group opposes decision to close stock market",
  "body": "",
  "url": "https://www.business-standard.com/article/international/sri-lanka-s-largest-business-group-opposes-decision-to-close-stock-market-122041800033_1.html",
  "source": "gdelt_business-standard.com",
  "published_at": "2022-04-18T04:30:00+00:00",
  "collected_at": "2025-10-19T22:07:43.877314+00:00",
  "sp500_relevant": true,
  "collection_method": "gdelt_api",
  "language": "English",
  "content_fetched": false
}