{
  "article_id": "0035860efa3b8d5e6ce0407e78c5a1b8",
  "headline": "La Bourse de Paris termine en hausse , soulagée après un indice dinflation américain - 15 / 01 / 2025 à 18 : 27",
  "body": "",
  "url": "https://www.boursorama.com/bourse/actualites/la-bourse-de-paris-termine-en-hausse-soulagee-apres-un-indice-d-inflation-americain-dade9b8dce556d63ede82155c6b06ac6",
  "source": "gdelt_boursorama.com",
  "published_at": "2025-01-15T18:00:00+00:00",
  "collected_at": "2025-10-21T06:12:59.014435+00:00",
  "sp500_relevant": true,
  "collection_method": "gdelt_api",
  "language": "French",
  "content_fetched": false
}