{
  "article_id": "0038e286cd1688eabbab5b586d5b1865",
  "headline": "Chevron Stock Scores Breakout : Is It A Buy Right Now ? Here What Earnings , Charts Show",
  "body": "Chevron (CVX) is a leader among a broad array of energy stocks. The Dow Jones component had a strong final quarter of 2022 and has been consolidating ever since. Recently, crude oil prices have been trading back around $80 a share. At this time, the commodity remains well off recent lows which has only served to benefit Chevron's upstream business.…",
  "url": "https://www.investors.com/research/chevron-stock-buy-now-breakout/",
  "source": "gdelt_investors.com",
  "published_at": "2022-05-23T23:30:00+00:00",
  "collected_at": "2025-10-19T23:37:40.996979+00:00",
  "sp500_relevant": true,
  "collection_method": "gdelt_api",
  "language": "English",
  "content_fetched": true
}