{
  "article_id": "003971fc2b33aa05a498918297dcec3b",
  "headline": "Evoluţii financiar - bancare şi bursiere : Bursa de pe Wall Street a deschis şedinţa de joi în scădere puternică",
  "body": "Autor: Anca-Adriana Huza Publicat: 24-02-202224-02-2022 Actualizat: 24-02-202224-02-2022 Sursă foto: The Street Bursa de pe Wall Street a deschis şedinţa de joi în scădere puternică, după ce Rusia a lansat o operaţiune militară în estul Ucrainei, transmite Reuters. Indicele Dow Jones Industrial Average s-a depreciat cu 0,91%, ajungând la valoarea de 32.830,33 puncte, în scădere cu 301,43 puncte faţă de valoarea înregistrată la închiderea şedinţei precedente. Indicele Standard and Poor's 500 s-a depreciat cu 1,65%, ajungând la valoarea de 4.155,77 puncte, în scădere cu 69,73 puncte faţă de valoarea înregistrată la închiderea şedinţei precedente. Indicele Nasdaq s-a depreciat cu 3,45%, ajungând la valoarea de 12.587,88 puncte, în scădere cu 449,61 puncte faţă de valoarea înregistrată la închiderea şedinţei precedente, potrivit Agerpres.ro. Londra - Bursa de la Londra a deschis şedinţa de joi în scădere cu 3,05%, indicele principal FTSE-100 a ajuns la valoarea de 7.269,39 puncte, în scădere cu 228,79 puncte comparativ cu valoarea înregistrată la închiderea şedinţei precedente, transmite Reuters. Frankfurt - Bursa de la Frankfurt a deschis şedinţa de joi în scădere cu 4,03%, indicele principal DAX 40 a ajuns la valoarea de 14.042,25 puncte, în scădere cu 589,11 puncte comparativ cu valoarea înregistrată la închiderea şedinţei precedente, transmite Reuters. Paris - Bursa de la Paris a deschis şedinţa de joi în scădere cu 4,11%, indicele principal CAC 40 a ajuns la valoarea de 6.501,93 puncte, în scădere cu 278,74 puncte comparativ cu valoarea înregistrată la închiderea şedinţei precedente, transmite Reuters. Budapesta - Cursul oficial al Băncii Centrale a Ungariei valabil pentru ziua de vineri este de 325,05 forinţi pentru un dolar, în creştere faţă de un curs de 313,97 forinţi, joi, transmite MTI. Moneda euro este cotată la 364,45 forinţi, în creştere faţă de un curs de 356,55 forinţi, joi, iar un leu românesc este cotat la 73,63 forinţi, în creştere faţă de un curs de 72,09 forinţi, joi. Tokyo - Bursa japoneză a închis şedinţa de joi în scădere cu 1,81%, după ce Rusia a lansat o operaţiune militară în estul Ucrainei, transmite Kyodo. Indicele principal Nikkei-225 a ajuns la valoarea de 25.970,82 puncte, în scădere cu 478,79 puncte comparativ cu valoarea înregistrată la închiderea şedinţei precedente. Este pentru prima dată din noiembrie 2020 că indicele Nikkei-225 a scăzut sub nivelul de 26.000 puncte. Seul - Bursa sud-coreeană a încheiat şedinţa de joi în scădere cu 2,60%, indicele principal Kospi a ajuns la valoarea de 3.029,57 puncte, în scădere cu 70,73 puncte comparativ cu valoarea înregistrată la închiderea şedinţei precedente, transmite Yonhap. Shanghai - Bursa din Shanghai a închis şedinţa de joi în scădere cu 1,70%, indicele Shanghai Composite a ajuns la valoarea de 3.429,96 puncte, în scădere cu 59,19 puncte faţă de valoarea înregistrată la închiderea şedinţei precedente, transmite Xinhua. Hong Kong - Bursa din Hong Kong a încheiat şedinţa de joi în scădere cu 3,21%, indicele Hang Seng a ajuns la valoarea de 22.901,56 puncte, în scădere cu 758,72 puncte comparativ cu valoarea înregistrată la închiderea şedinţei precedente, transmite Reuters. Singapore - Bursa din Singapore a încheiat şedinţa de joi în scădere cu 3,45%, indicele Straits Times a ajuns la valoarea de 3.276,06 puncte, în scădere cu 116,94 puncte faţă de valoarea înregistrată la închiderea şedinţei precedente, transmite Xinhua.",
  "url": "https://www.stiripesurse.ro/evolutii-financiar-bancare-si-bursiere-bursa-de-pe-wall-street-a-deschis-sedinta-de-joi-in-scadere-puternica_2259260.html",
  "source": "gdelt_stiripesurse.ro",
  "published_at": "2022-02-24T20:30:00+00:00",
  "collected_at": "2025-10-19T21:02:44.684980+00:00",
  "sp500_relevant": true,
  "collection_method": "gdelt_api",
  "language": "Romanian",
  "content_fetched": true
}