{
  "article_id": "00481c1a3dd130be43468cf6fcf427b1",
  "headline": "GOOGL Stock : Google Earnings , Revenue Top Estimates Amid Cost - Cutting",
  "body": "",
  "url": "https://www.investors.com/news/technology/googl-stock-google-earnings-news-q12023/",
  "source": "gdelt_investors.com",
  "published_at": "2023-04-25T21:30:00+00:00",
  "collected_at": "2025-10-20T10:41:05.572735+00:00",
  "sp500_relevant": true,
  "collection_method": "gdelt_api",
  "language": "English",
  "content_fetched": false
}