{
  "article_id": "004cb7ccf8c87d9dd2a4a4dd5a0cf94c",
  "headline": "China top stock market regulator urges tighter IPO scrutiny , cautions against hot money risks",
  "body": "Sign up here. Reporting by Samuel Shen and Emily Chow Our Standards: The Thomson Reuters Trust Principles., opens new tab",
  "url": "https://www.reuters.com/article/china-market-ipo/chinas-top-stock-market-regulator-urges-tighter-ipo-scrutiny-cautions-against-hot-money-risks-idUSL1N2LI04G",
  "source": "gdelt_reuters.com",
  "published_at": "2021-03-20T09:30:00+00:00",
  "collected_at": "2025-10-19T10:52:04.739214+00:00",
  "sp500_relevant": true,
  "collection_method": "gdelt_api",
  "language": "English",
  "content_fetched": true
}