{
  "article_id": "005456d7726bbb579c1570df4dabaa77",
  "headline": "Dow Jones tăng hơn 400 điểm , S & P 500 lập kỷ lục sau báo cáo việc làm lạc quan",
  "body": "Dow Jones tăng hơn 400 điểm, S&P 500 lập kỷ lục sau báo cáo việc làm lạc quan Chứng khoán Mỹ leo lên kỷ lục mới trong ngày 05/04 khi nhà đầu tư mừng rỡ trước đà hồi phục mạnh của thị trường lao động giữa lúc quá trình tiêm chủng vắc-xin Covid-19 được đẩy nhanh. Tính tới lúc 22h45 ngày thứ Hai (05/04 – giờ Việt Nam), chỉ số Dow Jones tăng 408 điểm (tương đương 1.23%), còn S&P 500 tăng 1.46%. Cả hai chỉ số này đều lập kỷ lục mới. Chỉ số Nasdaq Composite cũng khởi sắc với mức tăng 1.46%. Ngày 03/04, Bộ Lao động Mỹ cho biết số lượng việc làm phi nông nghiệp tăng 916,000 việc làm trong tháng 3/2021, mức tăng mạnh nhất kể từ tháng 8/2020, trong khi tỷ lệ thất nghiệp giảm xuống 6%. Trước đó, các chuyên gia kinh tế dự báo tăng 675,000 việc làm. “Điều này phản ánh việc gỡ bỏ các hạn chế di chuyển, đẩy mạnh tiêm chủng vắc-xin và cú huých từ các gói kích thích tài khóa”, Anu Gaggar, Chuyên viên phân tích đầu tư toàn cầu cấp cao tại Commonwealth Financial Network, cho hay. “Tốc độ tăng trưởng việc làm và tiền lương nhanh hơn có thể gây áp lực lạm phát và kiểm tra sự kiên nhẫn của Fed”. Cổ phiếu Tesla tăng hơn 5% sau khi hãng xe điện này ghi nhận sản lượng xe điện và số xe được giao vượt kỳ vọng. Những cổ phiếu hưởng lợi từ việc tái mở cửa kinh tế như hãng hàng không và vận hành du thuyền có thành quả vượt trội so với thị trường. Cổ phiếu American Airlines và United vọt hơn 4%, trong khi Carnival và Norwegian Cruise Line tăng tương ứng 5.9% và 7.8%. Ngoài ra, thị trường chứng khoán Mỹ còn nối dài đà tăng gần đây sau khi Tổng thống Joe Biden tung ra đề xuất đầu tư cơ sở hạ tầng hơn 2,000 tỷ USD, trong đó tập trung vào xây cầu đường và sân bay, mở rộng khả năng tiếp cận băng thông và thúc đẩy việc sử dụng xe điện. Kế hoạch này sẽ được tài trợ một phần bởi kế hoạch nâng thuế doanh nghiệp lên 28%. https://www.cnbc.com/2021/04/04/stock-market-futures-open-to-close-news.html",
  "url": "https://vietstock.vn/2021/04/dow-jones-tang-hon-400-diem-sp-500-lap-ky-luc-sau-bao-cao-viec-lam-lac-quan-773-842770.htm",
  "source": "gdelt_vietstock.vn",
  "published_at": "2021-04-05T19:00:00+00:00",
  "collected_at": "2025-10-19T11:02:26.872064+00:00",
  "sp500_relevant": true,
  "collection_method": "gdelt_api",
  "language": "Vietnamese",
  "content_fetched": true
}