{
  "article_id": "00580d4babf2065bb717f1b0094757bd",
  "headline": "12 Consumer Discretionary Stocks Moving In Wednesday After - Market Session - Kaixin Auto Hldgs ( NASDAQ : KXIN ), Lovesac ( NASDAQ : LOVE ), Barnes & Noble Education ( NYSE : BNED ), Ambow Education Holding ( AMEX : AMBO ), U Power ( NASDAQ : UCAR )...",
  "body": "This article was generated by Benzinga's automated content engine and reviewed by an editor. © 2025 Benzinga.com. Benzinga does not provide investment advice. All rights reserved.",
  "url": "https://www.benzinga.com/trading-ideas/movers/23/08/33884342/12-consumer-discretionary-stocks-moving-in-wednesdays-after-market-session",
  "source": "gdelt_benzinga.com",
  "published_at": "2023-08-16T23:15:00+00:00",
  "collected_at": "2025-10-20T12:42:18.668262+00:00",
  "sp500_relevant": true,
  "collection_method": "gdelt_api",
  "language": "English",
  "content_fetched": true
}