{
  "article_id": "005d23c48a98dd945ba7eb522ea43853",
  "headline": "La Bourse de Paris coincée entre Fed et BCE - 04 / 05 / 2023 à 10 : 14",
  "body": "",
  "url": "https://www.boursorama.com/bourse/actualites/la-bourse-de-paris-coincee-entre-fed-et-bce-9d5bfaf353bbce050482cec2e5d37ea5",
  "source": "gdelt_boursorama.com",
  "published_at": "2023-05-04T09:00:00+00:00",
  "collected_at": "2025-10-20T10:51:55.998182+00:00",
  "sp500_relevant": true,
  "collection_method": "gdelt_api",
  "language": "French",
  "content_fetched": false
}