{
  "article_id": "0066d4fc64a5933241af04904c281822",
  "headline": "Stock Market Jumps To Cap Solid Week ; Zscaler , DocuSign Earnings Boost Techs ; 3 Bullish Energy Charts To Watch",
  "body": "Major stock market indexes ended three-week losing streaks in fine fashion Friday. Bullish earnings reports from Zscaler (ZS) and DocuSign (DOCU) fueled positive sentiment in the technology sector. Zscaler gapped up sharply, helped by strong billings guidance, but the stock is still 50% off its high. Palo Alto Networks (PANW) and Qualys (QLYS) were other notable movers in the group.…",
  "url": "https://www.investors.com/market-trend/the-big-picture/stock-market-jumps-caps-solid-week-zscaler-zs-docusign-docu-earnings-boost-techs/",
  "source": "gdelt_investors.com",
  "published_at": "2022-09-09T23:30:00+00:00",
  "collected_at": "2025-10-20T04:17:44.363613+00:00",
  "sp500_relevant": true,
  "collection_method": "gdelt_api",
  "language": "English",
  "content_fetched": true
}