{
  "article_id": "006c8d13de230a8f57871ff3904ce998",
  "headline": "미 증시 FOMC 금리 동결 기대에 상승 … 월별로는 3개월 내리 하락",
  "body": "",
  "url": "https://www.ichannela.com/news/main/news_detailPage.do?publishId=000000375046",
  "source": "gdelt_ichannela.com",
  "published_at": "2023-11-01T00:30:00+00:00",
  "collected_at": "2025-10-20T17:42:31.818544+00:00",
  "sp500_relevant": true,
  "collection_method": "gdelt_api",
  "language": "Korean",
  "content_fetched": false
}