{
  "article_id": "006ea26a26d4aedcb4b6d2ad97d6f984",
  "headline": "How Big Tech camouflaged Wall Street crisis - News",
  "body": "",
  "url": "https://www.khaleejtimes.com/business/tech/how-big-tech-camouflaged-wall-streets-crisis",
  "source": "gdelt_khaleejtimes.com",
  "published_at": "2023-04-01T15:45:00+00:00",
  "collected_at": "2025-10-20T09:42:34.543976+00:00",
  "sp500_relevant": true,
  "collection_method": "gdelt_api",
  "language": "English",
  "content_fetched": false
}