{
  "article_id": "00703adc448d1e45b9bc22faef3e7b3a",
  "headline": "Dow Jones Futures : Stock Market Rally Whipsaws Higher ; GM , Disney , Facebook Lead 11 Stocks To Watch",
  "body": "Dow Jones futures and S&P 500 futures rose Friday morning, while Nasdaq futures turned lower as the 10-year Treasury yield rebounded. The stock market rally had a wild session Thursday with the major indexes undercutting more support levels before rebounding to close higher. The Federal Reserve said big financial firms such as JPMorgan Chase (JPM) and Bank of America (BAC)…",
  "url": "https://www.investors.com/market-trend/stock-market-today/dow-jones-futures-stock-market-rally-whipsaws-watch-gm-disney-facebook-stock/",
  "source": "gdelt_investors.com",
  "published_at": "2021-03-25T21:00:00+00:00",
  "collected_at": "2025-10-19T10:55:09.347076+00:00",
  "sp500_relevant": true,
  "collection_method": "gdelt_api",
  "language": "English",
  "content_fetched": true
}