{
  "article_id": "007db43774d9e7b648a1fb829e75822f",
  "headline": "The S & P 500 Could Avoid a Bear Market If Apple Stock Holds Up",
  "body": "",
  "url": "https://www.marketwatch.com/articles/s-p-500-bear-market-apple-51652120401",
  "source": "gdelt_marketwatch.com",
  "published_at": "2022-05-09T19:30:00+00:00",
  "collected_at": "2025-10-19T23:03:57.749529+00:00",
  "sp500_relevant": true,
  "collection_method": "gdelt_api",
  "language": "English",
  "content_fetched": false
}