{
  "article_id": "007f7e7faebb20f60eeefda364f37f39",
  "headline": "Dow Jones Futures : Market Rally Gets Its Shakeout , Tesla Stock Doubles From Bear Low",
  "body": "",
  "url": "https://www.investors.com/market-trend/stock-market-today/dow-jones-futures-market-rally-gets-its-shakeout-tesla-stock-doubles-from-bear-low/",
  "source": "gdelt_investors.com",
  "published_at": "2023-02-09T22:45:00+00:00",
  "collected_at": "2025-10-20T08:34:40.231285+00:00",
  "sp500_relevant": true,
  "collection_method": "gdelt_api",
  "language": "English",
  "content_fetched": false
}