{
  "article_id": "00817853259ee260f742d1d0e44f6bac",
  "headline": "12 Industrials Stocks Moving In Wednesday Intraday Session - Dragonfly Energy Hldgs ( NASDAQ : DFLI ), OceanPal ( NASDAQ : OP ), Archer Aviation ( NYSE : ACHR ), Bridger Aerospace Gr ( NASDAQ : BAER ), Gol Intelligent Airlines ( NYSE : GOL ), Sarcos ...",
  "body": "This article was generated by Benzinga's automated content engine and reviewed by an editor. © 2025 Benzinga.com. Benzinga does not provide investment advice. All rights reserved.",
  "url": "https://www.benzinga.com/trading-ideas/movers/23/06/32860844/12-industrials-stocks-moving-in-wednesdays-intraday-session",
  "source": "gdelt_benzinga.com",
  "published_at": "2023-06-14T18:30:00+00:00",
  "collected_at": "2025-10-20T11:26:58.092504+00:00",
  "sp500_relevant": true,
  "collection_method": "gdelt_api",
  "language": "English",
  "content_fetched": true
}