{
  "article_id": "0085a4026943f55c7ba085288c1b5fcf",
  "headline": "La pioggia di vendite a Wall Street ha piegato ma non spezzato Piazza Affari",
  "body": "Piazza Affari ha registrato una nuova seduta negativa. Ma per come si era messa la giornata nella prima ora di contrattazioni, questa può essere annoverata come una seduta positiva. Vediamo cos’è accaduto oggi e perché la pioggia di vendite a Wall Street ha piegato ma non spezzato Piazza Affari. Se dovessimo trovare un’espressione per la seduta di oggi, potremmo scrivere che la Borsa di Milano si piega ma non si spezza nonostante Wall Street. Perché è la Borsa americana che oggi ha influenzato negativamente tutti i mercati mondiali. Ieri i tre indici americani hanno chiuso in forte ribasso, in particolare il Nasdaq. I titoli tecnologici hanno subito forti ribassi, soprattutto il titolo Tesla, che negli ultimi mesi aveva fatto da lepre. La pioggia di vendite a Wall Street ha piegato ma non spezzato Piazza Affari, che ha retto bene all’urto reagendo dopo uno sbandamento iniziale. L’indice Ftse Mib (INDEX:FTSEMIB), ha aperto in forte calo rispetto alla chiusura di ieri. I prezzi sono partiti rimbalzando sul supporto a 22.800 punti, la cui valenza è stata già messa in evidenza in alcuni precedenti articoli. A fine mattinata l’indice era nuovamente a ridosso dei 23.000 punti. Tuttavia, le prime notizie da Wall Street su di una possibile apertura in ribasso, hanno riportato un po’ di vendite. Ma l’avvio in timido rimbalzo della Borsa USA, ha ridato fiato agli acquisti. Alla fine l’indice Ftse Mib ha chiuso in calo dello 0,9% a 22.848 punti. In linea con la Borsa tedesca, ma facendo meglio della Borsa di Parigi, di Madrid e di Londra, che è crollata del 2,6%. L’unica blue chip cha ha guadagnato più dell’1% è stata Ferrari. Ma il titolo viene da un crollo di ben 30 euro dopo i massimi storici fatti registrare a fine 2020. A quota 160 euro l’azione ha trovato un supporto su cui i prezzi oggi sono rimbalzati. Approfondimento Questa l’analisi multidays e il punto sui mercati internazionali dell’Ufficio Studi di ProiezionidiBorsa.",
  "url": "https://www.proiezionidiborsa.it/la-pioggia-di-vendite-a-wall-street-ha-piegato-ma-non-spezzato-piazza-affari/",
  "source": "gdelt_proiezionidiborsa.it",
  "published_at": "2021-02-27T01:15:00+00:00",
  "collected_at": "2025-10-19T10:39:48.507497+00:00",
  "sp500_relevant": true,
  "collection_method": "gdelt_api",
  "language": "Italian",
  "content_fetched": true
}