{
  "article_id": "0085b2c8750dcfd8fd8a59fdc31dd416",
  "headline": "Dow Jones Rallies ; Elon Musk Does This , Twitter Jumps ; WWE Stock Body Slams Bears",
  "body": "The Dow Jones Industrial Average surged as stocks rallied Thursday. Twitter (TWTR) popped after Tesla (TSLA) CEO Elon Musk took another step toward buying the firm. World Wrestling Entertainment (WWE) pinned down a bullish move. Boeing (BA) was also a highflier. Meanwhile, a number of stocks moved past buy points amid the upward swing. Energy plays Western Midstream Partners (WES)…",
  "url": "https://www.investors.com/market-trend/stock-market-today/dow-jones-gains-as-market-rallies-elon-musk-move-boosts-twitter-wwe-stock-charges/",
  "source": "gdelt_investors.com",
  "published_at": "2022-05-28T00:00:00+00:00",
  "collected_at": "2025-10-19T23:53:43.675755+00:00",
  "sp500_relevant": true,
  "collection_method": "gdelt_api",
  "language": "English",
  "content_fetched": true
}