{
  "article_id": "0089526ae1c5ac8e47a037819af153b3",
  "headline": "High taxes or weak growth - Ajay Bagga and Shankar Sharma weigh in on what holding back the Indian stock market ? ",
  "body": "Two of India’s most outspoken market veterans — Ajay Bagga and Shankar Sharma — locked horns on X over what’s really weighing on Dalal Street: high taxes or sluggish growth. Bagga fired the first shot, blaming India’s heavy-handed taxation for choking sentiment. “We will soon complete 13 months of the Nifty being below its all-time high… The golden goose is being butchered in the quest to extract the maximum from the 5-6 crore investors/traders/affluent,” he wrote in a post on X (formerly Twitter). He pointed to South Korea as a contrast, where proposed capital gains taxes were shelved, boosting sentiment and fuelling record highs. Bagga argued that Indian investors are being drained by multiple levies — from STT, capital gains and dividends, to buyback taxes, stamp duty, SEBI fees and more. “Even if investors don’t make money, they have to pay all these fixed charges,” he said, adding that lower taxes, not higher ones, would ultimately lift government revenues. But Shankar Sharma was quick to counter. In his view, Bagga is barking up the wrong tree. “Relocating to anywhere in the world does not get you rid of stock market taxes in India. You pay exactly what a resident Indian pays,” he replied to the X post. For Sharma, the problem isn’t taxation — it’s growth. “The market is not negative because of taxes. It is negative because of poor growth. Whatever growth we are getting has been a function of high government Capex. In reasonable part, the money for that is coming from the stock market taxes,” he argued. Cutting those taxes, Sharma warned, could backfire: “If you reduce the stock market taxes, you will not have enough capital to spend on capital expenditure, which in turn will reduce growth, which in turn will reduce stock market performance.” Sharma also took aim at what he called the “stockmarketification” of India’s fisc. “We are now heavily reliant on a very volatile & short-term source of capital and are using that to fund long-dated capex. If a company were to do this, we would be shorting it,” Sharma said, reminding that India has grown 8–10% in the past without leaning so heavily on stock market levies. The exchange has sparked debate among investors: is India taxing its way into a sentiment crisis, as Bagga suggests, or is the drag more fundamental, as Sharma insists? Disclaimer: The views and recommendations made above are those of individual analysts or broking companies, and not of Mint. We advise investors to check with certified experts before making any investment decisions. Catch all the Business News , Market News , Breaking News Events and Latest News Updates on Live Mint. Download The Mint News App to get Daily Market Updates. Log in to our website to save your bookmarks. It'll just take a moment.",
  "url": "https://www.livemint.com/market/stock-market-news/high-taxes-or-weak-growth-ajay-bagga-and-shankar-sharma-weigh-in-on-what-s-holding-back-the-indian-stock-market-11758005380034.html",
  "source": "gdelt_livemint.com",
  "published_at": "2025-09-16T07:45:00+00:00",
  "collected_at": "2025-10-21T11:37:29.658987+00:00",
  "sp500_relevant": true,
  "collection_method": "gdelt_api",
  "language": "English",
  "content_fetched": true
}