{
  "article_id": "008963f9138fd597df0d04bdfa98526a",
  "headline": "Market Rally Resilient , But This Battle Continues ; What To Do Now",
  "body": "",
  "url": "https://www.investors.com/market-trend/stock-market-today/market-rally-resilient-but-this-battle-continues-what-to-do/",
  "source": "gdelt_investors.com",
  "published_at": "2022-12-03T01:45:00+00:00",
  "collected_at": "2025-10-20T06:38:58.000985+00:00",
  "sp500_relevant": true,
  "collection_method": "gdelt_api",
  "language": "English",
  "content_fetched": false
}