{
  "article_id": "00943a54042182110c232d4738e49e90",
  "headline": "Sensex crashes over 900 points , Nifty 50 falls below 24 , 750 ; why is the Indian stock market falling today ? ",
  "body": "Snapping their two-day winning run, Indian stock market benchmarks, the Sensex and the Nifty 50, ended with significant losses on Tuesday, May 27. The Sensex opened at 82,038.20 against its previous close of 82,176.45 and crashed 1,055 points, or 1.3 per cent, to an intraday low of 81,121.70. The Nifty 50 opened at 24,956.65 against its previous close of 25,001.15 and dropped 1.2 per cent to an intraday low of 24,704.10. Eventually, paring losses, the Sensex closed 625 points, or 0.76 per cent, down at 81,551.63, while the Nifty 50 settled 175 points, or 0.70 per cent, lower at 24,826.20. The mid and small-cap segments, however, outperformed, ending with mild gains. The BSE Midcap and Smallcap indices ended 0.18 per cent and 0.19 per cent higher, respectively. The overall market capitalisation of BSE-listed firms dropped to nearly ₹444 lakh crore from nearly ₹445 lakh crore in the previous session. Here are five key reasons that could be behind the fall in the Indian stock market today: Weak global cues appear to have prompted investors to book profits. Major markets in Asia, including Japan's Nikkei and Korea's Kospi declined amid concerns that US President Donald Trump's tax-cut bill will widen the fiscal deficit of the US. Tracking weak global cues, investors are booking profits after recent gains. As many as 40 stocks ended in the red in the Nifty 50 index. Foreign capital inflow appears to be losing steam. In May, FPIs sold Indian equities intermittently amid a lack of fresh positive triggers. On May 26, FPIs' buying of Indian equities stood at a meagre ₹135.98 crore. Declining foreign capital inflow is weighing on the Indian stock market. The current price-to-earnings (PE) of the Nifty 50 at 22.6 is above its one-year average PE of 22.15. The domestic market does not have a valuation comfort when earnings have not seen any notable upgrades. Experts expect the market to consolidate in the near term. \"In the near term, the market is likely to consolidate around the current levels. Since mutual funds are sitting on sizeable cash, any dip will be bought into, and high valuations will trigger selling on rallies. A sustained rally will happen only when leading indicators suggest a revival in earnings growth. That is some time away,\" said VK Vijayakumar, Chief Investment Strategist, Geojit Investments. Global uncertainty keeps investors cautious, triggering a sell-on-rise to protect their wealth. Experts highlight that looming geopolitical risks and rich valuations may keep the market on a bouncy track in the short term. \"The recent market rally suggests that markets are expecting an improvement in earnings growth in FY26/27, backed by an improving macro. When seen against the backdrop of elevated valuations, I don’t think markets are fully pricing in the risks of a messy, protracted negotiations of tariff and trade-related issues with the US and structural issues like low wage growth,\" Krishnan V R, Chief of Quantitative Research at Marcellus, told Mint. While the medium- to long-term prospects of the Indian stock market remain positive, driven by a healthy macroeconomic outlook, a forecast of an above-normal monsoon, and a strong influx of retail investors, the domestic market is struggling to sustain gains due to a lack of fresh, immediate positive triggers. The market's focus is now on the upcoming Q4 GDP prints on May 30 and the RBI's monetary policy decision on June 6. Read all market-related news here Read more stories by Nishant Kumar Disclaimer: This story is for educational purposes only. The views and recommendations above are those of individual analysts or broking companies, not Mint. We advise investors to check with certified experts before making any investment decisions, as market conditions can change rapidly, and circumstances may vary. Catch all the Business News , Market News , Breaking News Events and Latest News Updates on Live Mint. Download The Mint News App to get Daily Market Updates. Log in to our website to save your bookmarks. It'll just take a moment.",
  "url": "https://www.livemint.com/market/stock-market-news/sensex-crashes-nearly-900-points-nifty-50-falls-below-24-800-why-is-the-indian-stock-market-falling-today-11748319236439.html",
  "source": "gdelt_livemint.com",
  "published_at": "2025-05-27T06:15:00+00:00",
  "collected_at": "2025-10-21T08:57:47.083111+00:00",
  "sp500_relevant": true,
  "collection_method": "gdelt_api",
  "language": "English",
  "content_fetched": true
}