{
  "article_id": "00952b1de579c01c517b9e9d17c37fdd",
  "headline": "Saham Perusahaan Raksasa Teknologi Lesu , Wall Street Merosot",
  "body": "Liputan6.com, New York - Bursa saham Amerika Serikat (AS) atau wall street merosot pada perdagangan saham, Selasa, 18 Mei 2021 seiring saham teknologi berbalik arah melemah. Sementara itu, data perumahan turun pada April 2021 sehingga menambah sentimen di wall street. Pada penutupan perdagangan wall street, indeks saham Dow Jones melemah 267,13 poin atau 0,8 persen ke posisi 34.060,66. Indeks saham S&P 500 susut 0,9 persen menjadi 4.127,83. Indeks saham Nasdaq tergelincir 0,6 persen ke posisi 13.303,64. Saham Apple, Amazon dan Facebook dan Alphabet susut lebih dari satu persen dalam satu hari. Advertisement Data perumahan anjlok 9,5 persen menjadi 1,569 juta unit pada April 2021. Ekonom memperkirakan tingkat data perumahan menjadi 1,7 juta pada April 2021. Investor juga mencerna laporan kinerja keuangan dari perusahaan ritel raksasa. Saham Walmart naik lebih dari dua persen. Macy’s melaporkan pertumbuhan laba. Akan tetapi, saham Macy’s turun 0,4 persen. Home Depot melaporkan kinerja laba per saham USD 3,86, angka ini lebih tinggi dari perkiraan analis USD 3,08. Penjualan bersih melonjak 32,7 persen, melebihi yang diharapkan. Namun, saham Home Depot turun satu persen. Sejumlah perusahaan teknologi Desember ini melakukan penjualan saham perdana (IPO) di Wall Street, termasuk jasa antar pesanan restoran DoorDash dan rental kamar Airbnb. Masing-masing terdampak oleh pemberlakuan PSBB, dan pemasukannya bahkan terangka... Saham-saham yang berkaitan dengna pertumbuhan ekonomi tetap di bawah tekanan dalam beberapa sesi terakhir. Hal ini seiring investor khawatir mengenai lonjakan inflasi akan mengakar atau mereda seperti yang diharapkan the Federal Reserve. Inflasi di atas target the Federal Reserve dua persen untuk periode selanjutnya dapat mendorong bank sentral memperketat kebijkan moneter dan mengurangi saham yang mengungguli pasar saat suku bunga rendah. \"Pertumbuhan mungkin mencapai puncaknya, tetapi ini belum menjadi pemecah pasar yang bullish. Data tidak dapat bertahan pada level puncak selamanya, dan penarik dari stimulus fiskal kemungkinan mereda. \"Hal ini dapat mempersulit lingkungan bagi investor, sejarah menunjukkan ketika ekonomi mulai melambat, imbal hasil cenderung melambat,” ujar Ekonom New York Life Investments, Lauren Goodwin, dikutip dari CNBC, Rabu (19/5/2021). Investor menyalahkan kecemasan itu atas kinerja indeks S&P 500 yang suram pada pekan lalu sehingga membuat indeks pasar turun empat persen di tengah kekhawatiran inflasi yang meningkat. Indeks saham acuan pun akhirnya menguat, dan mengakhir pekan lalu turun 1,4 persen. Tiga indeks saham acuan utama mencatat minggu terburuk sejak 26 Februari 2021. Di sisi lain, risalah the Federal Reserve akan dapat memberikan petunjuk mengenai pemikiran pembuat kebijakan mengenai inflasi. Di tempat lain, musim laporan laba kuartal pertama ditutup dengan lebih dari 90 perusahaan S&P 500 telah melaporkan hasil kinerja. Sejauh ini, 86 persen perusahaan S&P 500 telah melaporkan earning per share (EPS) yang positif yang akan menandai persentase hasil laba positif yang tertinggi sejak 2008. Advertisement Advertisement",
  "url": "https://www.liputan6.com/saham/read/4560871/saham-perusahaan-raksasa-teknologi-lesu-wall-street-merosot",
  "source": "gdelt_liputan6.com",
  "published_at": "2021-05-19T00:00:00+00:00",
  "collected_at": "2025-10-19T12:01:47.727630+00:00",
  "sp500_relevant": true,
  "collection_method": "gdelt_api",
  "language": "Indonesian",
  "content_fetched": true
}