{
  "article_id": "00966e65c2f3640410c75b394de3e68b",
  "headline": "Evoluţii financiar - bancare şi bursiere : Bursa de pe Wall Street este închisă luni datorită unei sărbători publice",
  "body": "Autor: Anca-Adriana Huza Publicat: 30-05-202230-05-2022 Actualizat: 30-05-202230-05-2022 Sursă foto: france24.com Bursa de pe Wall Street este închisă luni datorită unei sărbători publice, transmite Reuters. Londra - Bursa de la Londra a deschis şedinţa de luni în creştere cu 0,42%, indicele principal FTSE-100 a ajuns la valoarea de 7.616,95 puncte, în creştere cu 31,49 puncte comparativ cu valoarea înregistrată la închiderea şedinţei precedente, transmite Reuters. Frankfurt - Bursa de la Frankfurt a deschis şedinţa de luni în creştere cu 0,82%, indicele principal DAX 40 a ajuns la valoarea de 14.580,28 puncte, în creştere cu 118,09 puncte comparativ cu valoarea înregistrată la închiderea şedinţei precedente, transmite Reuters. Paris - Bursa de la Paris a deschis şedinţa de luni în creştere cu 0,94%, indicele principal CAC 40 a ajuns la valoarea de 6.576,79 puncte, în creştere cu 61,04 puncte comparativ cu valoarea înregistrată la închiderea şedinţei precedente, transmite Reuters. Budapesta - Cursul oficial al Băncii Centrale a Ungariei valabil pentru ziua de marţi este de 365,12 forinţi pentru un dolar, în scădere faţă de un curs de 366,10 forinţi, luni, transmite MTI. Moneda euro este cotată la 393,01 forinţi, în creştere faţă de un curs de 392,82 forinţi, luni, iar un leu românesc este cotat la 79,48 forinţi, în creştere faţă de un curs de 79,47 forinţi, luni, potrivit Agerpres.ro. Tokyo - Bursa japoneză a închis şedinţa de luni în creştere cu 2,19%, după ce datele publicate în SUA au arătat o încetinire a inflaţiei în aprilie, transmite Kyodo. Indicele principal Nikkei-225 a ajuns la valoarea de 27.369,43 puncte, în creştere cu 587,75 puncte comparativ cu valoarea înregistrată la închiderea şedinţei precedente. Seul - Bursa sud-coreeană a încheiat şedinţa de luni în creştere cu 1,20%, indicele principal Kospi a ajuns la valoarea de 2.669,66 puncte, în creştere cu 31,61 puncte comparativ cu valoarea înregistrată la închiderea şedinţei precedente, transmite Yonhap. Shanghai - Bursa din Shanghai a închis şedinţa de luni în creştere cu 0,60%, indicele Shanghai Composite a ajuns la valoarea de 3.149,06 puncte, în creştere cu 18,82 puncte faţă de valoarea înregistrată la închiderea şedinţei precedente, transmite Xinhua. Hong Kong - Bursa din Hong Kong a încheiat şedinţa de luni în creştere cu 2,06%, indicele Hang Seng a ajuns la valoarea de 21.123,93 puncte, în creştere cu 426,57 puncte comparativ cu valoarea înregistrată la închiderea şedinţei precedente, transmite Reuters. Singapore - Bursa din Singapore a încheiat şedinţa de luni în creştere cu 0,26%, indicele Straits Times a ajuns la valoarea de 3.238,92 puncte, în creştere cu 8,37 puncte faţă de valoarea înregistrată la închiderea şedinţei precedente, transmite Xinhua.",
  "url": "https://www.stiripesurse.ro/evolutii-financiar-bancare-si-bursiere-bursa-de-pe-wall-street-este-inchisa-luni-datorita-unei-sarbatori-publice_2407605.html",
  "source": "gdelt_stiripesurse.ro",
  "published_at": "2022-05-30T17:30:00+00:00",
  "collected_at": "2025-10-19T23:56:01.756964+00:00",
  "sp500_relevant": true,
  "collection_method": "gdelt_api",
  "language": "Romanian",
  "content_fetched": true
}