{
  "article_id": "00a391570451fda414dcd9ae0617e2fe",
  "headline": "12 Industrials Stocks Moving In Thursday After - Market Session - Bitcoin Depot ( NASDAQ : BTM ), Electriq Power Holdings ( NYSE : ELIQ ) ",
  "body": "This article was generated by Benzinga's automated content engine and reviewed by an editor. © 2025 Benzinga.com. Benzinga does not provide investment advice. All rights reserved.",
  "url": "https://www.benzinga.com/trading-ideas/movers/23/12/36418668/12-industrials-stocks-moving-in-thursdays-after-market-session",
  "source": "gdelt_benzinga.com",
  "published_at": "2023-12-28T22:45:00+00:00",
  "collected_at": "2025-10-20T21:55:35.812897+00:00",
  "sp500_relevant": true,
  "collection_method": "gdelt_api",
  "language": "English",
  "content_fetched": true
}