{
  "article_id": "00a57f7632bbbeb015e58ef3fc5dc213",
  "headline": "After sebi now rbi flags froth in mid smallcaps says stocks riding intense bull market स्टॉक मार्केट के  बबल  पर बहस , सेबी के बाद अब RBI बुलेटिन ने बढ़ाई टेंशन",
  "body": "भारतीय प्रतिभूति और विनिमय बोर्ड (सेबी) के बाद अब केंद्रीय रिजर्व बैंक ने शेयर बाजार में स्मॉल और मिडकैप स्टॉक के 'बबल' पर चिंता जाहिर की है। रिजर्व बैंक ने अपने मंथली बुलेटिन में कहा कि समय-समय पर करेक्शन के बावजूद स्टॉक मार्केट बुल पैटर्न पर चल रहा है। लार्ज कैप तेजी से बढ़ रहे हैं लेकिन मिड और स्मॉल-कैप में और ज्यादा तेजी है। बता दें कि सेबी चेयरपर्सन माधबी पुरी बुच ने भी कुछ दिनों पहले मिड और स्मॉल कैप के 'बबल' पर चिंता जाहिर की थी। इसके बाद शेयर बाजार में बड़ी गिरावट देखी गई। केंद्रीय रिजर्व बैंक ने कहा कि भारतीय इक्विटी में एफपीआई की हिस्सेदारी दशक के निचले स्तर 16.3 प्रतिशत पर आ गई है, जो म्यूचुअल फंड सहित घरेलू संस्थानों द्वारा बढ़ी हुई खरीदारी का संकेत है। रिजर्व बैंक के मुताबिक रुपया सबसे कम अस्थिर मुद्राओं में से एक है और इसमें लगातार तेजी आ रही है। इसमें कहा गया है कि अक्टूबर-दिसंबर 2023 की अवधि के दौरान प्रत्यक्ष विदेशी निवेश में साल-दर-साल 11.4 प्रतिशत की बढ़ोतरी से भारतीय रुपया मजबूत हुआ है। केंद्रीय बैंक ने कहा कि वैश्विक बॉन्ड सूचकांकों में भारतीय सॉवरेन बॉन्ड को शामिल करने से ऑफशोर रुपया-मूल्य वाले बॉन्ड की मजबूत मांग बढ़ रही है। बता दें कि आरबीआई बुलेटिन में घरेलू और वैश्विक अर्थव्यवस्थाओं पर विचार होते हैं। हालांकि, यह रिजर्व बैंक के आधिकारिक विचार नहीं होते हैं। हाल ही में सेबी की चेयरपर्सन माधबी पुरी बुच ने बताया कि बाजार नियामक को एसएमई कैटेगरी के शेयर कीमतों में हेराफेरी के संकेत मिले हैं। उनके मुताबिक यह हेराफेरी आईपीओ के अलावा सामान्य रूप से शेयरों की खरीद-बिक्री, दोनों में है। सेबी चेयरपर्सन बुच ने कहा- हम मामले को देख रहे हैं। अगर गलत मिला, तो एडवाइजरी जारी की जा सकती है। बाजार के 'बबल' पर सेबी ने स्मॉलकैप और मिडकैप निवेशकों के हितों की रक्षा के लिए एक प्रणाली बनाने के संकेत दिए थे। बीते 27 फरवरी को म्यूचुअल फंड उद्योग निकाय एसोसिएशन फॉर म्यूचुअल फंड्स (एएमएफआई) ने सेबी से प्राप्त ईमेल के आधार पर सर्कुलर जारी किया है। एएमएफआईके मुताबिक सेबी ने सलाह दी है कि स्मॉल और मिडकैप शेयरों में उछाल को देखते हुए म्यूचुअल फंडों को इन योजनाओं में निवेशकों की सुरक्षा के लिए एक नीति बनानी चाहिए।",
  "url": "https://www.livehindustan.com/business/after-sebi-now-rbi-flags-froth-in-mid-smallcaps-says-stocks-riding-intense-bull-market-201710932880017.html",
  "source": "gdelt_livehindustan.com",
  "published_at": "2024-03-20T11:45:00+00:00",
  "collected_at": "2025-10-20T23:40:25.675370+00:00",
  "sp500_relevant": true,
  "collection_method": "gdelt_api",
  "language": "Hindi",
  "content_fetched": true
}