{
  "article_id": "00af4548ef31983c451fe78cbfdfa32b",
  "headline": "Stock market holidays in March 2024 : No trading on BSE , NSE on these days",
  "body": "The Bombay Stock Exchange (BSE) and National Stock Exchange (NSE) will remain closed on three days in March (in addition to weekends). Trading holidays fall on public holidays, and on such days, no trading takes places on the equity sector, equity derivative segment, and SLB segment. The public holiday list, which is issued by both BSE and NSE, applies to capital markets, and futures and options segments as well. March 8 (Friday): Mahashivratri March 25 (Monday): Holi March 29: Good Friday On January 22, there was no trading in view of the Ram Temple consecration ceremony; this holiday was not on the original list, and was added days before the event. On January 26, markets were closed on account of Republic Day. In February, meanwhile, there was no trading holiday for the stock markets. With the addition of the January 22 holiday, the total number of such days for the year now stands at 15. In April, markets will not open on 11 (Id-Ul-Fitr) and 17 (Ram Navami); May 1 (Maharashtra Day), June 7 (Bakrid), Muharram (July 17), August 15 (Independence Day), October 2 (Gandhi Jayanti), November 1 (Diwali), November 25 (Guru Nanak Jayanti) and December 25 (Christmas).",
  "url": "https://www.hindustantimes.com/business/stock-market-holidays-in-march-2024-no-trading-on-bse-nse-on-these-days-101708924472048.html",
  "source": "gdelt_hindustantimes.com",
  "published_at": "2024-02-29T04:45:00+00:00",
  "collected_at": "2025-10-20T23:13:14.162367+00:00",
  "sp500_relevant": true,
  "collection_method": "gdelt_api",
  "language": "English",
  "content_fetched": true
}