{
  "article_id": "00bb16e5505fc8bb34061a144402d63f",
  "headline": "Ruba la borsa di una fedele durante la messa :  incastrato dalle telecamere",
  "body": "I carabinieri di Macerata Montelupone (Macerata), 11 novembre 2024 - Ruba la borsa di una donna durante la messa. Ma viene incastrato dalle telecamere di videosorveglianza. Nei giorni scorsi un uomo è entrato nei locali della sagrestia dell’Abbazia di San Firmano di Montelupone e, mentre era in corso la funzione religiosa, ha rubato la borsa di una donna, contenente una piccola somma in denaro e vari effetti personali. I carabinieri della stazione locale, dopo la denuncia della vittima, hanno avviato un’attività di indagine, analizzando anche le riprese del sistema di videosorveglianza, riuscendo ad identificare il responsabile. L’indagato, un 52enne residente a Macerata, già noto alle forze di Polizia, in quanto autore di reati simili, è stato denunciato all’autorità giudiziaria di Macerata per furto aggravato. © Riproduzione riservata",
  "url": "https://www.ilrestodelcarlino.it/macerata/cronaca/ruba-borsa-messa-denunciato-4cd99635",
  "source": "gdelt_ilrestodelcarlino.it",
  "published_at": "2024-12-20T14:45:00+00:00",
  "collected_at": "2025-10-21T05:46:46.022328+00:00",
  "sp500_relevant": true,
  "collection_method": "gdelt_api",
  "language": "Italian",
  "content_fetched": true
}