{
  "article_id": "00bbe0c7e0e6a851f5c634404c6cd8b4",
  "headline": "PayPal : The Turnaround Continues ( NASDAQ : PYPL ) ",
  "body": "Justin Sullivan/Getty Images News Justin Sullivan/Getty Images News My previous bullish thesis about PayPal (NASDAQ:PYPL) aged decently with an 8% rally over the last three months, although the stock notably lagged behind the broader market's dynamics. I believe such a dynamic occurred This article was written by Analystâs Disclosure:I/we have a beneficial long position in the shares of PYPL either through stock ownership, options, or other derivatives. I wrote this article myself, and it expresses my own opinions. I am not receiving compensation for it (other than from Seeking Alpha). I have no business relationship with any company whose stock is mentioned in this article. Seeking Alpha's Disclosure: Past performance is no guarantee of future results. No recommendation or advice is being given as to whether any investment is suitable for a particular investor. Any views or opinions expressed above may not reflect those of Seeking Alpha as a whole. Seeking Alpha is not a licensed securities dealer, broker or US investment adviser or investment bank. Our analysts are third party authors that include both professional investors and individual investors who may not be licensed or certified by any institute or regulatory body.",
  "url": "https://seekingalpha.com/article/4674121-paypal-stock-turnaround-continues-maintain-buy",
  "source": "gdelt_seekingalpha.com",
  "published_at": "2024-02-28T07:00:00+00:00",
  "collected_at": "2025-10-20T23:12:20.913623+00:00",
  "sp500_relevant": true,
  "collection_method": "gdelt_api",
  "language": "English",
  "content_fetched": true
}