{
  "article_id": "00bfcd3a423a05c25e221614a453b2eb",
  "headline": "Apple among most overbought stocks on Wall Street . Here are the others",
  "body": "",
  "url": "https://www.cnbc.com/2024/12/14/apple-among-most-overbought-stocks-on-wall-street-here-are-the-others.html",
  "source": "gdelt_cnbc.com",
  "published_at": "2024-12-14T13:30:00+00:00",
  "collected_at": "2025-10-21T05:38:00.721815+00:00",
  "sp500_relevant": true,
  "collection_method": "gdelt_api",
  "language": "English",
  "content_fetched": false
}