{
  "article_id": "00c0de3ac9dbf58020a4590b848934e8",
  "headline": "12 Communication Services Stocks Moving In Friday After - Market Session - Giftify ( NASDAQ : GIFT ), Cheer Holding ( NASDAQ : CHR ) ",
  "body": "This article was generated by Benzinga's automated content engine and reviewed by an editor. © 2025 Benzinga.com. Benzinga does not provide investment advice. All rights reserved.",
  "url": "https://www.benzinga.com/insights/movers/25/07/46505443/12-communication-services-stocks-moving-in-fridays-after-market-session",
  "source": "gdelt_benzinga.com",
  "published_at": "2025-07-18T22:15:00+00:00",
  "collected_at": "2025-10-21T09:31:39.312693+00:00",
  "sp500_relevant": true,
  "collection_method": "gdelt_api",
  "language": "English",
  "content_fetched": true
}