{
  "article_id": "00c3034bf88b9fb73dc0de0e4474ccb7",
  "headline": "Indian Stock Market Vs Hong Kong ; Listed Shares Value And Market Cap | भारत जगातील चौथ्या क्रमांकाचा शेअर बाजार : हाँगकाँगला मागे टाकले , अमेरिका जगातील सर्वात मोठा बाजार",
  "body": "भारतीय शेअर बाजार आता जगातील चौथ्या क्रमांकाचा शेअर बाजार बनला आहे. हाँगकाँग शेअर बाजाराला मागे टाकत भारताने हे स्थान मिळवले आहे. ब्लूमबर्गने गोळा केलेल्या आकडेवारीनुसार, हाँगकाँग स्टॉक मार्केटमध्ये सूचीबद्ध शेअर्सचे एकूण मूल्य $ 4.29 ट्रिलियन आहे, तर भारतीय शेअर बाजारात सूचीबद्ध केलेल्या शेअर्सचे एकूण मार्केट कॅप $ 4.33 ट्रिलियनपर्यंत पोहोचले आहे. त्याच वेळी, अमेरिका सध्या $50.86 ट्रिलियनच्या मार्केट कॅपसह जगातील सर्वात मोठी बाजारपेठ आहे. यानंतर चीन 8.44 ट्रिलियन डॉलर्सच्या मार्केट कॅपसह दुसऱ्या स्थानावर आहे आणि जपान 6.36 ट्रिलियन डॉलर्ससह तिसऱ्या स्थानावर आहे. हाँगकाँगचा हँग सेंग सलग चौथ्या वर्षी घसरला हाँगकाँगच्या हँग सेंगच्या मार्केट कॅपमध्ये सलग चौथ्या वर्षी घसरण झाली आहे. त्याच वेळी, चीनच्या शांघाय स्टॉक एक्सचेंजमध्ये सलग दुसऱ्या वर्षी घसरण पाहायला मिळाली. बीजिंगच्या कठोर कोविड-19 निर्बंधांमुळे आणि भौगोलिक-राजकीय तणावासह इतर कारणांमुळे चीनची बाजारपेठ घसरली आहे. तर दुसरीकडे भारतीय शेअर बाजार सातत्याने नवनवीन उच्चांक गाठत आहे. निवडणुकीपूर्वीची मजबूत भावना, स्थूल आर्थिक परिस्थिती सुधारणे आणि व्याजदर कपातीची अपेक्षा यामुळे भारतीय इक्विटी मार्केट वेगाने वाढत आहे. हे सलग 8 वे वर्ष असून भारतीय बाजारात तेजी पाहायला मिळत आहे. भारतीय शेअर बाजाराने 29 नोव्हेंबर रोजी 4 ट्रिलियन डॉलर्सचा पल्ला गाठला सततच्या वाढीमुळे, भारतीय शेअर बाजाराचे मार्केट कॅप 29 नोव्हेंबर 2023 रोजी प्रथमच 4 ट्रिलियन डॉलर्स म्हणजेच सुमारे 333 ट्रिलियन रुपयांच्या पुढे गेले होते. 2023 मध्ये सेन्सेक्स 18.8% आणि निफ्टी 20% ने वाढले 2023 मध्ये सेन्सेक्स 18.8% आणि निफ्टी 20% ने वाढला आहे. तर, बीएसई मिडकॅपने 45.5% आणि स्मॉलकॅपने 47.5% ची उडी दिली आहे. भारतीय शेअर बाजार मे 2021 मध्ये 3 ट्रिलियन डॉलर्सवर पोहोचला आज शेअर बाजारात फ्लॅट ट्रेडिंग आज शेअर बाजारात फ्लॅट ट्रेडिंग होताना दिसत आहे. सकाळी 11 वाजता सेन्सेक्स 130 अंकांच्या घसरणीसह 71,289 वर व्यवहार करत आहे. त्याचवेळी निफ्टीही 41 अंकांनी घसरला आहे. तो 21,530 च्या पातळीवर व्यवहार करत आहे. सेन्सेक्समधील 30 समभागांपैकी 16 समभागांमध्ये वाढ तर 14 समभागांमध्ये घट दिसून येत आहे.",
  "url": "https://divyamarathi.bhaskar.com/business/news/indian-stock-market-vs-hong-kong-listed-shares-value-and-market-cap-132485424.html",
  "source": "gdelt_divyamarathi.bhaskar.com",
  "published_at": "2024-01-23T14:45:00+00:00",
  "collected_at": "2025-10-20T22:33:29.253152+00:00",
  "sp500_relevant": true,
  "collection_method": "gdelt_api",
  "language": "Marathi",
  "content_fetched": true
}