{
  "article_id": "00c413a24c5a4e5e6e7162093bbebd7c",
  "headline": "Góc nhìn chuyên gia chứng khoán tuần mới : Điểm tên những nhóm cổ phiếu hưởng lợi khi Fed hạ lãi suất",
  "body": "",
  "url": "https://baomoi.com/goc-nhin-chuyen-gia-chung-khoan-tuan-moi-diem-ten-nhung-nhom-co-phieu-huong-loi-khi-fed-ha-lai-suat-c50184812.epi",
  "source": "gdelt_baomoi.com",
  "published_at": "2024-09-15T08:15:00+00:00",
  "collected_at": "2025-10-21T03:58:45.016057+00:00",
  "sp500_relevant": true,
  "collection_method": "gdelt_api",
  "language": "Vietnamese",
  "content_fetched": false
}