{
  "article_id": "00c65c8962c7efa8e6847ff7ac2c7b67",
  "headline": "અમેરિકન ડોલર સામે રૂપિયાની સ્થિતિ , ક્રૂડ ઓઈલના ભાવોના કારણે શેરબજારમાં ઉછાળે નફારૂપી વેચવાલી નોંધાશે | Indian Stock market may see profit booking next week",
  "body": "કોર્પોરેટ પરિણામોની સીઝન અને રિઝર્વ બેંક ઓફ ઈન્ડિયાએ પણ ફુગાવા મામલે ચિંતા વ્યકત કર્યા સાથે આર્થિક વૃદ્ધિનાં અંદાજને ઘટાડયો છે તેથી આગામી દિવસોમાં કોઈ મહત્વના ઘટનાક્રમના અભાવે વૈશ્વિક બનાવો ઉપરાંત અમેરિકન ડોલર સામે રૂપિયાની સ્થિતિ, ક્રૂડ ઓઈલના ભાવોના નફારૂપી વેચવાલીમાં દરેક રોકાણકારોએ ફન્ડામેન્ટલ સ્ટોકમાં તબક્કાવાર રોકાણનો અભિગમ અપનાવવો જોઈએ. કોઈ પણ પ્રકારના ગભરાટ વગર ડિવિડન્ડ પેડ કંપની અને દેવા મુક્ત કંપનીઓમાં રોકાણ કરવું. ડે ટ્રેડર્સ અને ડેરિવેટિવ્ઝ ટ્રેડર્સ હોય તો તેઓએ સ્ટોપલોસ ધ્યાને લઈ વોલ્યુમ બેઈઝ કોન્ટ્રેક્ટ વધારે થતા હોય તેવી મોમેન્ટમ ટ્રેડિંગ કંપનીઓ માં ટ્રેડ કરવાનો આગ્રહ રાખવો જોઈએ. સ્થાનિક બજારમાં મોંઘવારી અને ફુગાવો બે પરિબળો અતિ ગંભીર રીતે અસર કરે છે પેટ્રોલ, ગેસ CNG, PNG, વગેરેમાં ભાવો દિવસેને દિવસે વધી રહ્યાં છે અને સામાન્ય પ્રજા ત્રાહિમામ પોકારી ઉઠયા છે ત્યારે બજારમાથી નાણાં પાછાં ખેંચવા રોકાણકારો મજબૂર થઈ રહ્યા છે ત્યારે LIC જેવા IPOમાંથી પણ લોકો ઉછાળે વેચી નાણાં છુટા કરવા પ્રયત્ન કરશે. અને વિદેશી રોકાણકારો તો હાલમાં વેચવાલી તરફી અભિગમ અપનાવી રહ્યાં છે. એટલે બજારમાં દરેક ઉછાળે વેચવાલી જોવા મળી શકે છે. રોકાણકારો માટે રોકાણલક્ષી સ્ટોક સ્થાનિક પરિબળોની વાત કેન્દ્ર સરકાર, આરબીઆઇ અને દેશની પ્રજાની ચિંતામાં વધારા સાથે એપ્રિલમાં ફુગાવાનો દર છેલ્લા આઠ વર્ષના ઉચ્ચ સ્તરે નિરાશાજનક રહ્યાં હતા, સતત વધી રહેલા ફુગાવાને પગલે આગામી મહિનામાં રિઝર્વ બેંક ઓફ ઇન્ડિયા ફરી એક વખત વ્યાજ દરોમાં વધારો કરશે તેવી શક્યતા જોવાઈ રહી છે, ઉલ્લેખનીય છે કે વધતા જતા ફુગાવા અંગે ચિંતા વ્યક્ત કરતા આરબીઆઇએ ગત સપ્તાહમાં રેપો રેટ 0.40 બેસિસ પોઇન્ટ વધારીને 4.40 બેસિસ પોઇન્ટ કર્યો હતો. રશિયા અને યુક્રેનના યુદ્ધને કારણે સમગ્ર વિશ્વમાં ખાદ્ય વસ્તુઓ અને ઇંધણના ભાવ વધી રહ્યાં છે. નિફ્ટી ફ્યુચર ટેકનિકલ લેવલ બેન્ક નિફ્ટી ફ્યુચર ટેકનિકલ લેવલ વૈશ્વિક પરિબળોની વાત વૈશ્વિક સ્તરે કોવિડના કેસોમાં ઉછાળો વૈશ્વિક અર્થવ્યવસ્થામાં ફરીવાર દહેશતનો માહોલ ઉભો કર્યો છે ઉપરાંત વધતી મોંઘવારી અને તરલતાનું સંકટ હજુ યથાવત છે. સતત વધતો ફુગાવાનો દર જોખમ બની રહ્યો છે. મોંઘવારી દરની સરખામણીએ અસ્થિરતાના લીધે વિશ્વની મધ્યસ્થ બેન્કોને નાણાકીય નીતિને આકરી બનાવવા પ્રેરિત કરી રહી છે ઉપરાંત ક્રુડ ઓઈલના આંતરરાષ્ટ્રીય ભાવમાં અસ્થિરતા અને ફોરેન ફંડોની શેરોમાં વેચવાલીએ અમેરિકી ડોલર સામે રૂપિયો રૂ.77ના તળીયે આવી ગયો છે. ફ્યુચર ટ્રેડર્સ સ્ટોક સ્પેસિફિક ટેકનિકલ લેવલ ડિસ્ક્લેમર: આ માત્ર અભ્યાસલક્ષી ટેક્નિકલ ચાર્ટ મુજબ આર્ટિકલ છે. દિવ્યભાસ્કર કોઈ સ્ટોક ભલામણ કરતું નથી.",
  "url": "https://www.divyabhaskar.co.in/dvb-original/news/indian-stock-market-may-see-profit-booking-next-week-129806734.html",
  "source": "gdelt_divyabhaskar.co.in",
  "published_at": "2022-05-15T21:30:00+00:00",
  "collected_at": "2025-10-19T23:21:47.567062+00:00",
  "sp500_relevant": true,
  "collection_method": "gdelt_api",
  "language": "Gujarati",
  "content_fetched": true
}