{
  "article_id": "00c6f824fef1106d156f62e9a08bf6fb",
  "headline": "Nasdaq Rises After Monday Sell - Off ; Salesforce Leads Dow Jones , Tesla Tests Key Support Level",
  "body": "The Nasdaq composite led the stock market Tuesday morning after a nasty sell-off Monday that saw the Nasdaq and S&P 500 mark distribution days. In the Dow Jones Industrial Average, earnings reports from Caterpillar (CAT), 3M (MMM), Pfizer (PFE) and Merck (MRK) were in focus. Xilinx (XLNX) was a big mover on the Nasdaq after Advanced Micro Devices (AMD) announced…",
  "url": "https://www.investors.com/market-trend/stock-market-today/nasdaq-rises-after-monday-selloff-salesforce-leads-dow-jones/",
  "source": "gdelt_investors.com",
  "published_at": "2020-10-27T16:15:00+00:00",
  "collected_at": "2025-10-19T08:16:02.392370+00:00",
  "sp500_relevant": true,
  "collection_method": "gdelt_api",
  "language": "English",
  "content_fetched": true
}