{
  "article_id": "00c7d5e5ce2d7b70f17fcc538d5f09b5",
  "headline": "Borsa Tokyo +0 , 93 % post annuncio tapering Fed , beme azionario Asia dopo nuovi record Wall Street",
  "body": "Azionario asiatico in rialzo, dopo che, a seguito dell’annuncio del tapering del suo programma di acquisti di bond da parte della Fed, Wall Street ha chiuso la sessione della vigilia a nuovi livelli record: Il Dow Jones Industrial Average è salito di 104,95 punti a 36.157,58 mentre lo S&P 500 è avanzato dello 0,65% a 4.660,57. Il Nasdaq Composite è balzato dell’1,04% a 15.811,58 punti. L’indice Nikkei 225 della borsa di Tokyo ha chiuso la sessione in rialzo dello 0,93% a 29.794 punti circa; la borsa di Shanghai sale dello 0,76%, Hong Kong più debole con +0,13%, Sidney +0,48%, borsa Seoul +0,25%. Al termine della riunione di due giorni il Fomc, il braccio di politica monetaria della banca centrale americana, ha diramato un comunicato, in cui si legge che il tapering dei suoi acquisti di bond inizierà “alla fine di questo mese”, con una riduzione che sarà, su base mensile, di $15 miliardi. In particolare, gli acquisti di Treasuries saranno ridotti ogni mese di $10 miliardi e quelli di titoli garantiti dai mutui di $5 miliardi. “Crediamo di poter essere pazienti e che questo non sia il momento di alzare i tassi di interesse”, ha detto il numero uno della Fed Jerome Powell, durante la conferenza stampa successiva all’annuncio dei tassi, che sono stati lasciati invariati attorno allo zero: Sul fronte dell’inflazione, ha rassicurato il banchiere centrale, “non abbiamo prove di una spirale salari-prezzi” e “l’inflazione è provocata dal strozzature (nella catena dell’offerta) e da una domanda molto forte”. “Monitoreremo attentamente” la situazione, ha continuato il banchiere centrale, ma “non prevediamo un aumento preoccupante dei salari”. Certo, ha ammesso Powell, “l’inflazione è più alta di quanto avessimo anticipato”. La borsa di Wall Street ha un inizio di giornata incerto a causa delle preoccupazioni sui problemi delle banche regionali americane e delle tensioni commerciali tra Stati Uniti e Cina. I recenti commenti del presidente Trump e le difficoltà di Zions Bancorp e Western Alliance Bancorp hanno alimentato i dubbi sul sistema creditizio. I principali indici mostrano un andamento contrastato. Apple e Formula 1 hanno siglato un accordo che porterà la trasmissione di tutte le gare su Apple TV a partire dal 2026. L’abbonamento costerà 12,99 dollari al mese senza pubblicità. Alcune gare e sessioni di prova saranno gratuite. Espn, storico partner, pagava circa 85 milioni di dollari l’anno, mentre Apple ne verserà 140 milioni. Bankitalia prevede un incremento del PIL italiano dello 0,6% nel 2025 e 2026, e dello 0,7% nel 2027, trainato da consumi e investimenti. Tuttavia, le esportazioni sono influenzate dalle politiche commerciali e dalla competitività ridotta. La revisione al ribasso delle stime 2026 è dovuta all’apprezzamento dell’euro e ai dazi statunitensi. American Express ha registrato un aumento dell’11% nei ricavi del terzo trimestre, toccando 18,4 miliardi di dollari e un incremento del 19% nell’utile per azione, ora a 4,14 dollari. La società prevede una crescita del fatturato del 9-10% per il 2025 e un utile per azione tra 15,2 e 15,5 dollari. Il CEO Squeri esprime fiducia nelle prospettive future grazie a strategie di prodotto e modelli di adesione efficaci.",
  "url": "https://www.wallstreetitalia.com/news/borsa-tokyo-093-post-annuncio-tapering-fed-beme-azionario-asia-dopo-nuovi-record-wall-street/",
  "source": "gdelt_wallstreetitalia.com",
  "published_at": "2021-11-04T07:45:00+00:00",
  "collected_at": "2025-10-19T18:22:50.499699+00:00",
  "sp500_relevant": true,
  "collection_method": "gdelt_api",
  "language": "Italian",
  "content_fetched": true
}