{
  "article_id": "00d200888db7b629d5c6f8d1c26d6c7f",
  "headline": "Nasdaq Leads Stock Market As Indexes Improve At Midday ; This Food Stock Plunges 27 % ",
  "body": "",
  "url": "https://www.investors.com/market-trend/stock-market-today/stock-market-steady-as-powell-continues-testimony-tesla-faces-new-probe/",
  "source": "gdelt_investors.com",
  "published_at": "2023-03-08T17:15:00+00:00",
  "collected_at": "2025-10-20T09:13:22.286776+00:00",
  "sp500_relevant": true,
  "collection_method": "gdelt_api",
  "language": "English",
  "content_fetched": false
}