{
  "article_id": "00d39b08c269a48513c9b69522547f39",
  "headline": "Apple Growing Stock Market Heft Poses Dilemma For Fund Managers",
  "body": "",
  "url": "https://menafn.com/1106574311/Apples-Growing-Stock-Market-Heft-Poses-Dilemma-For-Fund-Managers",
  "source": "gdelt_menafn.com",
  "published_at": "2023-07-09T19:45:00+00:00",
  "collected_at": "2025-10-20T11:54:25.292123+00:00",
  "sp500_relevant": true,
  "collection_method": "gdelt_api",
  "language": "English",
  "content_fetched": false
}