{
  "article_id": "00da9af8487d140fbd64969a4f157202",
  "headline": "What recession ? Why stocks are surging despite warnings of doom and gloom",
  "body": "Create an account or log in to save stories. Thanks for liking this story! We have added it to a list of your favorite stories.",
  "url": "https://www.mprnews.org/story/2023/07/01/npr-ai-recession-inflation-interest-rates-economy-wall-street-stocks-rally",
  "source": "gdelt_mprnews.org",
  "published_at": "2023-07-01T20:30:00+00:00",
  "collected_at": "2025-10-20T11:46:41.794839+00:00",
  "sp500_relevant": true,
  "collection_method": "gdelt_api",
  "language": "English",
  "content_fetched": true
}