{
  "article_id": "00e00a0fefeb4dc5bf4b00493e06b23c",
  "headline": "Ropa Brent podrożała do 73 , 06 dol ., a WTI do 69 , 09 dol . ",
  "body": "",
  "url": "https://www.wnp.pl/nafta/ropa-brent-podrozala-do-73-06-dol-a-wti-do-69-09-dol,705887.html",
  "source": "gdelt_wnp.pl",
  "published_at": "2023-05-04T06:45:00+00:00",
  "collected_at": "2025-10-20T10:51:55.998182+00:00",
  "sp500_relevant": true,
  "collection_method": "gdelt_api",
  "language": "Polish",
  "content_fetched": false
}