{
  "article_id": "00e1b536c43c019fb28da1f678275079",
  "headline": "Is Investing $50 , 000 in the Stock Market Today Enough to Grow Your Portfolio to More Than $1 Million by Retirement ? ",
  "body": "Investing a large lump sum can allow you to generate big gains quickly. A solid option for many investors is to simply track the S&P 500 through an exchange-traded fund. A simple buy-and-hold strategy may be boring, but it can be the easiest and safest way to grow your portfolio. 10 stocks we like better than SPDR S&P 500 ETF Trust › You need money to make money in the stock market. While everyone would love to invest in the next hot growth stock and for a $1,000 investment to grow to 100 times that value, it's not a scenario that happens all that often. And investments that have a lot of potential upside often carry significant risk. If you want to earn a sizable return without taking on a lot of risk, then you'll need to save and invest more money. By having a large lump sum to invest, that means you'll be generating larger gains right from the start. Could investing $50,000 into the stock market today be enough to build up a $1 million portfolio by the time you retire? And what should you consider investing in if you have that much money, to ensure you aren't putting it at risk? I'll aim to answer both those questions below. Fund managers and financial professionals who collect investing fees will have an incentive to convince you that investing in the stock market is too difficult. But the reality is that it's incredibly easy to make money in it. The biggest challenge is simply not to get caught up in the hype around meme stocks or risky cryptocurrencies. They sound exciting, but investing in them can lead to significant losses. The tried-and-true way of making money in the market is by tracking the S&P 500, and that can be done by buying an exchange-traded fund (ETF). With the S&P 500, you get exposure to the best stocks in the world. The index includes big-name tech companies such as Microsoft and Apple, and it also gives you exposure to top retailers including Walmart and Costco Wholesale, plus many other solid blue-chip stocks. These are safe companies to invest in, and rather than picking the stocks yourself, you can just invest in the SPDR S&P 500 ETF (NYSEMKT: SPY) or other similar S&P 500 ETFs. On average, the S&P 500 has risen by around 10% per year. If it were to continue at that rate, then after 10 years, an investment in the SPDR S&P 500 ETF will have increased by around 160%. And after 25 years, it will have grown to nearly 11 times its original value. Compounded returns are what make long-term investing an incredibly appealing strategy to deploy. You simply leave your investment alone and watch it grow. There will inevitably be down years and the S&P 500 might average a slower growth rate in the future. It is, after all, trading at record levels. Plus, with the economy facing uncertainty due to tariffs, there is some near-term risk to consider. That's why over the longer term, I think the S&P 500 will average a lower annual growth rate, perhaps somewhere between 8% and 10%. I've built the following table based on that range, to show what a $50,000 investment could be worth in the future, depending on what the average annual return ends up being. Year 8% Growth 9% Growth 10% Growth 5 $73,466 $76,931 $80,526 10 $107,946 $118,368 $129,687 15 $158,608 $182,124 $208,862 20 $233,048 $280,221 $336,375 25 $342,424 $431,154 $541,735 30 $503,133 $663,384 $872,470 35 $739,267 $1,020,698 $1,405,122 Calculations by author. It is possible for a $50,000 investment to grow to $1 million, but it will likely take at least 35 years before that happens, and that is assuming the S&P 500's growth rate is at least 9%. If you'll retire before then and want to get to $1 million quicker, then you can accelerate these gains by periodically adding to your investment over the years. Before you buy stock in SPDR S&P 500 ETF Trust, consider this: The Motley Fool Stock Advisor analyst team just identified what they believe are the 10 best stocks for investors to buy now… and SPDR S&P 500 ETF Trust wasn’t one of them. The 10 stocks that made the cut could produce monster returns in the coming years. Consider when Netflix made this list on December 17, 2004... if you invested $1,000 at the time of our recommendation, you’d have $652,872!* Or when Nvidia made this list on April 15, 2005... if you invested $1,000 at the time of our recommendation, you’d have $1,092,280!* Now, it’s worth noting Stock Advisor’s total average return is 1,062% — a market-crushing outperformance compared to 189% for the S&P 500. Don’t miss out on the latest top 10 list, available when you join Stock Advisor. See the 10 stocks » *Stock Advisor returns as of September 29, 2025 David Jagielski has no position in any of the stocks mentioned. The Motley Fool has positions in and recommends Apple, Costco Wholesale, Microsoft, and Walmart. The Motley Fool recommends the following options: long January 2026 $395 calls on Microsoft and short January 2026 $405 calls on Microsoft. The Motley Fool has a disclosure policy. Is Investing $50,000 in the Stock Market Today Enough to Grow Your Portfolio to More Than $1 Million by Retirement? was originally published by The Motley Fool",
  "url": "https://finance.yahoo.com/news/investing-50-000-stock-market-103000944.html",
  "source": "gdelt_finance.yahoo.com",
  "published_at": "2025-09-30T11:30:00+00:00",
  "collected_at": "2025-10-21T11:54:04.330525+00:00",
  "sp500_relevant": true,
  "collection_method": "gdelt_api",
  "language": "English",
  "content_fetched": true
}