{
  "article_id": "00e91023ef5367567624daf25a67f6b0",
  "headline": "Why Eyenovia ( EYEN ) Stock Is Getting Hammered Today - Eyenovia ( NASDAQ : EYEN ) ",
  "body": "Eyenovia Inc (NASDAQ:EYEN) shares are trading lower by 39% to $0.41 Wednesday morning after the company announced plans to offer and sell shares of its common stock, or pre-funded warrants, in a best efforts offering. The offering’s size and terms are uncertain and dependent on market conditions. The funds raised will be used for commercializing Mydcombi and clobetasol propionate, completing a pediatric myopia clinical study and for general corporate purposes, including potential debt repayment. Dawson James Securities, Inc. is acting as the sole placement agent for the offering. Read Also: Nasdaq, S&P 500 Futures Edge Up As Traders Look Ahead To FOMC Minutes: Strategist Flags 3 Trends That Could Help Stocks Withstand Volatility When deciding to hold on to or sell a stock, investors should consider their time horizon, unrealized gains and total return. Shares of Eyenovia have decreased by 64.01% in the past year. An investor who bought shares of Eyenovia at the beginning of the year would take a loss of $1.25 per share if they sold it today. The stock has fallen 50.35% over the past month, meaning an investor who bought shares on Jul. 1 would see a capital loss of $0.06. Eyenovia shares have an all-time high of $6.58, representing 867.36% upside from current levels. Investors may also consider market dynamics. The Relative Strength Index can be used to indicate whether a stock is overbought or oversold. Eyenovia stock currently has an RSI of 19.09, indicating oversold conditions. For access to advanced charting and analysis tools and stock data, check out Benzinga PRO. Try it for free. According to data from Benzinga Pro, EYEN has a 52-week high of $2.57 and a 52-week low of $0.50. © 2025 Benzinga.com. Benzinga does not provide investment advice. All rights reserved.",
  "url": "https://www.benzinga.com/news/24/08/40487176/why-eyenovia-eyen-stock-is-getting-hammered-today",
  "source": "gdelt_benzinga.com",
  "published_at": "2024-08-21T15:00:00+00:00",
  "collected_at": "2025-10-21T03:26:33.533835+00:00",
  "sp500_relevant": true,
  "collection_method": "gdelt_api",
  "language": "English",
  "content_fetched": true
}