{
  "article_id": "00ea7283b689557f90a6549f79e13b25",
  "headline": "Here What Legendary Investor Charlie Munger Would Change About the Stock Market",
  "body": "Investing legend Charlie Munger hasn't softened his stance on day trading, once again comparing the practice to \"an ideal gambling parlor activity.\" In an appearance at the Daily Journal Annual Meeting hosted by Yahoo Finance, the 98-year-old right-hand man of Warren Buffett said that he wishes fewer investors treated the stock market like a casino. Stream Philadelphia News for free, 24/7, wherever you are with NBC10. Munger says that if he were \"dictator for a day,\" he would break up what he calls the \"marriage\" that is investors who are looking to build long-term wealth and those who are focused on short-term gains putting their money in the same stock market. \"When I was at the Harvard Law School we seldom traded 1 million shares in a day; now we trade billions,\" he told CNBC's Becky Quick. \"We don't need a stock market that liquid.\" In his ideal world, Munger said there would be \"some kind of tax\" on short-term gains that would incentivize investors to hold onto their stocks for longer and reduce liquidity. Munger said that current liquidity levels — meaning the ease with which stocks can be sold for cash — has created \"wretched excess and danger for the country,\" comparing the massive amounts of money moving around every day to \"people getting drunk at a party\" and not thinking about the \"consequences.\" Munger is far from the first to liken day trading and stock picking to gambling. Experts have warned that the ease of use of trading apps make it easier for users to lose large sums of money, fast. Stock picking — the practice of buying individual stocks in the hope that they outperform the market — can be dangerous and risky. Experts warn against trying to time the market and caution that stock picking is very difficult to pull off successfully. Sign up now: Get smarter about your money and career with our weekly newsletter Don't miss: Here's how much Super Bowl prize money has increased since the first one in 1967",
  "url": "https://www.nbcphiladelphia.com/news/business/money-report/heres-what-legendary-investor-charlie-munger-would-change-about-the-stock-market/3149271/",
  "source": "gdelt_nbcphiladelphia.com",
  "published_at": "2022-02-16T23:15:00+00:00",
  "collected_at": "2025-10-19T20:49:37.268951+00:00",
  "sp500_relevant": true,
  "collection_method": "gdelt_api",
  "language": "English",
  "content_fetched": true
}