{
  "article_id": "00ea3d6575cfa0bf5fe81c08af4393b9",
  "headline": "Can GameStop Stock Climb After the Federal Reserve Decision ? ",
  "body": "",
  "url": "https://www.thestreet.com/memestocks/gme/can-gamestop-stock-climb-after-the-federal-reserves-decision",
  "source": "gdelt_thestreet.com",
  "published_at": "2022-05-05T14:00:00+00:00",
  "collected_at": "2025-10-19T22:44:29.872265+00:00",
  "sp500_relevant": true,
  "collection_method": "gdelt_api",
  "language": "English",
  "content_fetched": false
}