{
  "article_id": "00ea34044ee0e36265fc14d2f016ec77",
  "headline": "NASDAQ ticks below the 100 day moving average",
  "body": "The NASDAQ index is now down over 200 points or -1.83%. For the week the index is down by -4.75%. That's the worst week since October 31 when the index fell -5.65%. Technically the price has dipped below the 100 day moving average at 11136.58. The current prices just below that level at 11131.71. For the S&P index, it moved to a low today of 3846.32. That was within seven points of the closing level from December 30, 2022 at 3839.85. The S&P index is currently trading at 3859.28 down -58 points or -1.48%.",
  "url": "https://www.forexlive.com/technical-analysis/nasdaq-ticks-below-the-100-day-moving-average-20230310/",
  "source": "gdelt_forexlive.com",
  "published_at": "2023-03-10T20:45:00+00:00",
  "collected_at": "2025-10-20T09:16:03.241288+00:00",
  "sp500_relevant": true,
  "collection_method": "gdelt_api",
  "language": "English",
  "content_fetched": true
}