{
  "article_id": "00ed624f4eedb177099e3de11a1eff30",
  "headline": "Middle East , House Leadership Cloud Stock Market Outlook With Amazon , Microsoft , Meta And Alphabet To Report",
  "body": "",
  "url": "https://www.investors.com:443/research/investing-action-plan/middle-east-house-leadership-cloud-stock-market-outlook-with-amazon-microsoft-meta-and-alphabet-to-report/",
  "source": "gdelt_investors.com",
  "published_at": "2023-10-21T00:15:00+00:00",
  "collected_at": "2025-10-20T16:16:53.984534+00:00",
  "sp500_relevant": true,
  "collection_method": "gdelt_api",
  "language": "English",
  "content_fetched": false
}