{
  "article_id": "00f324004b8d0c00aba436ffcf870dba",
  "headline": "12 Industrials Stocks Moving In Thursday After - Market Session - Bloom Energy ( NYSE : BE ), Smart Powerr ( NASDAQ : CREG ) ",
  "body": "This article was generated by Benzinga's automated content engine and reviewed by an editor. © 2025 Benzinga.com. Benzinga does not provide investment advice. All rights reserved.",
  "url": "https://www.benzinga.com/insights/movers/24/02/37169209/12-industrials-stocks-moving-in-thursdays-after-market-session",
  "source": "gdelt_benzinga.com",
  "published_at": "2024-02-15T23:00:00+00:00",
  "collected_at": "2025-10-20T23:01:55.995302+00:00",
  "sp500_relevant": true,
  "collection_method": "gdelt_api",
  "language": "English",
  "content_fetched": true
}