{
  "article_id": "00f640bdc002e5891ee2d8e36a9ab4b1",
  "headline": "La Bourse de Paris dans le vert grâce au ralentissement de linflation américaine - 13 / 07 / 2023 à 10 : 31",
  "body": "",
  "url": "https://www.boursorama.com/bourse/actualites/la-bourse-de-paris-dans-le-vert-grace-au-ralentissement-de-l-inflation-americaine-eb78b301defe57bfb3e452009e652476",
  "source": "gdelt_boursorama.com",
  "published_at": "2023-07-13T09:00:00+00:00",
  "collected_at": "2025-10-20T11:58:19.319554+00:00",
  "sp500_relevant": true,
  "collection_method": "gdelt_api",
  "language": "French",
  "content_fetched": false
}