{
  "article_id": "00ff444e11b0f95900d22c5d45ae7951",
  "headline": "Wall Street Reli Terdorong Pernyataan The Fed yang Masih  Dovish  ",
  "body": "Wall Street Reli Terdorong Pernyataan The Fed yang Masih Dovish Editor KOMPAS.com - Indeks bursa Wall Street reli pada Jumat (27/8/2021) waktu setempat. Indeks S&P dan Nasdaq mencatat rekor penutupan tertinggi untuk keempat kalinya dalam minggu ini. Indeks Wall Street tersengat pernyataan Ketua Federal Reserve AS Jerome Powell di Simposium Jackson Hole yang meredakan kekhawatiran pasar atas rencana pengurangan pembelian aset oleh The Fed. Powell belum mengirim sinyal jelas soal rencana tersebut dan ini membuat investor dalam suasana hati untuk membeli saham. Ketiga indeks Wall Street membukukan kenaikan mingguan. Indeks Dow Jones Industrial Average menguat 242,68 poin atau 0,69 persen menjadi 35.455,8. Baca juga: Blibli Siap Susul Bukalapak IPO, Bagaimana Prospek Saham Teknologi? Indeks S&P 500 ditutup naik 39,37 poin atau 0,88 persen ke 4.509,37 dan indeks Nasdaq Composite menguat 183,69 poin atau 1,23 persen ke 15.129,50. \"Saya melihat pasar merangkul pernyataan The Fed yang dovish,\" kata Mike Zigmont, kepala penelitian dan perdagangan di Harvest Volatility Management di New York seperti dikutip Reuters via Kontan.co.id, Sabtu (28/8/2021). Dalam sambutannya Simposium Jackson Hole, Powell tidak memberikan gambaran yang lebih jelas mengenai waktu pengurangan pembelian aset The Fed. Ia juga tidak memberikan pandangan yang jelas soal kapan The Fed menaikkan suku bunga, elemen kunci dari kebijakan moneter dovish yang bertujuan membantu ekonomi pulih dari resesi pandemi. Memang, Powell tampaknya memberikan nada yang lebih dovish daripada pejabat Komite Pasar Terbuka Federal (FOMC) lainnya, termasuk Presiden Fed St. Louis James Bullard dan Presiden Fed Cleveland Loretta Mester, yang mengatakan pada hari sebelumnya bahwa mereka mengharapkan proses pengurangan pembelian aset akan dimulai tahun depan. Baca juga: Simak Rekomendasi dari Para Analis untuk Saham UNVR \"Pasar sangat senang bahwa Fed memompa lebih banyak likuiditas ke dalam perekonomian setiap bulan,\" tambah Zigmont. \"The Fed memungkinkan harga aset naik dan pasar senang dengan itu.\" Data ekonomi Amerika Serikat (AS) yang dirilis pada hari Jumat menunjukkan kemunduran dalam belanja konsumen dan sentimen karena penyebaran varian Delta Covid-19. Sejauh ini tanda-tanda gelombang lonjakan harga tidak akan berubah menjadi inflasi jangka panjang. Berita ini telah tayang di Kontan.co.id dengan judul: Indeks Wall Street reli terdorong pernyataan Ketua The Fed yang masih dovish Copyright 2008 - 2025 PT. Kompas Cyber Media (Kompas Gramedia Digital Group). All Rights Reserved.",
  "url": "https://money.kompas.com/read/2021/08/28/071000626/wall-street-reli-terdorong-pernyataan-the-fed-yang-masih-dovish-",
  "source": "gdelt_money.kompas.com",
  "published_at": "2021-08-28T03:45:00+00:00",
  "collected_at": "2025-10-19T16:50:23.379787+00:00",
  "sp500_relevant": true,
  "collection_method": "gdelt_api",
  "language": "Indonesian",
  "content_fetched": true
}