{
  "article_id": "010a6ddcaf975f309ef611d872bfe86a",
  "headline": "SRU Steels Limited Set To Soar With A Whopping 120 Crore Order From Bangladesh",
  "body": "",
  "url": "https://www.outlookindia.com/business-spotlight/sru-steels-limited-set-to-soar-with-a-whopping-120-crore-order-from-bangladesh-news-304864",
  "source": "gdelt_outlookindia.com",
  "published_at": "2023-07-22T10:15:00+00:00",
  "collected_at": "2025-10-20T12:07:05.449974+00:00",
  "sp500_relevant": true,
  "collection_method": "gdelt_api",
  "language": "English",
  "content_fetched": false
}