{
  "article_id": "010cfddcc47cf0b2092021777736e355",
  "headline": "Dow Jones Futures : Magnificent Seven Stocks Slide ; AI Giant Oracle Dives On Earnings ; CPI Next",
  "body": "",
  "url": "https://www.investors.com/market-trend/stock-market-today/dow-jones-futures-magnificent-seven-stocks-slide-ai-giant-oracle-dives-on-earnings-cpi-next/",
  "source": "gdelt_investors.com",
  "published_at": "2023-12-11T23:45:00+00:00",
  "collected_at": "2025-10-20T21:31:52.527064+00:00",
  "sp500_relevant": true,
  "collection_method": "gdelt_api",
  "language": "English",
  "content_fetched": false
}