{
  "article_id": "010f93dd338bcc1c4818aff349325d10",
  "headline": " [ 특징주 ] 미국 CPI 쇼크에 카카오 3형제 일제히 급락",
  "body": "수정 2022-09-14 09:49 입력 2022-09-14 09:48 카카오톡 페이스북 엑스 URL공유 가장작게 작게 기본 크게 가장크게 미국 소비자물가지수(CPI) 충격에 나스닥지수가 급락하면서 국내 증시 대표 성장주인 카카오 3형제가 급락하고 있다. 14일 오전 9시 46분 기준 카카오는 전 거래일 대비 4.86%(3400원) 내린 6만6600원에 거래되고 있다. 같은 시간 카카오뱅크는 4.48%, 카카오페이는 5.04% 하락 중이다. 이날 발표된 미국 소비자물가지수가 시장 기대치를 뛰어넘으면서 미국 증시가 하락한 영향으로 풀이된다. 13일(현지시간) 뉴욕 증시 나스닥 지수는 5.16% 하락했다. 미국 소비자물가지수(CPI)는 전년 동월 대비 8.3% 올라 시장 전망치(8.0%)를 상회했다. 인플레이션이 예상을 훌쩍 넘기면서 미국 연방준비제도(Fed·연준)가 금리를 1%포인트 인상할 가능성까지 접쳐진다. 시카고상품거래소(CME) 페드워치에 따르면 CPI 발표 후 연준이 9월에 금리를 0.75%포인트 인상할 가능성은 전날 91%에서 66%로 내렸다. 1%포인트 인상할 가능성은 0%에서 34%로 뛰었다. 관련 뉴스 정성욱 기자의 주요 뉴스 자세히보기 주요 뉴스 많이 본 뉴스 최신 영상 증권·금융 최신 뉴스 뉴스발전소 한 컷 마켓 뉴스 오늘의 상승종목 실시간 암호화폐 시세",
  "url": "https://www.etoday.co.kr/news/view/2172289",
  "source": "gdelt_etoday.co.kr",
  "published_at": "2022-09-14T02:45:00+00:00",
  "collected_at": "2025-10-20T04:23:20.561661+00:00",
  "sp500_relevant": true,
  "collection_method": "gdelt_api",
  "language": "Korean",
  "content_fetched": true
}