{
  "article_id": "010fda6cdb1f440cac83115dc5ae2187",
  "headline": "Borsa Tokyo : balzo dellindice Nikkei 225 con effetto Wall Street e aspettando Bank of Japan . Le stime su tassi Giappone e il trend dollaro - yen",
  "body": "",
  "url": "https://www.finanza.com/news/borsa-tokyo-balzo-dellindice-nikkei-225-con-effetto-wall-street-e-aspettando-bank-of-japan-le-stime-su-tassi-giappone-e-il-trend-dollaro-yen",
  "source": "gdelt_finanza.com",
  "published_at": "2024-07-29T08:15:00+00:00",
  "collected_at": "2025-10-21T03:00:11.552941+00:00",
  "sp500_relevant": true,
  "collection_method": "gdelt_api",
  "language": "Italian",
  "content_fetched": false
}