{
  "article_id": "011624f6b25ff69c73cd9890cef6af27",
  "headline": "Wall Street termine mitigée après des doutes sur une baisse rapide des taux - 15 / 12 / 2023 à 22 : 45",
  "body": "",
  "url": "https://www.boursorama.com/bourse/actualites/wall-street-termine-mitigee-apres-des-doutes-sur-une-baisse-rapide-des-taux-d59785e53471622280303381d090d7f8",
  "source": "gdelt_boursorama.com",
  "published_at": "2023-12-15T23:00:00+00:00",
  "collected_at": "2025-10-20T21:39:00.277700+00:00",
  "sp500_relevant": true,
  "collection_method": "gdelt_api",
  "language": "French",
  "content_fetched": false
}