{
  "article_id": "0119bc10621b2e81da5eb89444d21f1d",
  "headline": "Adobe Stock : Q4 Earnings Expectation Drives Major Bull Market Rally ( NASDAQ : ADBE ) ",
  "body": "bennymarty Adobe Inc. (NASDAQ:ADBE) emerges as a significant player, showcasing resilience and innovation in the financial outlook in the ever-evolving world of digital technology. As the company prepares for Q4 2023, it anticipates robust total revenue, aligning with its strong This article was written by Analystâs Disclosure:I/we have no stock, option or similar derivative position in any of the companies mentioned, and no plans to initiate any such positions within the next 72 hours. I wrote this article myself, and it expresses my own opinions. I am not receiving compensation for it (other than from Seeking Alpha). I have no business relationship with any company whose stock is mentioned in this article. Seeking Alpha's Disclosure: Past performance is no guarantee of future results. No recommendation or advice is being given as to whether any investment is suitable for a particular investor. Any views or opinions expressed above may not reflect those of Seeking Alpha as a whole. Seeking Alpha is not a licensed securities dealer, broker or US investment adviser or investment bank. Our analysts are third party authors that include both professional investors and individual investors who may not be licensed or certified by any institute or regulatory body.",
  "url": "https://seekingalpha.com/article/4655018-adobe-q4-earnings-expectation-drives-major-bull-market-rally",
  "source": "gdelt_seekingalpha.com",
  "published_at": "2023-11-30T01:45:00+00:00",
  "collected_at": "2025-10-20T21:06:17.326795+00:00",
  "sp500_relevant": true,
  "collection_method": "gdelt_api",
  "language": "English",
  "content_fetched": true
}