{
  "article_id": "011d11c3daac1f88b4d0a3c2173f29c2",
  "headline": "Dow Jones tăng 300 điểm sau báo cáo lạm phát PCE",
  "body": "Dow Jones tăng 300 điểm sau báo cáo lạm phát PCE Các chỉ số chứng khoán Mỹ đồng loạt tăng điểm trong phiên giao dịch cuối tuần, sau khi dữ liệu lạm phát quan trọng được công bố khớp với dự báo, nhưng không đủ để giúp thị trường tăng trong cả tuần. Kết thúc phiên giao dịch ngày 26/09, chỉ số Dow Jones tăng 299.97 điểm (0.65%) lên 46,247.29 điểm. S&P 500 tiến 0.59% lên 6,643.70 điểm, trong khi Nasdaq Composite tăng 0.44% lên 22,484.07 điểm. Mặc dù đã chấm dứt chuỗi giảm ba phiên liên tiếp, cả ba chỉ số chính đều kết thúc tuần trong sắc đỏ. Nasdaq Composite và S&P 500 lần lượt giảm 0.7% và 0.3%, đánh dấu tuần giảm điểm đầu tiên sau ba tuần tăng liên tiếp. Dow Jones cũng mất 0.2% trong tuần này. Trong báo cáo tháng 8, chỉ số giá tiêu dùng cá nhân (PCE) lõi – đã loại trừ năng lượng và thực phẩm - tăng 2.9% so với cùng kỳ, khớp với dự báo của các nhà kinh tế trong cuộc thăm dò của Dow Jones. Chỉ số PCE tổng thể tăng 2.7% so với cùng kỳ năm trước và tăng 0.3% so với tháng trước, đúng như kỳ vọng của thị trường. Với những số liệu này, các nhà đầu tư vẫn tiếp tục dự đoán Fed sẽ thực hiện thêm hai đợt cắt giảm lãi suất 0.25 điểm phần trăm tại các cuộc họp còn lại trong năm nay, theo công cụ CME FedWatch - phù hợp với dự báo của chính ngân hàng trung ương. \"Sau ba ngày sụt giảm liên tiếp của thị trường rộng, dữ liệu này đủ tốt để thu hút người mua trở lại\", David Russell, Giám đốc toàn cầu về chiến lược thị trường tại TradeStation nhận định. \"Số liệu đơn xin trợ cấp thất nghiệp và điều chỉnh GDP hôm qua đã làm suy yếu kỳ vọng về chính sách tiền tệ nới lỏng, nhưng chỉ số PCE hôm nay giúp xoa dịu một số lo ngại đó. Không có tin xấu chính là tin tốt”. Dữ liệu lạm phát được công bố sau loạt số liệu kinh tế tích cực hôm thứ Năm, bao gồm số đơn xin trợ cấp thất nghiệp thấp hơn dự kiến và GDP quý 2 được điều chỉnh tăng mạnh lên 3.8%. Những con số này đã làm giảm nhẹ tâm lý lạc quan của thị trường vì các nhà đầu tư lo ngại rằng nền kinh tế vẫn đang trong tình trạng tốt có thể khiến Fed ít có lý do hơn để tiếp tục cắt giảm lãi suất. Chỉ số tâm lý người tiêu dùng của Đại học Michigan trong tháng 9 cũng gần như phù hợp với kỳ vọng, chỉ thấp hơn một chút so với dự báo. Đáng chú ý, tâm lý người tiêu dùng đặc biệt ổn định ở nhóm có danh mục đầu tư cổ phiếu lớn. Mặc dù có phiên tăng điểm tích cực vào ngày 26/09, thị trường vẫn bị cản trở bởi sự suy giảm liên tục của cổ phiếu Oracle và các công ty trí tuệ nhân tạo khác. Giới đầu tư đang đặt câu hỏi về sức mạnh thực sự của làn sóng đầu tư vào AI. Đáng chú ý, Oracle đã mất hơn 8% giá trị trong tuần này, góp phần đáng kể vào áp lực giảm điểm của thị trường công nghệ. Vũ Hạo (Theo CNBC) FILI - 07:09 27/09/2025",
  "url": "https://vietstock.vn/2025/09/dow-jones-tang-300-diem-sau-bao-cao-lam-phat-pce-773-1356202.htm",
  "source": "gdelt_vietstock.vn",
  "published_at": "2025-09-27T02:30:00+00:00",
  "collected_at": "2025-10-21T11:52:14.708322+00:00",
  "sp500_relevant": true,
  "collection_method": "gdelt_api",
  "language": "Vietnamese",
  "content_fetched": true
}