{
  "article_id": "012160019454cdfab8cbfe72d589b14c",
  "headline": "A Stock Market Crash Could Be Looming . Should You Claim Social Security Now ? ",
  "body": "",
  "url": "https://www.stltoday.com/business/investment/personal-finance/a-stock-market-crash-could-be-looming-should-you-claim-social-security-now/article_c3383a20-5233-59bc-b58a-7637e9bb18e1.html",
  "source": "gdelt_stltoday.com",
  "published_at": "2021-07-30T11:30:00+00:00",
  "collected_at": "2025-10-19T16:09:25.715419+00:00",
  "sp500_relevant": true,
  "collection_method": "gdelt_api",
  "language": "English",
  "content_fetched": false
}