{
  "article_id": "01246cbaecc762a89061249657053df2",
  "headline": "Gulf stock markets mixed after US signals higher interest rates",
  "body": "",
  "url": "https://www.al-monitor.com/originals/2022/01/gulf-stock-markets-mixed-after-us-signals-higher-interest-rates",
  "source": "gdelt_al-monitor.com",
  "published_at": "2022-01-15T03:00:00+00:00",
  "collected_at": "2025-10-19T19:55:16.615109+00:00",
  "sp500_relevant": true,
  "collection_method": "gdelt_api",
  "language": "English",
  "content_fetched": false
}