{
  "article_id": "01312ba6f393b198b42d0c486687d118",
  "headline": "Bursa de pe Wall Street a fost deschisă cu evoluții mixte",
  "body": "Bursa de pe Wall Street a deschis şedinţa de miercuri cu evoluţii mixte, pe fondul temerilor privind evoluţia pieţei forţei de muncă din SUA, transmite Reuters. Indicele Dow Jones Industrial Average s-a depreciat cu 0,13%, ajungând la valoarea de 31.027,01 puncte, în scădere cu 41,68 puncte faţă de valoarea înregistrată la închiderea şedinţei precedente. Indicele Standard and Poor’s 500 s-a depreciat cu 0,13%, ajungând la valoarea de 3.796,31 puncte, în scădere cu 4,88 puncte faţă de valoarea înregistrată la închiderea şedinţei precedente. Indicele Nasdaq s-a apreciat cu 0,01%, ajungând la valoarea de 13.073,19 puncte, în creştere cu 0,57 puncte faţă de valoarea înregistrată la închiderea şedinţei precedente. Bursa de la Londra a deschis şedinţa de miercuri în creştere cu 0,05%, indicele principal FTSE-100 a ajuns la valoarea de 6.757,56 puncte, în creştere cu 3,45 puncte comparativ cu valoarea înregistrată la închiderea şedinţei precedente, transmite Reuters. Bursa de la Frankfurt a deschis şedinţa de miercuri în scădere cu 0,03%, indicele principal DAX 30 a ajuns la valoarea de 13.920 puncte, în scădere cu 5,06 puncte comparativ cu valoarea înregistrată la închiderea şedinţei precedente, transmite Reuters. Bursa de la Paris a deschis şedinţa de miercuri în creştere cu 0,11%, indicele principal CAC 40 a ajuns la valoarea de 5.656,92 puncte, în creştere cu 5,95 puncte comparativ cu valoarea înregistrată la închiderea şedinţei precedente, transmite Reuters. Cursul oficial al Băncii Centrale a Ungariei valabil pentru ziua de miercuri este de 294,81 forinţi pentru un dolar, în scădere faţă de un curs de 296,50 forinţi, marţi, transmite MTI. Moneda euro este cotată la 359,37 forinţi, în scădere faţă de 360,60 forinţi, marţi, iar un leu românesc este cotat la 73,74 forinţi, în scădere faţă de 74,03 forinţi, marţi. Bursa japoneză a închis şedinţa de miercuri în creştere cu 1,04%, pe fondul avansului acţiunilor producătorilor de chipuri, în contextul pandemiei de coronavirus (COVID-19), transmite Kyodo. Indicele principal Nikkei-225 a ajuns la valoarea de 28.456,59 puncte, în creştere cu 292,25 puncte comparativ cu valoarea înregistrată la închiderea şedinţei precedente. Este cel mai ridicat nivel din ultimii 30 de ani. Bursa sud-coreeană a încheiat şedinţa de miercuri în creştere cu 0,71%, indicele principal Kospi a ajuns la valoarea de 3.148,29 puncte, în creştere cu 22,34 puncte comparativ cu valoarea înregistrată la închiderea şedinţei precedente, transmite Yonhap. Bursa din Hong Kong a încheiat şedinţa de miercuri în scădere cu 0,15%, indicele Hang Seng a ajuns la valoarea de 28.235,60 puncte, în scădere cu 41,15 puncte comparativ cu valoarea înregistrată la închiderea şedinţei precedente, transmite Xinhua. Bursa din Shanghai a închis şedinţa de miercuri în scădere cu 0,27%, indicele Shanghai Composite a ajuns la valoarea de 3.598,65 puncte, în scădere cu 9,69 puncte faţă de valoarea înregistrată la închiderea şedinţei precedente, transmite Xinhua. Bursa din Singapore a încheiat şedinţa de miercuri în creştere uşoară, cu 0,01%, indicele Straits Times a ajuns la valoarea de 2.977,51 puncte, în creştere cu 0,34 puncte faţă de valoarea înregistrată la închiderea şedinţei precedente, transmite Xinhua. ■ Știri economice ■ Știri economice ■ Știri economice ■ Știri de ultimă oră ■ Știri economice ■ Știri economice Pentru comentarii sau drept la replică, ne puteți contacta pe pagina noastră de Facebook",
  "url": "https://www.capital.ro/bursa-de-pe-wall-street-a-fost-deschisa-cu-evolutii-mixte.html",
  "source": "gdelt_capital.ro",
  "published_at": "2021-01-14T00:00:00+00:00",
  "collected_at": "2025-10-19T09:53:19.298278+00:00",
  "sp500_relevant": true,
  "collection_method": "gdelt_api",
  "language": "Romanian",
  "content_fetched": true
}