{
  "article_id": "01390d76a955e130a3f66ae855182b04",
  "headline": "Dow Jones Up , Warren Buffett Stocks Eye Entries ; Elon Musk Makes This AI Boast",
  "body": "",
  "url": "https://www.investors.com/market-trend/stock-market-today/dow-jones-nasdaq-sp500-warren-buffett-elon-musk-tesla/",
  "source": "gdelt_investors.com",
  "published_at": "2024-04-29T15:30:00+00:00",
  "collected_at": "2025-10-21T00:42:13.270502+00:00",
  "sp500_relevant": true,
  "collection_method": "gdelt_api",
  "language": "English",
  "content_fetched": false
}