{
  "article_id": "013f22c35661d0f05997c82626dd1e12",
  "headline": "Dow Jones Futures : Growth Leads Market Rally As Facebook , Google Fall ; Jobs Report Looms",
  "body": "Dow Jones futures rose slightly Friday morning, along with S&P 500 futures and Nasdaq futures, with the August jobs report looming. The Tesla Cybertruck reportedly will be delayed until late 2022. The stock market rally came off intraday highs for a second straight session Thursday. But leading stocks fared well, with Mercado Libre (MELI) and Denbury stock among breakouts. DocuSign…",
  "url": "https://www.investors.com/market-trend/stock-market-today/dow-jones-futures-growth-leads-market-rally-faceboo-google-fall-jobs-report/",
  "source": "gdelt_investors.com",
  "published_at": "2021-09-02T22:30:00+00:00",
  "collected_at": "2025-10-19T16:57:23.269999+00:00",
  "sp500_relevant": true,
  "collection_method": "gdelt_api",
  "language": "English",
  "content_fetched": true
}