{
  "article_id": "0141ac2f5e4d4bd1ba2a857c8d142a7e",
  "headline": "Bourse : La Fed dans une position inconfortable",
  "body": "Les marchés actions reperdent du terrain avec le retour des craintes d’une récession américaine et le retard pris par la Fed dans le pivot de sa politique monétaire. L’indice ISM des services ressorti à 51,5 en août, au-dessus de la zone de 50 délimitant la croissance ou la contraction d’une économie, était plutôt rassurant, mais le marché de l’emploi inquiète. Le taux de chômage a légèrement diminué à 4,2 % comme attendu (après 4,3 % en juillet), mais la première puissance mondiale a créé moins d’emplois et les offres des entreprises sont également moins nombreuses. Dès lors, le marché est partagé sur l’ampleur de la baisse des taux directeurs qu’annoncera la Réserve fédérale à sa sortie de la réunion du 18 septembre. Un quart ou un demi-point ? Attention à la réaction du marché, car un geste d’assouplissement d’un demi-point des conditions de crédit pourrait être interprété comme une mesure d’urgence en vue d’amortir un ralentissement trop brutal de l’économie. En attendant, le secteur de la tech américaine est le plus en vue depuis le début de l’année avec les “7 magnifiques” et fait l’objet de prises de bénéfices, à l’image de la star de l’intelligence artificielle, Nvidia. En France, la nomination d’un Premier ministre n’a pas été d’un grand soulagement pour la Bourse. En tête des plus fortes baisses du Cac 40 ces derniers jours figure le luxe (LVMH, Hermès et Kering), sur lequel pèsent les craintes d’une pression sur les marges et d’une faible demande en Chine. La Banque centrale européenne devrait de nouveau décider d’une détente d’un quart de point pour ses taux directeurs, ce jeudi 12 septembre.",
  "url": "https://www.valeursactuelles.com/clubvaleurs/economie/bourse-la-fed-dans-une-position-inconfortable",
  "source": "gdelt_valeursactuelles.com",
  "published_at": "2024-09-14T11:30:00+00:00",
  "collected_at": "2025-10-21T03:57:32.282295+00:00",
  "sp500_relevant": true,
  "collection_method": "gdelt_api",
  "language": "French",
  "content_fetched": true
}