{
  "article_id": "0142dea29368ee121a64ff3437818db9",
  "headline": "Wall Street steadies itself as Alphabet pulls tech stocks higher",
  "body": "",
  "url": "https://www.journal-news.com/news/nation-world/wall-street-steadies-itself-as-alphabet-pulls-tech-stocks-higher/XKZUPHWR3VKUXJRNU235YJWJFA/",
  "source": "gdelt_journal-news.com",
  "published_at": "2025-09-03T17:00:00+00:00",
  "collected_at": "2025-10-21T11:19:50.707143+00:00",
  "sp500_relevant": true,
  "collection_method": "gdelt_api",
  "language": "English",
  "content_fetched": false
}