{
  "article_id": "014be0f5d8922fd00ec5355aa815334f",
  "headline": "Nasdaq Stock , Loews Trades Show Strong Price Momentum ; A Stock Market  Lie Detector  Test",
  "body": "John Kosar, Chief Market Strategist at Asbury Research, joined the Investing with IBD podcast this week to discuss different tactical models that can help investors spot and prepare for changes in market behavior. Plus, we take a look at several trade ideas with price momentum that recently popped up on Asbury's radar: Loews (L), VanEck Vectors Steel ETF (SLX) and…",
  "url": "https://www.investors.com/how-to-invest/nasdaq-stock-loews-stock-price-momentum-stock-market/",
  "source": "gdelt_investors.com",
  "published_at": "2021-04-15T22:30:00+00:00",
  "collected_at": "2025-10-19T11:07:13.445674+00:00",
  "sp500_relevant": true,
  "collection_method": "gdelt_api",
  "language": "English",
  "content_fetched": true
}