{
  "article_id": "015062a07f2341a21dd5ca3bdd076e16",
  "headline": "12 Consumer Discretionary Stocks Moving In Monday Pre - Market Session - Cenntro Electric Gr ( NASDAQ : CENN ), Aterian ( NASDAQ : ATER ) ",
  "body": "",
  "url": "https://www.benzinga.com/trading-ideas/movers/23/11/35871160/12-consumer-discretionary-stocks-moving-in-mondays-pre-market-session",
  "source": "gdelt_benzinga.com",
  "published_at": "2023-11-20T14:15:00+00:00",
  "collected_at": "2025-10-20T18:51:57.479069+00:00",
  "sp500_relevant": true,
  "collection_method": "gdelt_api",
  "language": "English",
  "content_fetched": false
}