{
  "article_id": "0151aaebc886e8640cf4fd188da97829",
  "headline": "Stock Market Outlook Post - Interest Rate Hike : Positive Prospects",
  "body": "",
  "url": "https://menafn.com/1107964290/Stock-Market-Outlook-Post-Interest-Rate-Hike-Positive-Prospects",
  "source": "gdelt_menafn.com",
  "published_at": "2024-03-12T05:45:00+00:00",
  "collected_at": "2025-10-20T23:28:34.917055+00:00",
  "sp500_relevant": true,
  "collection_method": "gdelt_api",
  "language": "English",
  "content_fetched": false
}