{
  "article_id": "01579a934b1002cc9bae050d2461706d",
  "headline": "US stock market today down : S & P 500 , Dow Jones , Nasdaq see one of the worst weeks , Apple share price falls big",
  "body": "(Catch all the US News, UK News, Canada News, International Breaking News Events, and Latest News Updates on The Economic Times.) Download The Economic Times News App to get Daily International News Updates. (Catch all the US News, UK News, Canada News, International Breaking News Events, and Latest News Updates on The Economic Times.) Download The Economic Times News App to get Daily International News Updates. Explore More Stories Verijet files chapter 7 bankruptcy after CEO Kane’s death; private jet operator collapses amid $38.7M liabilities and legal turmoil Mario Pelchat partner Claire Lemaître-Auger: fashion designer and vineyard co-owner celebrates 30 years together Katy Perry and Justin Trudeau spotted kissing on yacht in California, confirming romance rumors Philippines President promises tents, aid for earthquake survivors as death toll reaches 72 in Cebu Province Alberta teachers say ‘no’ to government’s latest contract, set to strike on Monday, disrupting classes for 700,000+ students Could your next pack of cigarettes be funding criminal networks? Inside Western Canada’s billion-dollar contraband trade Canada bars Irish rap band Kneecap from entry over alleged terrorism support Bank of Canada cuts interest rate to 2.5% as GDP shrinks, job market softens Beverly Thomson, veteran CTV journalist and Canada AM co-host, dies at 61 Seth Rogen wins Emmy Award for best lead actor in comedy series 'The Studio' Zach Bryan confronts Gavin Adcock at Oklahoma music festival after country singer criticism Weekend streaming guide Canada: top 10 Netflix, Crave, Disney+ and Apple TV+ shows September 2025 Canada pension and retirement benefits 2025: up to $2,461 in federal and provincial payments through December",
  "url": "https://economictimes.indiatimes.com/articleshow/121369588.cms",
  "source": "gdelt_economictimes.indiatimes.com",
  "published_at": "2025-05-24T00:45:00+00:00",
  "collected_at": "2025-10-21T08:55:11.754568+00:00",
  "sp500_relevant": true,
  "collection_method": "gdelt_api",
  "language": "English",
  "content_fetched": true
}