{
  "article_id": "015d10b925a63203219b22d505d052e2",
  "headline": "Price Over Earnings Overview : Texas Roadhouse - Texas Roadhouse ( NASDAQ : TXRH ) ",
  "body": "In the current market session, Texas Roadhouse Inc. (NASDAQ:TXRH) share price is at $166.66, after a 3.11% increase. Moreover, over the past month, the stock fell by 1.34%, but in the past year, went up by 3.66%. Shareholders might be interested in knowing whether the stock is overvalued, even if the company is performing up to par in the current session. The P/E ratio measures the current share price to the company's EPS. It is used by long-term investors to analyze the company's current performance against it's past earnings, historical data and aggregate market data for the industry or the indices, such as S&P 500. A higher P/E indicates that investors expect the company to perform better in the future, and the stock is probably overvalued, but not necessarily. It also could indicate that investors are willing to pay a higher share price currently, because they expect the company to perform better in the upcoming quarters. This leads investors to also remain optimistic about rising dividends in the future. Compared to the aggregate P/E ratio of the 90.23 in the Hotels, Restaurants & Leisure industry, Texas Roadhouse Inc. has a lower P/E ratio of 24.98. Shareholders might be inclined to think that the stock might perform worse than it's industry peers. It's also possible that the stock is undervalued. In summary, while the price-to-earnings ratio is a valuable tool for investors to evaluate a company's market performance, it should be used with caution. A low P/E ratio can be an indication of undervaluation, but it can also suggest weak growth prospects or financial instability. Moreover, the P/E ratio is just one of many metrics that investors should consider when making investment decisions, and it should be evaluated alongside other financial ratios, industry trends, and qualitative factors. By taking a comprehensive approach to analyzing a company's financial health, investors can make well-informed decisions that are more likely to lead to successful outcomes. © 2025 Benzinga.com. Benzinga does not provide investment advice. All rights reserved.",
  "url": "https://www.benzinga.com/insights/news/25/04/45055536/price-over-earnings-overview-texas-roadhouse",
  "source": "gdelt_benzinga.com",
  "published_at": "2025-04-28T22:30:00+00:00",
  "collected_at": "2025-10-21T08:25:25.821346+00:00",
  "sp500_relevant": true,
  "collection_method": "gdelt_api",
  "language": "English",
  "content_fetched": true
}