{
  "article_id": "015f75d477bf30bf48455da372a9f7ad",
  "headline": "Stock Market | FinancialContent Business Page",
  "body": "Many struggling investors are looking for stock market trends to watch in 2023. Given the recurring nature of the capital markets, several folks hold out hope that the New Year can bring good tidings. While that definitely may happen for specific sectors, it is best to prepare for a broad range of outcomes. Flexibility will be key moving forward. Nevertheless, when it comes to stock market trends to watch in 2023, investors may bank on well-established trajectories. The themes that investors should keep in mind heading into 2023: Market trends are always taken into consideration when trading in stocks. Any seasoned stock trader will tell you that without knowing trends in the market, traders find themselves lost. Trends allow you to know the direction the market is taking, downward, upward, or stable and also tell you something about prospective future directions. Several traders study previous market trends that align with circumstances in a country. For example, knowing about historical trends of the market during similar times of inflation or economic downturn may help to analyze a stock’s return potential. You might also be able to determine a particular sector to invest in by analyzing the markets on a regular basis. Share Market Trend or equity market trend analysis is the process of analyzing current trends in order to forecast future trends. Using share market trend analysis, you can attempt to forecast if a particular market sector growing now would continue to grow in the future. Or, will a market trend in a particular sector start a trend in another. This procedure of share market trend analysis involves a lot of data, but nobody can foresee the trends precisely with a 100% guarantee. Share market trend analysis is an aspect of technical analysis that tries to forecast the future movement of a stock based on past data. A share market trend is based on the concept that past movements are windows to future trends. There are three main types of share market trends: intermediate-term, short-term, and long-term. You can also classify trends as an uptrend, downtrend, or sideways trend. Joseph Scott Audia is a Registered Representative currently working for the investment firm New Age Venture Capital. He has more than 20 years of experience (24) as a Stock Broker and Principal/Branch Manager. He has run his own branch office for over ten years where he has overseen the management of several other brokers and managed and retained dozens of his clients' accounts for over a decade. His honesty, straightforward nature, and deep knowledge of the stock market and investment strategies are exemplified by the dozens of clients that have trusted him over the years with their investments and continue to do so. He is at present located in Hauppauge, New York. Media ContactCompany Name: New Age Venture CapitalContact Person: Joseph Scott AudiaEmail: Send EmailCountry: United StatesWebsite: https://www.josephscottaudia.com/",
  "url": "https://markets.financialcontent.com/stocks/article/abnewswire-2023-1-25-joseph-scott-audia-shares-his-views-on-stock-market-trend-in-2023",
  "source": "gdelt_markets.financialcontent.com",
  "published_at": "2023-01-25T20:00:00+00:00",
  "collected_at": "2025-10-20T08:00:03.061499+00:00",
  "sp500_relevant": true,
  "collection_method": "gdelt_api",
  "language": "English",
  "content_fetched": true
}