{
  "article_id": "0164cf44c7631f66d465e29c0fea8f24",
  "headline": "Stocks That Might Move Next Week : Riding the Wave of Recent Volatility",
  "body": "As we head into the week of March 17, 2025, the stock market continues to exhibit choppy waters, with volatility remaining a key theme. Recent market action suggests that stocks that have been volatile in the past few weeks are likely to keep investors on their toes in the days ahead. Volatility often begets more volatility, as market participants react to shifting economic data, policy uncertainty, and company-specific developments. With that in mind, here’s a look at some stocks that have been swinging lately and could continue to make waves next week. Recent market behavior provides a strong foundation for expecting continued turbulence. The S&P 500 has been flirting with correction territory, dipping over 10% from its February 19 peak as of earlier this week, while the tech-heavy Nasdaq has shed even more ground. Economic concerns—ranging from a slowing labor market to uncertainty over Federal Reserve rate cuts—combined with shifting trade policies under the Trump administration, have kept investors guessing. Stocks that have already shown sensitivity to these factors are prime candidates for more movement, as their price swings reflect both broader market dynamics and their own unique catalysts. Tesla has been a rollercoaster lately, and it’s showing no signs of calming down. The stock dropped a staggering 15.4% this week alone, hitting its lowest levels since September 2024, driven by disappointing sales figures from China and broader risk-off sentiment. With a year-to-date decline of over 50% from its recent peak, Tesla’s volatility is undeniable. Next week, any updates on production, delivery numbers, or Elon Musk’s unpredictable commentary could spark sharp moves. Tesla’s association with risk appetite and its high-profile CEO make it a lightning rod for trader attention, especially in this uncertain environment. Nvidia, a darling of the AI boom, has also been caught in the volatility storm. The stock lost nearly 5% this week as pressure mounts on AI chip stocks, fueled by U.S. export restrictions to China and rising competition from rivals like Broadcom. Nvidia’s five-year beta of around 1.89 reflects its tendency to amplify market moves, and with the semiconductor sector under scrutiny, next week could bring more swings. Earnings season is mostly behind us, but any analyst updates, industry news, or macroeconomic data affecting tech spending could push Nvidia’s price in either direction. Palantir, once a tech-sector favorite, has seen its share price tumble 10% this week as investors rotate out of high-growth names. The stock’s volatility stems from its heavy reliance on speculative growth narratives, which are now being tested by a market more focused on fundamentals. With the broader tech sector lagging the S&P 500 in 2025, Palantir’s next moves could hinge on investor sentiment shifts or any surprise contract announcements. Its recent price action suggests it’s still in play for traders seeking big swings. Boeing has been another standout for volatility, with shares plunging in 2025 amid revenue declines and ongoing fallout from the 737 MAX grounding earlier this year. Its five-year beta of 1.58 indicates above-average market sensitivity, and recent losses have only amplified its wild ride. Next week, developments in supply chain issues, regulatory updates, or economic data affecting travel demand could keep Boeing’s stock turbulent. As an industrial giant tied to economic cycles, it’s a prime candidate for continued movement. In the materials sector, Freeport-McMoRan has been a volatile player thanks to fluctuating commodity prices. The mining company’s stock has seen multiple double-digit swings in 2024, and with a beta of 1.89, it’s no stranger to big moves. Falling commodity prices have pressured the sector lately, but any rebound—or further decline—in copper or other metals could drive Freeport’s next leg. Global economic signals, particularly from China, will be key to watch, making this stock a volatile bet for the week ahead. Several catalysts could fuel these stocks’ volatility in the coming days: For investors or traders eyeing these stocks, volatility cuts both ways—offering risk and opportunity. Stocks like Tesla, Nvidia, Palantir, Boeing, and Freeport-McMoRan have already proven their ability to swing hard, and the current market backdrop suggests that trend will hold. While long-term investors might prefer to wait out the storm, short-term traders could find fertile ground in these names, provided they manage risk carefully. The key is to stay nimble, monitor catalysts closely, and expect the unexpected. As we move into next week, one thing seems clear: the stocks that have been volatile lately aren’t ready to settle down just yet. Buckle up—it could be another wild ride. Disclaimer: This article is for informational purposes only and does not constitute investment advice. Always conduct your own research before making investment decisions. Stock markets are inherently unpredictable, and past volatility does not guarantee future results.",
  "url": "https://markets.financialcontent.com/stocks/article/marketminute-2025-3-15-stocks-that-might-move-next-week-riding-the-wave-of-recent-volatility",
  "source": "gdelt_markets.financialcontent.com",
  "published_at": "2025-03-15T22:45:00+00:00",
  "collected_at": "2025-10-21T07:29:13.999967+00:00",
  "sp500_relevant": true,
  "collection_method": "gdelt_api",
  "language": "English",
  "content_fetched": true
}