{
  "article_id": "0175cca40622807f055736fe704b19a0",
  "headline": "FedEx Stock Is Soaring . Director Amy Lane Bought Up More Shares . ",
  "body": "",
  "url": "https://www.marketwatch.com/articles/fedex-stock-buy-director-9ca1e2ea",
  "source": "gdelt_marketwatch.com",
  "published_at": "2023-04-14T17:30:00+00:00",
  "collected_at": "2025-10-20T10:11:33.952639+00:00",
  "sp500_relevant": true,
  "collection_method": "gdelt_api",
  "language": "English",
  "content_fetched": false
}