{
  "article_id": "017862931ba752d7f95b89ab77f5dfc0",
  "headline": "A Look Into Cadence Bank Inc Price Over Earnings - Cadence Bank ( NYSE : CADE ) ",
  "body": "In the current session, the stock is trading at $37.64, after a 0.27% spike. Over the past month, Cadence Bank Inc. (NYSE:CADE) stock increased by 7.94%, and in the past year, by 18.18%. With performance like this, long-term shareholders are optimistic but others are more likely to look into the price-to-earnings ratio to see if the stock might be overvalued. The P/E ratio measures the current share price to the company's EPS. It is used by long-term investors to analyze the company's current performance against it's past earnings, historical data and aggregate market data for the industry or the indices, such as S&P 500. A higher P/E indicates that investors expect the company to perform better in the future, and the stock is probably overvalued, but not necessarily. It also could indicate that investors are willing to pay a higher share price currently, because they expect the company to perform better in the upcoming quarters. This leads investors to also remain optimistic about rising dividends in the future. Compared to the aggregate P/E ratio of 12.94 in the Banks industry, Cadence Bank Inc. has a higher P/E ratio of 13.31. Shareholders might be inclined to think that Cadence Bank Inc. might perform better than its industry group. It's also possible that the stock is overvalued. In conclusion, the price-to-earnings ratio is a useful metric for analyzing a company's market performance, but it has its limitations. While a lower P/E can indicate that a company is undervalued, it can also suggest that shareholders do not expect future growth. Additionally, the P/E ratio should not be used in isolation, as other factors such as industry trends and business cycles can also impact a company's stock price. Therefore, investors should use the P/E ratio in conjunction with other financial metrics and qualitative analysis to make informed investment decisions. © 2025 Benzinga.com. Benzinga does not provide investment advice. All rights reserved.",
  "url": "https://www.benzinga.com/insights/news/25/09/47438398/a-look-into-cadence-bank-incs-price-over-earnings",
  "source": "gdelt_benzinga.com",
  "published_at": "2025-09-01T16:45:00+00:00",
  "collected_at": "2025-10-21T11:18:21.708178+00:00",
  "sp500_relevant": true,
  "collection_method": "gdelt_api",
  "language": "English",
  "content_fetched": true
}