{
  "article_id": "017d2b6da1763428dcbe6b7ffbde0b2d",
  "headline": "What Happened With SEALSQ Corp Stock ? - SEALSQ ( NASDAQ : LAES ) ",
  "body": "SEALSQ Corp (NASDAQ:LAES) shares traded higher on Tuesday. Over the past week, the stock has risen sharply after a prolonged flat period in the stock's price action. What To Know: Since SEALSQ Corp went public in May of 2023, shares have slid almost 100% lower. The stock took the majority of its losses during the summer, with the price largely flattening out since September. However, the stock began to buck the prolonged lull at the end of December when shares rose on news that company announced its post-quantum semiconductor technology fortifies cryptocurrency security. While shares bounced around in the first two weeks of January, the stock began to take off last week. During the same time, SEALSQ announced full-year 2023 preliminary unaudited revenue of $30 million, or a 29% increase compared to full-year 2022. The company also participated in CES 2024 in Las Vegas, NV during last week's surge in price. Shares reached a three-month high last Thursday. The company also announced the closing of the second tranche of a private placement, amounting to $10 million, after the market close on Thursday. Despite the stock pulling back from the strength on Friday, shares bounced right back on Tuesday by over 43%. It is worth noting that the company also announced the launch of SEALCOIN.AI on Tuesday, with Google Cloud as a technology provider. SEALCOIN.AI is a digital token and an advanced cryptocurrency protocol offered by the company. Its goal is to develop and sell Semiconductors, PKI and Post-Quantum technology hardware and software products as well as create a strong economy for billions of internet-driven devices. Related Link: What's Going On With O'Reilly Automotive Stock? LAES Price Action: Shares of SEALSQ Corp were up 15.0% at $2.60 at the close of the market, according to Benzinga Pro. Image by Willfried Wende from Pixabay © 2025 Benzinga.com. Benzinga does not provide investment advice. All rights reserved.",
  "url": "https://www.benzinga.com/news/24/01/36650240/what-happened-with-sealsq-corp-stock",
  "source": "gdelt_benzinga.com",
  "published_at": "2024-01-16T23:45:00+00:00",
  "collected_at": "2025-10-20T22:26:01.075279+00:00",
  "sp500_relevant": true,
  "collection_method": "gdelt_api",
  "language": "English",
  "content_fetched": true
}