{
  "article_id": "0183c85694152ccf585a5f9efd2b2958",
  "headline": "Top stocks to buy today : Stock market recommendations for April 29 , 2025",
  "body": "The TOI Business Desk is a vigilant and dedicated team of journalists committed to delivering the latest and most relevant business news from around the world to readers of The Times of India. The primary focus of the TOI Business Desk is to keep a watchful eye on the global business landscape, covering a wide spectrum of industries, markets, economic trends, in-depth analysis, exclusive reports and breaking stories that impact businesses and economies. With a mission to provide valuable insights and updates, the desk ensures that TOI readers are well-informed about the ever-changing and dynamic world of commerce and can navigate the complexities of the business world.Read More How to make Henna Oil for naturally black hair Neha Shetty's glamorous looks Walking for weight loss: How many steps should one walk a day to live longer Bigg Boss Malayalam 7: Stunning looks of Rena Fathima Shweta Tiwariâs top ethnic looks for festive season Weight loss tips: Just a handful of these nuts and seeds can help you lose weight 10 beautiful and low-maintenance fishes for home aquariums Kelley Mack: A look into the actress's most popular works Malvi Malhotra redefines chic in THESE pics Vitamins in broccoli: A, C, K, and more in one powerful veggie Determine the monthly installment amount for a loan Estimate the returns on investments made through SIPs Find out maturity amount and interest earned on PPF Check maturity amount and interest earned on an FD Estimate the pension amount and corpus accumulated under NPS A Mutual Fund Calculator helps estimate the future value of investments",
  "url": "https://timesofindia.indiatimes.com/business/india-business/top-stock-recommendations-for-april-29-2025-canara-bank-bharat-forge-stocks-to-buy-today/articleshow/120703262.cms",
  "source": "gdelt_timesofindia.indiatimes.com",
  "published_at": "2025-04-29T02:45:00+00:00",
  "collected_at": "2025-10-21T08:26:17.057095+00:00",
  "sp500_relevant": true,
  "collection_method": "gdelt_api",
  "language": "English",
  "content_fetched": true
}