{
  "article_id": "0184a927aeb0ee95efc503f60b2c97c7",
  "headline": "Biden administration watching stock market closely as equities drop , spokeswoman says",
  "body": "",
  "url": "https://www.marketwatch.com/story/biden-administration-watching-stock-market-closely-as-equities-drop-spokeswoman-says-2022-09-23",
  "source": "gdelt_marketwatch.com",
  "published_at": "2022-09-23T20:00:00+00:00",
  "collected_at": "2025-10-20T04:45:48.931187+00:00",
  "sp500_relevant": true,
  "collection_method": "gdelt_api",
  "language": "English",
  "content_fetched": false
}