{
  "article_id": "018c77fa296959bd034fac38d163b08d",
  "headline": "Wall Street dibuka melemah di tengah kekhawatiran Omicron",
  "body": "New York (ANTARA) - Saham-saham di Bursa Efek New York, Wall Street, Amerika Serikat, dibuka turun tipis pada perdagangan hari Senin di tengah kekhawatiran tentang varian Omicron menjelang pertemuan bank sentral Federal Reserve (Fed) akhir pekan ini. Sementara itu saham Apple memperpanjang kenaikan karena kapitalisasi pasarnya mendekati 3 triliun dolar dan menahan penurunan di Nasdaq. Tujuh dari 11 sektor utama Indeks S&P 500 turun pada awal perdagangan, dengan hanya sektor kebutuhan pokok konsumen, utilitas, dan real estat yang naik. Saham terkait perjalanan juga jatuh setelah setidaknya satu pasien meninggal di Inggris setelah tertular Virus Corona varian Omicron. Baca juga: Saham Jepang ditutup ikuti Wall Street, Indeks Nikkei naik 0,71 persen Saham Carnival Corp merosot hampir 6 persen memimpin penurunan di antara operator kapal pesiar, sementara indeks maskapai S&P 1500 tergelincir 3,4 persen. \"Yang paling tidak diketahui masih merupakan varian Omicron dan kami belum tahu bagaimana hal itu dapat mempengaruhi pasar dan ekonomi, tetapi selama ketidakpastian itu ada, volatilitas mungkin akan tetap lebih tinggi,\" kata Direktur Pelaksana Perdagangan dan Turunannya di Charles Schwab, Randy Frederick. Saham Apple Inc naik 0,8 persen setelah JP Morgan menaikkan target harga pada saham pembuat iPhone itu ke level tertinggi di Wall Street. Hal itu membuat Apple menjadi perusahaan pertama di dunia yang mencapai nilai pasar 3 triliun dolar. \"Ketika Anda melihat perusahaan besar seperti (Apple) berjalan dengan baik, hal itu pada dasarnya berarti bahwa orang-orang tertarik pada kualitas. Perusahaan besar yang sangat menguntungkan, yang memiliki arus kas yang sangat kuat, benar-benar dianggap sebagai tempat berlindung yang aman dalam banyak kasus,\" kata Frederick. Baca juga: IHSG awal pekan menguat, terkerek kenaikan indeks saham di Wall Street Indeks utama Wall Street telah memulihkan sebagian besar penurunannya dari akhir November setelah varian baru Omicron dari virus corona terdeteksi, dengan Indeks S&P 500 mencapai penutupan tertinggi sepanjang masa pada hari Jumat lalu. Keputusan kebijakan The Fed masih tetap menjadi peristiwa utama bagi pasar, dengan taruhan tinggi bahwa bank sentral AS akan mengisyaratkan pengurangan pembelian aset yang lebih cepat dan lebih awal untuk menaikkan suku bunga. Jajak pendapat ekonom Reuters memperlihatkan bank sentral menaikkan suku bunga utama dari mendekati nol menjadi 0,25-0,50 persen pada kuartal III tahun depan, diikuti oleh yang lain pada kuartal IV. Pembaruan positif tentang vaksin dan antibodi untuk memerangi varian baru, bersama dengan pembacaan inflasi baru-baru ini yang sejalan dengan konsensus, juga membuat sentimen tetap bertahan. Pada pukul 09:58 waktu setempat, Indeks Dow Jones Industrial Average merosot 219,06 poin, atau 0,61 persen menjadi 35.751,93. Indeks S&P 500 turun 15,84 poin atau 0,34 persen menjadi 4.696,18 dan Indeks Nasdaq Composite berkurang 13,10 poin atau 0,08 persen menjadi 15.617,50. Saham Pfizer Inc naik 3,7 persen seiring persetujuan untuk mengakuisisi Arena Pharmaceuticals dalam kesepakatan tunai 6,7 miliar dolar dan saham Arena melonjak 84 persen. Baca juga: Wall Street naik, indeks S&P ditutup di rekor tertinggi Penerjemah: Risbiani FardaniahEditor: Teguh Handoko Copyright © ANTARA 2021 Dilarang keras mengambil konten, melakukan crawling atau pengindeksan otomatis untuk AI di situs web ini tanpa izin tertulis dari Kantor Berita ANTARA. Kirim Komentar menjadi tanggung-jawab Anda sesuai UU ITE.",
  "url": "https://www.antaranews.com/berita/2583545/wall-street-dibuka-melemah-di-tengah-kekhawatiran-omicron",
  "source": "gdelt_antaranews.com",
  "published_at": "2021-12-13T18:30:00+00:00",
  "collected_at": "2025-10-19T19:05:02.168506+00:00",
  "sp500_relevant": true,
  "collection_method": "gdelt_api",
  "language": "Indonesian",
  "content_fetched": true
}