{
  "article_id": "01905fe4d2956f1362029e349765a009",
  "headline": "6 tháng đầu năm 2024 , vốn hóa thị trường chứng khoán Việt Nam đạt hơn 69 % GDP ước tính năm 2023",
  "body": "",
  "url": "https://www.tinnhanhchungkhoan.vn/6-thang-dau-nam-2024-von-hoa-thi-truong-chung-khoan-viet-nam-dat-hon-69-gdp-uoc-tinh-nam-2023-post349590.html",
  "source": "gdelt_tinnhanhchungkhoan.vn",
  "published_at": "2024-07-17T05:15:00+00:00",
  "collected_at": "2025-10-21T02:45:45.427120+00:00",
  "sp500_relevant": true,
  "collection_method": "gdelt_api",
  "language": "Vietnamese",
  "content_fetched": false
}