{
  "article_id": "01913a06c657727606730fae1ee6c4dd",
  "headline": "JPMorgan - CEO warnt vor aufgeblähtem US - Aktienmarkt - Inflation , Defizite und geopolitische Konflikte im Fokus",
  "body": "",
  "url": "https://www.finanzen.net/nachricht/aktien/historisches-niveau-jpmorgan-ceo-warnt-vor-risiken-am-us-aktienmarkt-inflation-defizite-und-geopolitische-unsicherheiten-im-fokus-14186356",
  "source": "gdelt_finanzen.net",
  "published_at": "2025-01-31T02:30:00+00:00",
  "collected_at": "2025-10-21T06:38:14.369653+00:00",
  "sp500_relevant": true,
  "collection_method": "gdelt_api",
  "language": "German",
  "content_fetched": false
}