{
  "article_id": "019374f0ccbad5dd7cf11b198258bf86",
  "headline": "Wall Street Terkoreksi , Investor Cemas dengan Tarif 104 Persen ke China",
  "body": "Wall Street Terkoreksi, Investor Cemas dengan Tarif 104 Persen ke China Tim Redaksi JAKARTA, KOMPAS.com - Pasar saham Amerika Serikat (AS) atau yang dikenal dengan Wall Street terkoreksi pada perdagangan yang berakhir Selasa sore waktu setempat (Rabu pagi WIB). Hal ini membuktikan kalau reli pertumbuhan hanya berumur pendek dan investor kembali cemas menjelang batas waktu tarif berikutnya dari Presiden AS Donald Trump yang mengenakan tarif kumulatif sebesar 104 persen ke China. Indeks Dow Jones Industrial Average turun 320,01 poin atau 0,84 persen dan ditutup pada 37.645,59, sehingga kerugian empat hari akibat kekhawatiran tarif menjadi lebih dari 4.500 poin. Baca juga: Gara-gara Tarif Trump, Apple Fanboy Berbondong-bondong Beli iPhone Baru Saham Apple memimpin kerugian dengan biaya pembuat iPhone yang akan melonjak akibat tarif baru China. Pada titik tertingginya hari itu, Dow naik 3,9 persen. Lalu, indeks S&P 500 turun 1,57 persen hingga ditutup pada level 4.982,77. Indeks tersebut hampir ditutup dalam kondisi pasar yang lesu, turun hampir 19 persen dari rekornya di bulan Februari, dan mengakhiri sesi di bawah level 5.000 untuk pertama kalinya sejak April 2024. Baca juga: Adik Elon Musk Kecam Tarif Trump: Pajak Permanen untuk Konsumen AS Selama empat hari terakhir, S&P 500 telah turun lebih dari 12 persen. Sementara, indeks Nasdaq Composite turun 2,15 persen, berakhir pada 15.267,91. Padahal, indeks acuan yang sarat teknologi ini naik sebanyak 4,5 persen pada awal hari. Nasdaq telah kehilangan lebih dari 13 persen dalam penurunan empat hari. Saham mengawali hari dengan kenaikan karena para pedagang menyebut pasar yang jenuh jual sebagai alasan kenaikan. Investor juga terhibur oleh tanda-tanda bahwa AS akan menegosiasikan pengaturan yang akan menurunkan tarif pada mitra dagang utama. Baca juga: Bitcoin Tembus 80.000 Dollar AS, Pasar Kripto Menghijau Meski Dihantui Kebijakan Tarif Trump Namun, reli pasar tetap menguap, dengan saham seperti Apple memimpin pergerakan. Saham Apple ditutup turun hampir 5 persen setelah naik lebih dari 4 persen pada hari Selasa sebelumnya. Secara total, pembuat iPhone tersebut telah kehilangan hampir 23 persen selama empat sesi perdagangan terakhir. Tarif baru akan mulai berlaku setelah tengah malam di atas tarif dasar 10 persen yang telah diterapkan pada hari Sabtu. Disamping itu, Gedung Putih mengonfirmasi bahwa tarif kumulatif 104 persen akan diterapkan pada barang-barang China dalam semalam. Copyright 2008 - 2025 PT. Kompas Cyber Media (Kompas Gramedia Digital Group). All Rights Reserved.",
  "url": "https://money.kompas.com/read/2025/04/09/070917326/wall-street-terkoreksi-investor-cemas-dengan-tarif-104-persen-ke-china",
  "source": "gdelt_money.kompas.com",
  "published_at": "2025-04-09T00:30:00+00:00",
  "collected_at": "2025-10-21T07:59:04.738461+00:00",
  "sp500_relevant": true,
  "collection_method": "gdelt_api",
  "language": "Indonesian",
  "content_fetched": true
}