{
  "article_id": "01952642cfd4a7bdc3e2fd04571b2a3b",
  "headline": "Dow Jones Extends Losing Streak As Apple Sells Off ; Tesla Hits New Low Amid Elon Musk Twitter Poll . ",
  "body": "",
  "url": "https://www.investors.com:443/market-trend/stock-market-today/dow-jones-extends-losing-streak-as-apple-sells-off-tesla-hits-new-low-amid-elon-musk-twitter-poll/",
  "source": "gdelt_investors.com",
  "published_at": "2022-12-20T00:45:00+00:00",
  "collected_at": "2025-10-20T06:59:24.565685+00:00",
  "sp500_relevant": true,
  "collection_method": "gdelt_api",
  "language": "English",
  "content_fetched": false
}