{
  "article_id": "01973db723c76ff98f8c9e2ef9afe7b5",
  "headline": "Dow Jones Falls As Apple Earnings On Deck ; Alphabet Surges On Earnings",
  "body": "The Dow Jones Industrial Average fell over 150 points Wednesday, as Apple stock dropped ahead of earnings. Tech giants Alphabet jumped on earnings, while Dow Jones leader Microsoft tumbled, despite strong earnings results. Among the Dow Jones leaders, Apple (AAPL) fell 1% Wednesday, while Microsoft (MSFT) dropped more than 3% in today's stock market. Tesla (TSLA) slid another 1%, threatening…",
  "url": "https://www.investors.com/market-trend/stock-market-today/dow-jones-falls-as-apple-earnings-on-deck-alphabet-amd-jump-on-earnings/",
  "source": "gdelt_investors.com",
  "published_at": "2021-04-28T15:30:00+00:00",
  "collected_at": "2025-10-19T11:25:03.423833+00:00",
  "sp500_relevant": true,
  "collection_method": "gdelt_api",
  "language": "English",
  "content_fetched": true
}