{
  "article_id": "01999566c77044c885fa678932fdab84",
  "headline": "高盛看好A股和中概股 明年消费将拉动GDP增长4 . 5 % 左右 沪深300或上涨16 % _ 东方财富网",
  "body": "",
  "url": "https://finance.eastmoney.com/a/202212012576099184.html",
  "source": "gdelt_finance.eastmoney.com",
  "published_at": "2022-12-01T05:00:00+00:00",
  "collected_at": "2025-10-20T06:36:43.188391+00:00",
  "sp500_relevant": true,
  "collection_method": "gdelt_api",
  "language": "Chinese",
  "content_fetched": false
}