{
  "article_id": "019b8be94f27efc6e51dfc2fe603a980",
  "headline": "I Used to Worry About Stock Market Crashes . Here Why I Dont Anymore",
  "body": "",
  "url": "https://www.kxly.com/i/i-used-to-worry-about-stock-market-crashes-heres-why-i-dont-anymore/",
  "source": "gdelt_kxly.com",
  "published_at": "2021-03-13T12:00:00+00:00",
  "collected_at": "2025-10-19T10:46:58.538264+00:00",
  "sp500_relevant": true,
  "collection_method": "gdelt_api",
  "language": "English",
  "content_fetched": false
}