{
  "article_id": "019d7dced80b3b7204261225be50bf64",
  "headline": "BSE NSE Sensex Today | Stock Market Latest Update : May 25 , 2021 Share Market , Trade BSE , Nifty , Sensex Live News Updates | हफ्ते के दूसरे दिन सेंसेक्स 270 और निफ्टी 94 अंक ऊपर खुला , टेलीकॉम कंपनी HFCL लिमिटेड के शेयर में 7 % का उछाल",
  "body": "शेयर बाजार में मंगलवार को सपाट कारोबार हुआ। सेंसेक्स 14 पॉइंट नीचे 50,637 पर और निफ्टी 10 पॉइंट ऊपर 15,208 पर बंद हुआ है। बैंकिंग शेयरों में बिकवाली से बाजार में दूसरे हाफ के बाद गिरावट दर्ज की गई। निफ्टी बैंक इंडेक्स 281 पॉइंट गिरकर 34,662 पर आ गया है। HDFC बैंक का शेयर 2% नीचे आ गया है। एक्सचेंज पर 1,333 शेयरों में गिरावट सेंसेक्स में शामिल 30 में 21 शेयरों में बढ़त रही। इंडेक्स में एशियन पेंट्स का शेयर सबसे ज्यादा 3.4% ऊपर बंद हुआ है। वहीं, एक्सिस बैंक और रिलायंस के शेयरों में 1-1% से ज्यादा की गिरावट रही। BSE पर 3,281 शेयरों में कारोबार हुआ, जिसमें 1,791 शेयरों में तेजी और 1,333 शेयरों में गिरावट रही। एक्सचेंज पर लिस्टेड कंपनियों का कुल मार्केट कैप 219.16 लाख करोड़ रुपए हो गया है। कल यह 218.94 लाख करोड़ रुपए था। बाजार की शुरुआत बढ़त के साथ हुई आज सुबह बाजार की शुरुआत बढ़त के साथ हुई। सेंसेक्स 270.42 अंक ऊपर 50,922 पर और निफ्टी 94.05 पॉइंट ऊपर 15,291 पर खुला। कल यानी सोमवार को बाजार बढ़त के साथ बंद हुए थे। सेंसेक्स 111 पॉइंट ऊपर 50,651 पर और निफ्टी 22 अंक की बढ़त के साथ 15,197 पर बंद हुआ था। शेयर बाजार के प्रमुख इंडेक्स में शामिल सबसे ज्यादा बढ़ने और गिरने वाले शेयरों का हाल... सभी एशियाई बाजारों में बढ़त अमेरिकी बाजार बढ़त के साथ बंद सोमवार को अमेरिकी बाजार बढ़त के साथ बंद हुए थे। डाउ जोंस 0.54% की बढ़त के साथ 186.14 अंक ऊपर 34,394.00 पर बंद हुआ था। नैस्डैक 1.41% की बढ़त के साथ 190.18 अंक ऊपर 13,661.20 पर बंद हुआ। S&P 500 इंडेक्स 41.19 पॉइंट ऊपर 4,197.05 पर बंद हुआ था। फ्रांस और जर्मनी के बाजार भी बढ़त के साथ बंद हुए थे। FII और DII डेटा NSE पर मौजूद प्रोविजनल डेटा के मुताबिक, 24 मई को विदेशी संस्थागत निवेशकों (FII) ने 585.36 करोड़ रुपए और घरेलू संस्थागत निवेशकों (DII) ने 707.69 करोड़ रुपए के शेयर खरीदे थे। सोमवार को सेंसेक्स 111 पॉइंट ऊपर 50,651 पर बंद हुआ था। इसी तरह निफ्टी 22 अंक ऊपर 15,197 पर बंद हुआ था।",
  "url": "https://www.bhaskar.com/business/news/bse-nse-sensex-today-stock-market-latest-update-may-25-2021-share-market-trade-bse-nifty-sensex-live-news-updates-128525136.html",
  "source": "gdelt_bhaskar.com",
  "published_at": "2021-05-25T05:15:00+00:00",
  "collected_at": "2025-10-19T12:06:00.349448+00:00",
  "sp500_relevant": true,
  "collection_method": "gdelt_api",
  "language": "Hindi",
  "content_fetched": true
}