{
  "article_id": "01a77873cb7032951aa37f9dbceb6521",
  "headline": "Xu thế dòng tiền : Thị trường sẽ thế nào trước  cú sốc  tăng lãi suất tháng 7 của Fed ? ",
  "body": "",
  "url": "https://ndh.vn/chung-khoan/xu-the-dong-tien-thi-truong-se-the-nao-truoc-cu-soc-tang-lai-suat-thang-7-cua-fed-1319973.html",
  "source": "gdelt_ndh.vn",
  "published_at": "2022-07-17T12:15:00+00:00",
  "collected_at": "2025-10-20T02:16:22.604905+00:00",
  "sp500_relevant": true,
  "collection_method": "gdelt_api",
  "language": "Vietnamese",
  "content_fetched": false
}