{
  "article_id": "01a86a3c7b064fa136e7a6d6f3e84fb6",
  "headline": "Chief adviser issues five directives to improve stock market",
  "body": "Chief Adviser Prof Muhammad Yunus has instructed authorities to offload shares of well-performing state-owned companies and list them on the stock market as part of efforts to revitalise the capital market. The directive aims to increase the supply of healthy companies and attract more investors. The instruction was issued at a meeting titled \"Development and Strengthening of the Capital Market\", held today at the State Guest House Jamuna in Dhaka. During the meeting, Yunus also suggested offering shares in multinational firms, such as Unilever, to the public, a participant at the meeting said. Finance Adviser Salehuddin Ahmed, Special Assistant to the Chief Adviser Anisuzzaman Chowdhury, Secretary of the Financial Institutions Division Nazma Mobarek, and Bangladesh Securities and Exchange Commission (BSEC) Chairman Khondoker Rashed Maqsood were present at the meeting. Azad Majumder, deputy press secretary of the Chief Adviser, confirmed that the chief adviser issued five directives to bring dynamism into the stock market. One of these involves offering incentives to non-listed companies that perform well, encouraging them to go public. Yunus further instructed the inclusion of foreign experts within three months to implement effective reforms in the market. The fourth directive was about ensuring strict punishment for those involved in corruption and market manipulation. Besides, the chief adviser urged authorities to encourage large borrowers to raise capital from the stock market by issuing equity and bonds, reducing reliance on bank financing, said the participant. The DSEX, the benchmark index of the Dhaka Stock Exchange, has been on a downward trajectory in recent months following a decline in the profits of several large firms. Recently, a group of investors protested in the streets, demanding the resignation of the BSEC chairman. Last Thursday, the index rebounded by around 100 points, or 2.07 percent, after news emerged that Yunus had summoned finance advisers and the BSEC chairman to discuss the market's condition.",
  "url": "https://www.thedailystar.net/business/news/chief-adviser-issues-five-directives-improve-stock-market-3892076",
  "source": "gdelt_thedailystar.net",
  "published_at": "2025-05-11T11:45:00+00:00",
  "collected_at": "2025-10-21T08:43:40.918941+00:00",
  "sp500_relevant": true,
  "collection_method": "gdelt_api",
  "language": "English",
  "content_fetched": true
}