{
  "article_id": "01b19569d2e835091c13f8c31c09b1ee",
  "headline": "Dow Jones Rallies As Disney Stock Surges On Earnings ; Apple At New Buy Point",
  "body": "The Dow Jones Industrial Average briefly rallied 100 points Friday, as Disney stock jumped on earnings results. Apple is in buy range past a new buy point, while Tesla stock skidded in midday trade. Among Dow Jones leaders, Apple (AAPL) rallied 0.2% Friday, while Microsoft (MSFT) moved up 0.2% in today's stock market. Home Depot (HD) is back above a…",
  "url": "https://www.investors.com/market-trend/stock-market-today/dow-jones-rallies-as-disney-stock-surges-on-earnings-apple-at-new-buy-point/",
  "source": "gdelt_investors.com",
  "published_at": "2021-08-13T16:00:00+00:00",
  "collected_at": "2025-10-19T16:30:40.753528+00:00",
  "sp500_relevant": true,
  "collection_method": "gdelt_api",
  "language": "English",
  "content_fetched": true
}