{
  "article_id": "01b7fecd37da1d0302d3bd7565d65063",
  "headline": "Dow Jones Dips As Tesla Stock Gains Despite Delivery Miss ; This Cathie Wood Buy Plummets",
  "body": "",
  "url": "https://www.investors.com/market-trend/stock-market-today/dow-jones-dips-as-small-caps-russell-2000-turn-negative-for-2023-this-cathie-wood-buy-plummets/",
  "source": "gdelt_investors.com",
  "published_at": "2023-10-02T23:00:00+00:00",
  "collected_at": "2025-10-20T14:50:47.651423+00:00",
  "sp500_relevant": true,
  "collection_method": "gdelt_api",
  "language": "English",
  "content_fetched": false
}