{
  "article_id": "01bc1705c10ba84c4710b8134d43372b",
  "headline": "12 Health Care Stocks Moving In Wednesday Intraday Session - Aeglea BioTherapeutics ( NASDAQ : AGLE ), PLx Pharma ( NASDAQ : PLXP ), GlucoTrack ( NASDAQ : GCTK ), Ontrak ( NASDAQ : OTRKP ), Bullfrog AI Hldgs ( NASDAQ : BFRG ), X4 Pharmaceuticals ( NA...",
  "body": "This article was generated by Benzinga's automated content engine and reviewed by an editor. © 2025 Benzinga.com. Benzinga does not provide investment advice. All rights reserved.",
  "url": "https://www.benzinga.com/trading-ideas/movers/23/04/31774394/12-health-care-stocks-moving-in-wednesdays-intraday-session",
  "source": "gdelt_benzinga.com",
  "published_at": "2023-04-12T18:15:00+00:00",
  "collected_at": "2025-10-20T10:08:43.597813+00:00",
  "sp500_relevant": true,
  "collection_method": "gdelt_api",
  "language": "English",
  "content_fetched": true
}