{
  "article_id": "01bdf647767edb0d283fc0c894842ea6",
  "headline": "Dow Jones Rallies After Hot Inflation Reading ; Tesla Falls As Elon Musk Sells More Shares",
  "body": "The Dow Jones Industrial Average rallied 150 points Friday despite a hot inflation reading. Oracle and Broadcom bolstered tech sentiment, making powerful moves after reporting earnings late Thursday. And electric-vehicle powerhouse Tesla slid early Friday, as Chief Executive Elon Musk sold another $960 million worth of Tesla stock. Among the Dow Jones leaders, Apple (AAPL) was up 0.7% early Friday,…",
  "url": "https://www.investors.com/market-trend/stock-market-today/dow-jones-futures-rise-ahead-of-inflation-reading-tesla-falls-elon-musk-sells-more-shares/",
  "source": "gdelt_investors.com",
  "published_at": "2021-12-10T16:00:00+00:00",
  "collected_at": "2025-10-19T19:02:24.704547+00:00",
  "sp500_relevant": true,
  "collection_method": "gdelt_api",
  "language": "English",
  "content_fetched": true
}