{
  "article_id": "01cbeddc82ef2e726871a684821abcf7",
  "headline": "Salesforce Stock Climbs On Q1 Earnings , Revenue Beat | Investor Business Daily",
  "body": "",
  "url": "https://www.investors.com/news/technology/salesforce-stock-crm-salesforce-earnings-q12025/",
  "source": "gdelt_investors.com",
  "published_at": "2025-05-28T22:45:00+00:00",
  "collected_at": "2025-10-21T08:58:34.204649+00:00",
  "sp500_relevant": true,
  "collection_method": "gdelt_api",
  "language": "English",
  "content_fetched": false
}