{
  "article_id": "01d719db9c1945dd67acecb7e5a2f638",
  "headline": "Rolling Stock Market by Component , Product Type , Application , Locomotive Technology & Region",
  "body": "",
  "url": "https://www.digitaljournal.com/pr/rolling-stock-market-by-component-product-type-application-locomotive-technology-region",
  "source": "gdelt_digitaljournal.com",
  "published_at": "2022-03-26T01:15:00+00:00",
  "collected_at": "2025-10-19T21:46:31.074201+00:00",
  "sp500_relevant": true,
  "collection_method": "gdelt_api",
  "language": "English",
  "content_fetched": false
}