{
  "article_id": "01e388b407646210f34f107c2286c43f",
  "headline": "Selective Insurance Group , Inc . - Common Stock ( Nasdaq : SIGI ) Stock Quote",
  "body": "",
  "url": "https://markets.financialcontent.com/stocks/quote?Symbol=537:969546",
  "source": "gdelt_markets.financialcontent.com",
  "published_at": "2025-04-15T14:00:00+00:00",
  "collected_at": "2025-10-21T08:06:15.678377+00:00",
  "sp500_relevant": true,
  "collection_method": "gdelt_api",
  "language": "English",
  "content_fetched": false
}