{
  "article_id": "01f06a87f2115cb41b01fa59faaadbb6",
  "headline": "Want to earn better returns in stock market in 2023 - 24 ? Here are some tips for beginners",
  "body": "In response to a plethora of global cues, including the rise of the Omicron wave, the Russia-Ukraine war, fluctuations in crude oil prices, global inflation, the Fed raising interest rates, the Europe energy crisis, gigantic FII selling, robust domestic flows, and fear of a recession, the year 2022 rushed the stock market. But what was more surprising was that early in December, both the Nifty 50 and the BSE Sensex reached record highs. However, the short-term consequences of global challenges may continue and cause volatility, which might spur the stock market in 2023. Since the stock market experiences ups and downs, historically, it has been observed that rather than making short-term, intraday investments, investors have benefitted immensely from holding shares for the long term. While the government has set a goal in Budget 2023 to reduce the fiscal deficit to 4.5% of GDP by FY26 and amid worries about a global recession and a wave of FPI selling that may affect market sentiments in the near future, let’s find out what a beginner should do when making investment decisions in the stock market. Tips for beginners to invest in stock market Conclusion For beginners, it is important to keep in mind that thorough research and analysis will enable them to decide whether to buy, hold, add, or sell a stock. While investing in the stock market involves considerable financial risk, novice investors should consult with their financial advisors first to make an investment decision based on their risk profile and goals. Views expressed above are the author's own. High desibels The Vance Dance OMG! Don’t bet on bans The 65 Lakh Question ‘Centrism isn’t nostalgia, it is survival’ So, who’s straying? Beyond the noise Rethinking stray dogs: From crisis to opportunity Swadeshi Diwali Down the drain",
  "url": "https://timesofindia.indiatimes.com/blogs/voices/want-to-earn-better-returns-in-stock-market-in-2023-24-here-are-some-tips-for-beginners/",
  "source": "gdelt_timesofindia.indiatimes.com",
  "published_at": "2023-03-05T15:30:00+00:00",
  "collected_at": "2025-10-20T09:09:03.490267+00:00",
  "sp500_relevant": true,
  "collection_method": "gdelt_api",
  "language": "English",
  "content_fetched": true
}