{
  "article_id": "01f063c3f0318262640ecb6a7ba160ac",
  "headline": "Stock Market Live Updates : BSE Sensex , Nifty50 expected to hit new highs on Lok Sabha results day",
  "body": "",
  "url": "https://timesofindia.indiatimes.com/business/india-business/stock-market-live-updates-today-4th-june-bse-sensex-nifty50-pm-modi-stocks-market-reaction-to-lok-sabha-election-results-2024/liveblog/110686035.cms",
  "source": "gdelt_timesofindia.indiatimes.com",
  "published_at": "2024-06-04T03:30:00+00:00",
  "collected_at": "2025-10-21T01:45:17.262069+00:00",
  "sp500_relevant": true,
  "collection_method": "gdelt_api",
  "language": "English",
  "content_fetched": false
}