{
  "article_id": "01f12da72af2f20b0f437b37862c0881",
  "headline": "Dow Jones Futures Fall : Market Rally Wipes Out Powell Gains As Apple , Exxon , Tesla Skid",
  "body": "",
  "url": "https://www.investors.com/market-trend/stock-market-today/dow-jones-futures-market-rally-wipes-out-powell-gains-as-apple-exxon-tesla-skid/",
  "source": "gdelt_investors.com",
  "published_at": "2022-12-07T13:15:00+00:00",
  "collected_at": "2025-10-20T06:46:27.113994+00:00",
  "sp500_relevant": true,
  "collection_method": "gdelt_api",
  "language": "English",
  "content_fetched": false
}