{
  "article_id": "01f39da604f594938d4c4842e6e18f49",
  "headline": "Stock Market Index : Meaning and Types of Stock Market Indices",
  "body": "Last Updated: 18 Oct 2024 Table of Content Stock market indices represent a certain group of shares selected based on particular criteria like trading frequency, share size, etc. The stock market uses the sampling technique to represent the market direction and change through an index.To help you understand this concept further, let’s begin with the most basic question, what is a stock market index? A stock market index is a statistical tool that reflects the changes in the financial markets. The indices are indicators that reflect the performance of a certain segment of the market or the market as a whole. A stock market index is created by selecting certain stocks of similar companies or those that meet a set of predetermined criteria. These shares are already listed and traded on the exchange. Share market indices can be created based on a variety of selection criteria, such as industry, segment, or market capitalization, among others. Each share market index measures the price movement and the performance of the shares that constitute that index. This essentially means that the performance of any stock market index is directly proportional to the performance of the underlying stocks that make up the index. In simpler terms, if the prices of the stocks in an index goes up, that index, as a whole, also goes up. There are different types of stock market indices based on the kind of stocks taken into account to create the index. Here’s a closer look at some of the most common types of indices: India’s stock markets have two benchmark indices – BSE Sensex and NSE Nifty. Sensex is a blend of the words sensitive and index. It was introduced in 1986 and is the oldest in India. The BSE Sensex consists of the top 30 largest and most frequently traded stocks listed in the Bombay Stock Exchange (BSE). Also known as the NSE Nifty, this share market index consists of the top 50 largest and most frequently traded stocks within the NSE. First created in 1996, NSE NIFTY is owned and maintained by India Index Services & Products Limited (IISL), which is a joint-venture organization between an Indian credit rating agency CRISIL and the National Stock Exchange. The CNX portion in the CNX NIFTY stands for CRISIL and NSE. The performance of market indices acts as a nearly accurate indicator of the state of the markets and reflects the general sentiments of investors. These indices also provide investors with a wealth of information that helps them create and implement investment strategies. Many traders, investors and other market participants use the performance of the indices as a benchmark for analyzing their investments in the stock market. For instance, you can use the performance of NIFTY over a given period to compare it with the actual performance of the stocks in your investment portfolio during that period. One way to outperform the market is by investing in index funds through an online trading app. The risk of underperformance is low in index funds because they contain stocks from several sectors and industries, thereby essentially diversifying your investment portfolio. When you invest in specific stocks, your corpus might be eroded if those stocks don’t perform well. With stock market indices, however, your risk exposure is largely reduced. Picking the right stocks to invest in requires a great deal of research. This may be impractical for passive investors, who are looking for avenues to invest in over the long term without constantly monitoring their portfolio actively. Stock market indices are extremely useful and act as a cushion for conservative investors in times of market volatility. If you’re a beginner in the equity markets, it may be a good idea to start by learning about share market indices and testing the waters to get a better idea of how the markets work in practice. You could also create a portfolio that replicates a stock market index with IIFL today. It will reduce the costs of research and stock picking without compromising on the quality of your investments through expert recommendations and an investment plan curated especially according to your risk appetite. Invest wise with Expert advice By continuing, I accept the T&C and agree to receive communication on Whatsapp Invest wise with Expert advice By continuing, I accept the T&C and agree to receive communication on Whatsapp IIFL Customer Care Number (Gold/NCD/NBFC/Insurance/NPS)1860-267-3000 / 7039-050-000 IIFL Capital Services Support WhatsApp Number+91 9892691696 Download The App Now Follow us on 2025, IIFL Capital Services Ltd. All Rights Reserved IIFL Capital Services Limited - Stock Broker SEBI Regn. No: INZ000164132, PMS SEBI Regn. No: INP000002213,IA SEBI Regn. No: INA000000623, SEBI RA Regn. No: INH000000248, DP SEBI Reg. No. IN-DP-185-2016, BSE Enlistment Number (RA): 5016ARN NO : 47791 (AMFI Registered Mutual Fund Distributor) This Certificate Demonstrates That IIFL As An Organization Has Defined And Put In Place Best-Practice Information Security Processes.",
  "url": "https://www.indiainfoline.com/knowledge-center/share-market/what-are-stock-market-index-indices",
  "source": "gdelt_indiainfoline.com",
  "published_at": "2022-09-16T15:30:00+00:00",
  "collected_at": "2025-10-20T04:24:34.791400+00:00",
  "sp500_relevant": true,
  "collection_method": "gdelt_api",
  "language": "English",
  "content_fetched": true
}