{
  "article_id": "01f5ddb281142c06fc8d019a5e9ca822",
  "headline": "  拒绝下跌  的美股 ， 鲍威尔和CPI ， 下周是  火上浇油  还是  当头棒喝 ？_ 凤凰网",
  "body": "",
  "url": "https://finance.ifeng.com/c/8b1v6rkLts5",
  "source": "gdelt_finance.ifeng.com",
  "published_at": "2024-07-07T14:00:00+00:00",
  "collected_at": "2025-10-21T02:33:26.115027+00:00",
  "sp500_relevant": true,
  "collection_method": "gdelt_api",
  "language": "Chinese",
  "content_fetched": false
}