{
  "article_id": "01f9ccbea46e6bf96b24095973ceb202",
  "headline": "Risk Management In The Stock Market : How Much Money To Invest Now",
  "body": "When the light turns green at an intersection, do you put the pedal to the metal? Or do you ease through with caution? What if there's a pedestrian in the way, heavy traffic ahead or poor visibility? There are compelling reasons to treat each intersection differently. Risk management in the stock market is the same. Just like road conditions will…",
  "url": "https://www.investors.com:443/how-to-invest/investors-corner/risk-management-in-the-stock-market-how-much-money-to-invest-now/",
  "source": "gdelt_investors.com",
  "published_at": "2024-01-08T21:30:00+00:00",
  "collected_at": "2025-10-20T22:18:30.475494+00:00",
  "sp500_relevant": true,
  "collection_method": "gdelt_api",
  "language": "English",
  "content_fetched": true
}