{
  "article_id": "01fdf83eff95ba10d5d08f1d3b2e4d92",
  "headline": "뉴욕증시 , FOMC 의사록 경계 · 실적에 하락 … 다우 2 % ↓마감",
  "body": "52주년 코리안 퍼레이드에 동참을 구한말의 증인들 바이든과 ‘유령총’ 2019년 베스트 10 민주체제는 전쟁에 약하다고? ‘죽음의 상인’ 과 ‘평화의 후원자’ 행복을 만들어내는 투자 ‘송무백열’(松茂柏悅) '오늘의 한마디'는 기사에 대하여 자신의 생각을 말하고 남의 생각을 들으며 서로 다양한 의견을 나누는 공간입니다. 그러나 간혹 불건전한 내용을 올리시는 분들이 계셔서 건전한 인터넷문화 정착을 위해 아래와 같은 운영원칙을 적용합니다. 자체 모니터링을 통해 아래에 해당하는 내용이 포함된 댓글이 발견되면 예고없이 삭제 조치를 하겠습니다. 불건전한 댓글을 올리거나, 이름에 비속어 및 상대방의 불쾌감을 주는 단어를 사용, 유명인 또는 특정 일반인을 사칭하는 경우 이용에 대한 차단 제재를 받을 수 있습니다. 차단될 경우, 일주일간 댓글을 달수 없게 됩니다. 명예훼손, 개인정보 유출, 욕설 등 법률에 위반되는 댓글은 관계 법령에 의거 민형사상 처벌을 받을 수 있으니 이용에 주의를 부탁드립니다. Close 한국의 태권도가 부에나팍 시에서 개최한 문화 페스티벌에 참가해 찬사를 받았다.‘국기원 캘리포니아 지부’(지부장 신용섭, 사무총장 김진섭)와 ‘… 한미가정상담소는 오는 30일부터 12월 11일까지 6주 동안 매주 목요일 오전 9시 30분(추수감사절 휴강)까지 ‘그림으로 나는 만나다’라는 … 65년동안 400여 곡의 성가, 찬송가를 발표해 남가주에서 잘 알려져 있는 백경환 목사가 지난 11일 벨플라워에 있는 가나안 교회에서 ‘제13… 법률 보조 소사이어티는 매달 3번째 목요일 정오부터 오후 3시까지 부에나팍 시니어 센터(8150 Knott Ave.,부에나팍)에서 60세 이상… 가주 늘노래 합창단(지휘 전성진)은 오는 26일(일) 오후 5시 애나하임 로뎀 장로교회(1759 W. Broadway)에서 제3회 정기 연주회… ■ 도산체육관코리안 퍼레이드 1회 시작부터 지금까지 함께 해온 도산태권도가 올해도 어김없이 퍼레이드에 참여해 행렬을 멋지게 장식한다.지난 19… 대한노인회 미주총연합회(회장 조광세)는 한국의 전통 명절 추석을 기념하는 ‘시니어 음악회 및 효자·효부상 시상식’을 지난 4일 개최했다. 행사… 남가주 아시안정의진흥협회(AJSOCAL·정진협)는 카니 정 조 전 대표의 후임으로 비영리 단체 경영 전문가 다니 K 쓰보이를 공식 선임했다고 … 중앙대학교 남가주 동문회(회장 허운동)는 지난 11일 다이아몬드바 골프장에서 남가주 동문회 총장배 골프대회를 개최했다. 이번 대회에는 많은 동… 소캘 러너스 클럽(회장 이상남)이 최근 비숍으로 2박3일의 캠핑 여행을 진행했다고 밝혔다. 이번 캠핑 여행에는 54명이 참가해 비숍 단풍 하이… 2025.10.19 Weekly 이스라엘이 하마스의 휴전 협정 위반을 비난하며 가자지구 공습을… 뉴욕시 한인 청소년들의 절반 가량은 자신을 ‘코리안 아메리칸’(Korean American)으로 확실히 인식하고 있는 것으로 조사됐다.시민참여… 2026년도 메디케어 보험 갱신 기간이 지난 15일부터 시작됐다. 매년 이 시기에는 기존 가입자와 신규 가입자 모두 본인의 플랜을 검토한 후,… 도널드 트럼프 대통령이 17일 블라디미르 푸틴 러시아 대통령과 회담을 앞둔 상황에서 볼로디미르 젤렌스키 우크라이나 대통령을 만나 우크라이나 전… 워싱턴주 출신인 리아 암스트롱 상임 고문이 창립하고 박사랑 총회장이 이끌고 있는 세계국제결혼여성총연합회(World-KIMWA, 이하 월드킴와)… 을사년 새해 1월13일 미주한인이민 122주년 미주 한인이민의 날에 즈음해 미주한인재단 하와이(회장 박재원)과 하와이 한인회(회장 서대영)가 … 유치원부터 고등학교(K-12)까지 교육의 질에 대해 ‘만족한다… 도널드 트럼프 행정부의 관세 부과 정책과 완성차 업체들의 고급… 가수 소유가 미국발 한국행 비행기에서 당한 인종차별 피해를 고… 레스토랑 공금 횡령 의혹을 받았던 ‘흑백요리사’ 최종 3위 트… 야구의 신(神)이 있다면 바로 이런 모습일까. 오타니 쇼헤이(… 메이저리그사커(MLS) LAFC의 ‘골잡이’ 손흥민(33)이 … Koreatimes.com 서비스는 Ktown1st.com과 통합계정입니다. 계정이 없으신 분은 회원가입을 해 주세요. 계정에 등록된 이메일 주소로 계정정보를 보내드립니다. Copyright©The Korea Times All rights reserved.",
  "url": "http://www.koreatimes.com/article/20230221/1454205",
  "source": "gdelt_koreatimes.com",
  "published_at": "2023-02-21T22:30:00+00:00",
  "collected_at": "2025-10-20T08:50:21.594448+00:00",
  "sp500_relevant": true,
  "collection_method": "gdelt_api",
  "language": "Korean",
  "content_fetched": true
}