{
  "article_id": "020bdae849049b89018127d616dc7043",
  "headline": "Icelandair Group Hf . conclut un accord avec Arion Banki Hf . pour la commercialisation des actions émises par la société et négociées sur le Nasdaq Iceland Stock Exchange",
  "body": "Publié le 03/07/2023 à 15:04 Contactez-nous pour toute demande de correction Icelandair Group hf. a conclu un accord avec Arion banki hf. pour la tenue de marché des actions émises par la société et négociées sur le Nasdaq Iceland Stock Exchange. L'objectif de l'accord est de maintenir la liquidité des actions d'Icelandair, de créer un prix de marché et la formation du prix des actions de la manière la plus efficace et la plus transparente possible. L'accord stipule qu'Arion banki soumettra quotidiennement des offres d'achat et de vente d'actions Icelandair dans le système de négociation de la Bourse islandaise. Chaque offre doit être d'au moins 5 000 000 ISK en valeur de marché de l'émetteur, à un taux fixé par Arion banki. Toutefois, ces offres ne doivent pas varier de plus de 3 % par rapport au prix de la dernière transaction. Les écarts entre les cours acheteur et vendeur sont déterminés par référence au tableau des cours de la bourse tel qu'il se présente à un moment donné, de sorte que l'écart soit aussi proche que possible de 1,5 %, mais pas inférieur à 1,45 %. Arion banki est toutefois autorisée à présenter des offres d'achat et de vente avec une fourchette de prix inférieure, par exemple en raison de circonstances découlant du tableau des échelons de prix de la bourse. Si Arion banki doit négocier des actions d'Icelandair, qui seront détenues dans le carnet de négociation d'Arion banki, pour un montant total de 40 000 000 ISK en valeur nominale, les obligations susmentionnées d'Arion banki concernant les prix maximaux à l'achat et à la vente à cette date seront levées. Si la variation du prix des actions d'Icelandairacos au cours de la journée de négociation dépasse 5 %, Arion Bank peut augmenter l'écart maximal jusqu'à 3,0 %. Si la variation du prix des actions Icelandairacos au cours de la journée de négociation dépasse 10 %, Arion Bank peut augmenter l'écart maximal jusqu'à 4,5 %. L'accord prend par ailleurs en compte le règlement UE 2017/578 de la Commission européenne du 13 juin 2016 sur les normes techniques réglementaires concernant les exigences relatives aux accords et systèmes de tenue de marché prévus à l'article 12 de l'article 48 de la directive 2014/65/UE du Parlement européen et du Conseil concernant les marchés d'instruments financiers, qui sont légalement valables en Islande conformément aux dispositions de la loi n° 115/2021 sur les marchés d'instruments financiers. L'accord est conclu pour une durée indéterminée et prendra effet le 30 juin 2023. Chacune des parties peut mettre fin à l'accord en donnant un préavis de 14 jours à l'autre partie à tout moment. L'accord avec Arion banki remplacera l'accord de tenue de marché avec Islandsbanki qui a été résilié.",
  "url": "https://www.zonebourse.com/cours/action/ARION-BANKI-HF-44279919/actualite/Icelandair-Group-Hf-conclut-un-accord-avec-Arion-Banki-Hf-pour-la-commercialisation-des-actions-em-44253864/",
  "source": "gdelt_zonebourse.com",
  "published_at": "2023-07-04T07:45:00+00:00",
  "collected_at": "2025-10-20T11:49:37.090840+00:00",
  "sp500_relevant": true,
  "collection_method": "gdelt_api",
  "language": "French",
  "content_fetched": true
}