{
  "article_id": "020db997dd2cdbef9d076184649d6ac4",
  "headline": "Dow Jones Futures : Margin Debt Is Market Rally Warning ; Bitcoin Soars , Tesla Model Y SR+ Pulled",
  "body": "Dow Jones futures fell Monday morning, along with S&P 500 futures and Nasdaq futures, after the stock market rally showed resilience last week. The Bitcoin price tumbled after soaring to fresh highs over the weekend. Dow giant Boeing (BA) fell as it grounded many 777 jets. Tesla (TSLA) pulled the base Model Y SR+ after launching it just last month.…",
  "url": "https://www.investors.com/market-trend/stock-market-today/dow-jones-futures-margin-debt-stock-market-rally-warning-bitcoin-soars-tesla-model-y-sr-plus/",
  "source": "gdelt_investors.com",
  "published_at": "2021-02-21T20:00:00+00:00",
  "collected_at": "2025-10-19T10:34:57.914629+00:00",
  "sp500_relevant": true,
  "collection_method": "gdelt_api",
  "language": "English",
  "content_fetched": true
}