{
  "article_id": "020f6b72e40368269e20294d7af9302e",
  "headline": "Stock Market Today : Dow Jones , S & P 500 Mixed After Weak Retail Sales",
  "body": "",
  "url": "https://www.investors.com/market-trend/stock-market-today/dow-jones-nasdaq-sp500-nvidia-nvda-stock-elf-stock/",
  "source": "gdelt_investors.com",
  "published_at": "2024-06-18T16:30:00+00:00",
  "collected_at": "2025-10-21T02:04:54.198714+00:00",
  "sp500_relevant": true,
  "collection_method": "gdelt_api",
  "language": "English",
  "content_fetched": false
}