{
  "article_id": "02168d6389012d4781d0f4770215f9b0",
  "headline": "Square Stock : Square Earnings Meet Estimates While Revenue Misses",
  "body": "",
  "url": "https://www.investors.com:443/news/technology/square-stock-square-earnings-news-q32024/",
  "source": "gdelt_investors.com",
  "published_at": "2024-11-07T23:15:00+00:00",
  "collected_at": "2025-10-21T04:59:32.435550+00:00",
  "sp500_relevant": true,
  "collection_method": "gdelt_api",
  "language": "English",
  "content_fetched": false
}