{
  "article_id": "0217d6d6190df7be79cd434f7bd128cd",
  "headline": "12 Information Technology Stocks Moving In Tuesday After - Market Session - Corsair Gaming ( NASDAQ : CRSR ), Porch Group ( NASDAQ : PRCH ), Casa Systems ( NASDAQ : CASA ), Power Integrations ( NASDAQ : POWI ) ",
  "body": "",
  "url": "https://www.benzinga.com/trading-ideas/movers/23/11/35659756/12-information-technology-stocks-moving-in-tuesdays-after-market-session",
  "source": "gdelt_benzinga.com",
  "published_at": "2023-11-07T22:15:00+00:00",
  "collected_at": "2025-10-20T17:59:32.899295+00:00",
  "sp500_relevant": true,
  "collection_method": "gdelt_api",
  "language": "English",
  "content_fetched": false
}