{
  "article_id": "0220e30b57722b8a5e445e35dce89da8",
  "headline": "Pasar saham Asia nantikan pertemuan Fed , ECB dan BoJ",
  "body": "Sydney (ANTARA) - Pelaku pasar saham Asia gelisah pada awal perdagangan Senin pagi, menunggu pertemuan bank-bank sentral utama yang kemungkinan akan melihat suku bunga yang lebih tinggi di Eropa dan Amerika Serikat, dan mungkin akhir dari siklus pengetatan di keduanya. Pasar sepenuhnya memperkirakan kenaikan seperempat poin dari Federal Reserve dan Bank Sentral Eropa (ECB), jadi fokusnya adalah pada apa yang dikatakan Ketua Fed Jerome Powell dan Presiden ECB Christine Lagarde tentang masa depan. \"Untuk keduanya, kami perkirakan ini menandai kenaikan terakhir dalam siklus, meskipun Lagarde atau Powell kemungkinan tidak akan memberi sinyal bahwa puncaknya sudah masuk, alih-alih mempertahankan nada hawkish dan tetap bergantung pada data,\" kata John Briggs, seorang analis di NatWest Markets. \"Tetapi data aktivitas dan inflasi di kedua wilayah itu telah cukup melunak, dan kemungkinan akan semakin melunak, untuk membenarkan diakhirinya siklus pengetatan.\" Sesuatu yang berbeda adalah Bank Sentral Jepang (BoJ) yang bertemu pada Jumat (28/7/2023) dan diperkirakan akan mempertahankan kebijakan super-longgarnya, tetapi beberapa bank barat berspekulasi tentang perubahan pada sikap kontrol kurva imbal hasil. Reuters melaporkan pekan lalu bahwa pembuat kebijakan BoJ lebih memilih untuk meneliti lebih banyak data untuk memastikan upah dan inflasi terus meningkat sebelum mengubah kebijakan.. Laporan tersebut memukul yen dan memberi Nikkei Jepang kenaikan awal 1,1 persen, sementara indeks MSCI dari saham Asia-Pasifik di luar Jepang hampir tidak berubah. Pertemuan Politbiro China minggu ini dapat melihat lebih banyak stimulus diumumkan, meskipun sejauh ini investor tidak puas dengan tindakan Beijing. S&P 500 berjangka dan Nasdaq berjangka sedikit berubah menjelang gelombang laporan pendapatan emiten minggu ini. Beberapa perusahaan besar yang melaporkan termasuk Alphabet, Meta, Intel, Microsoft, GE, AT&T, Boeing, Exxon Mobil, McDonald's, Coca Cola, Ford, dan GM. Hasilnya akan bagus untuk membenarkan kelipatan penghasilan S&P 500 sebesar 20 dan keuntungannya sebesar 19 persen tahun ini. \"Kami percaya ekspansi valuasi baru-baru ini meskipun suku bunga yang lebih tinggi masuk akal mengingat hubungan jangka panjang antara suku bunga dan ekuitas, peningkatan pertumbuhan yang diharapkan, dan konsentrasi pasar yang tinggi pada saham yang diuntungkan oleh optimisme AI (kecerdasan buatan),\" tulis analis di Goldman Sachs. \"Sementara perkiraan dasar kami mengasumsikan sedikit kontraksi dalam kelipatan P/E S&P 500 menjadi 19x pada akhir tahun, kami percaya risiko valuasi cenderung naik jika kelipatan lamban 'mengejar' atau hasil jatuh.\" Imbal hasil pada obligasi pemerintah 10 tahun stabil di 3,85 persen, masih di bawah lonjakan tertinggi baru-baru ini di 4,094 persen. Dolar bertahan di 141,75 yen, setelah melonjak 1,3 persen pada Jumat (21/7/2023) menyusul laporan BoJ. Keuntungan mengangkat dolar secara keseluruhan dan meninggalkan euro di 1,1128 dolar mundur dari puncaknya baru-baru ini di 1,1276 dolar. Kenaikan dolar menarik emas kembali ke 1.961 dolar AS per ounce dan jauh dari puncak minggu lalu di 1.987 dolar AS. Harga minyak mengalami aksi ambil untung pada Senin pagi setelah naik selama empat minggu berturut-turut di tengah pengetatan pasokan. Brent turun 47 sen menjadi 80,60 dolar AS per barel, sementara minyak mentah AS turun 39 sen menjadi 76,68 dolar AS per barel. Baca juga: Saham Asia dibuka melemah, setelah sektor teknologi AS merosotBaca juga: IHSG ditutup menguat di tengah pelemahan bursa kawasan AsiaBaca juga: Saham Asia dibuka menguat, sterling tersandung inflasi lebih dingin Penerjemah: Apep SuhendarEditor: Faisal Yunianto Copyright © ANTARA 2023 Dilarang keras mengambil konten, melakukan crawling atau pengindeksan otomatis untuk AI di situs web ini tanpa izin tertulis dari Kantor Berita ANTARA. Kirim Komentar menjadi tanggung-jawab Anda sesuai UU ITE.",
  "url": "https://www.antaranews.com/berita/3649032/pasar-saham-asia-nantikan-pertemuan-fed-ecb-dan-boj",
  "source": "gdelt_antaranews.com",
  "published_at": "2023-07-24T02:30:00+00:00",
  "collected_at": "2025-10-20T12:09:00.441669+00:00",
  "sp500_relevant": true,
  "collection_method": "gdelt_api",
  "language": "Indonesian",
  "content_fetched": true
}