{
  "article_id": "02234d68ca365a67ea40faed16dc07d8",
  "headline": "Dow Jones Jumps As Tesla Stock Surges ; Nvidia , Roku , Snap On The Move",
  "body": "The Dow Jones Industrial Average rallied 250 points Thursday, as Tesla stock surged higher. Dow Jones leader Apple is approaching a new buy point, while Microsoft is in buy range past a new entry. Tech giants Nvidia, Roku and Snap were on the move in morning trade. Among the Dow Jones leaders, Apple (AAPL) rose 0.5% Thursday, while Microsoft (MSFT)…",
  "url": "https://www.investors.com/market-trend/stock-market-today/dow-jones-jumps-as-tesla-stock-surges-nvidia-roku-snap-advance/",
  "source": "gdelt_investors.com",
  "published_at": "2021-06-24T20:15:00+00:00",
  "collected_at": "2025-10-19T12:38:23.722698+00:00",
  "sp500_relevant": true,
  "collection_method": "gdelt_api",
  "language": "English",
  "content_fetched": true
}