{
  "article_id": "022517474d7e9b437b1265cbeb72d6e8",
  "headline": "Fed降息箭在弦上 一年後美股怎麼走 ？ 阮慕驊秀數據 ： 這情況下沒跌過 | 財經",
  "body": "美國聯準會（Fed）本週將揭曉最新利率，外界高度共識，降息已是箭在弦上的利多。財經專家阮慕驊今（17）日也在臉書發文指出，這次降息已幾乎是市場百分之百共識，只是要降一碼、還是兩碼的不同看法。 自去年 12 月最後一次降息以來，美國聯邦資金利率今年來一直維持在 4.25%～4.5%區間。隨美國就業市場疲弱，市場普遍預期，聯準會在本月 16 日、17日的聯邦公開市場委員會（FOMC）會議後，將宣布今年來首度利率調降。阮慕驊對此表示，這次降息，市場已幾乎為百分之百共識，只是要降一碼還是兩碼的不同看法。「我覺得是一碼，兩碼太過激進，而且也不是市場主流看法。」 現正最夯：藝人閃兵案延燒！「這幾人」超過36歲免補服役 降息幾乎無懸念，而 S&P 500 指數今年已上漲 12.3%，於昨日盤中攀至歷史新高 6,626.99點，然而，股市後續可能如何反應？尤其當股市位於歷史高點降息，是否會引爆賣壓？對此，阮慕驊秀出數據指出，自 1980 年以來，聯準會曾多次在 S&P 500 指數處於歷史高點附近實施降息，「結果一年後，美股平均漲幅達 14%。」 此外，阮慕驊也引用摩根大通的統計，聯準會歷史上曾經 16次在（美國）股市處於歷史高點 1%以內降息，S&P 500 指數一年後竟沒有出現過一次下跌，其平均回報率接近 15%；並指出，「摩根大通當時做出了結論，當降息是在股市於歷史高點附近時，美國的經濟從來沒有陷入衰退。這才是主要原因。」 阮慕驊最後引用馬克吐溫的名言「歷史不會重複，但會押韻」。 ※Newtalk提醒您：#投資一定有風險，投資有賺有賠，投資前應檢視自身能力，申購前應詳閱公開說明書。",
  "url": "https://newtalk.tw/news/view/2025-09-17/994156",
  "source": "gdelt_newtalk.tw",
  "published_at": "2025-09-17T08:30:00+00:00",
  "collected_at": "2025-10-21T11:38:14.288403+00:00",
  "sp500_relevant": true,
  "collection_method": "gdelt_api",
  "language": "Chinese",
  "content_fetched": true
}