{
  "article_id": "0226f8503372f60afa7786f35e61b7dd",
  "headline": "Stock Market Higher ; Retailers Mixed As Cryptocurrency Stocks Fall , EV Shares Rally",
  "body": "The stock market held its gains in the first hour of trading Tuesday, with retail stocks mixed after key earnings reports and some strong monthly retail sales data. EV stocks rose, but cryptocurrency assets fell. The Nasdaq composite climbed 0.1%, the S&P 500 0.3% and the Dow Jones Industrial Average added 0.4%. Small caps lagged as the Russell 2000 lost…",
  "url": "https://www.investors.com/market-trend/stock-market-today/stock-market-higher-retailers-mixed-as-cryptocurrency-stocks-fall-ev-shares-rally/",
  "source": "gdelt_investors.com",
  "published_at": "2021-11-16T17:00:00+00:00",
  "collected_at": "2025-10-19T18:37:38.714939+00:00",
  "sp500_relevant": true,
  "collection_method": "gdelt_api",
  "language": "English",
  "content_fetched": true
}