{
  "article_id": "0228889ccebfaa3cedba359ee91a08f8",
  "headline": "Inflation , earnings and AI are the three market drivers were watching this week",
  "body": "",
  "url": "https://www.cnbc.com/2024/10/06/inflation-earnings-and-ai-are-the-three-market-drivers-were-watching-this-week.html",
  "source": "gdelt_cnbc.com",
  "published_at": "2024-10-06T15:30:00+00:00",
  "collected_at": "2025-10-21T04:31:36.311863+00:00",
  "sp500_relevant": true,
  "collection_method": "gdelt_api",
  "language": "English",
  "content_fetched": false
}