{
  "article_id": "023ae79820dfbfe830079cdbdb8630e3",
  "headline": "Dow Jones Rallies 250 Points Amid Economic Data ; Tesla Surges On Production Ramp",
  "body": "",
  "url": "https://www.investors.com/market-trend/stock-market-today/dow-jones-futures-climb-ahead-of-economic-data-tesla-stock-jumps-on-production-ramp/",
  "source": "gdelt_investors.com",
  "published_at": "2023-02-27T15:15:00+00:00",
  "collected_at": "2025-10-20T08:59:42.252772+00:00",
  "sp500_relevant": true,
  "collection_method": "gdelt_api",
  "language": "English",
  "content_fetched": false
}