{
  "article_id": "0246810124f9e46cbeb7a766cfb9ae4d",
  "headline": "Wall Street ouvre sans entrain , les yeux rivés sur lemploi américain - 04 / 09 / 2025 à 15 : 38",
  "body": "",
  "url": "https://www.boursorama.com/bourse/actualites/wall-street-ouvre-sans-entrain-les-yeux-rives-sur-l-emploi-americain-6d68b20b9665c3850bb70d796d13a9d9",
  "source": "gdelt_boursorama.com",
  "published_at": "2025-09-04T14:00:00+00:00",
  "collected_at": "2025-10-21T11:21:14.457412+00:00",
  "sp500_relevant": true,
  "collection_method": "gdelt_api",
  "language": "French",
  "content_fetched": false
}