{
  "article_id": "02495416d60b5a38458cee4cc6ab0471",
  "headline": "Bourse : Wall Street ouvre en baisse , préoccupée par linflation",
  "body": "(Photo: Getty Images) REVUE DES MARCHÉS. La Bourse de New York a terminé lundi en forte baisse, plombée par le secteur de la technologie, Facebook et les craintes d’inflation. Une forte baisse du secteur des technologies de l’information a forcé l’indice de référence de la Bourse de Toronto à reculer pour clôturer lundi à son plus faible niveau depuis juillet, pendant que le cours du pétrole brut grimpait pour sa partà son plus haut niveau depuis 2014. À Toronto, le S&P/TSX a baissé de 98,62 points (-0,49%) à 20 052,25 points. À New York, le S&P 500 a chuté de 56,58 points (-1,30%) à 4 300,46 points. Le Nasdaq a plongé de 311,21 points (-2,14%) à 14 255,48 points. Le DOW a perdu 323,54 points (-0,94%) à 34 002,92 points. Le huard a monté de 0,0045 $US (+0,56%) à 0,795 0 $US. Le pétrole a haussé de 1,76 $US (+2,32%) à 77,64 $US. L’or a grimpé de 10,20 $US (+0,58%) à 1 768,60 $US. Poids lourd du Nasdaq, Facebook (FB) a plongé de 4,89% à 326,23 $US, cumulant les déboires entre les accusations d’une lanceuse d’alerte sur la politique du groupe et une mégapanne de plusieurs heures de ses réseaux. Depuis ses sommets début septembre, le titre a perdu 15%. Neuf des onze secteurs du S&P ont terminé dans le rouge, lestés par les secteurs de la communication (-2,11%) et des technologies de l’information (-2,36%). Facebook est restée «au centre de l’attention comme l’un des plus sérieux perdants» de la séance «à la suite de l’interview d’une lanceuse d’alerte et de problèmes internes à l’entreprise», ont résumé les analystes de Schwab. Le réseau social est d’abord en butte aux accusations d’une lanceuse d’alerte qui va témoigner devant le Congrès mardi pour affirmer que Facebook choisit «le profit plutôt que la sûreté». Des recherches internes au groupe ont montré que son réseau social Instagram a des effets négatifs sur le moral des adolescentes. À cela s’est ajouté lundi une mégapanne affectant l’accès des quatre réseaux du groupe: Facebook, Instagram, Whatsapp et Messenger à des millions d’utilisateurs. En une séance, à cause de la chute de ses actions, le richissime cofondateur du groupe Mark Zuckerberg, 37 ans, a perdu 7 milliards de $US en quelques heures, affirme un décompte de Bloomberg et 19 milliards depuis la mi-septembre. Facebook est une des plus importantes capitalisations de Wall Street, se rangeant en général derrière Apple, Microsoft, Google (Alphabet) et Amazon. Pétrole et inflation, mais le vif repli du secteur technologique s’était déjà amorcé dès l’ouverture de Wall Street, les investisseurs étant préoccupés par l’inflation qui rogne la future trésorerie de ces groupes et leur capacité à financer leur croissance et leurs rachats d’actions. Vendredi, le département du Commerce a publié un chiffre d’inflation très élevé (4,3% sur un an en août, selon l’indice PCE) et une accélération sur le mois. Ainsi Apple (APPL) a lâché 2,46% à 139,14 $US, Amazon (AMZN) 2,85% à 3 189,78 $US et Alphabet (GOOG) 1,98% à 2 675,30 $US. Le titre du groupe de paiements électroniques Square (SQ) a fondu de 5,45% à 226,25 $US. Les opérateurs ont réagi également à la réunion de l’OPEP+ alors que les cours du pétrole, dont la hausse récente avec d’autres prix énergétiques, font craindre une inflation persistante. Les pays membres et leurs alliés ont choisi de reconduire leur stratégie d’augmentation modeste de la production pour novembre, ignorant les appels à ouvrir davantage les vannes et propulsant les prix vers le haut. Les cours de référence du pétrole se sont envolés, le prix du WTI américain s’inscrivant au plus haut depuis 2014 et le Brent depuis 2018. Du coup, les titres énergétiques avaient le vent en poupe (+1,63%). À l’étranger, les ennuis du groupe immobilier chinois Evergrande, qui a suspendu lundi sa cotation à la Bourse de Hong Kong, n’ont pas aidé à redonner confiance. Aux États-Unis en fin de semaine, les investisseurs guettent en outre les chiffres officiels du marché du travail pour septembre. Après un mois d’août décevant, les analystes s’attendent à quelque 450 000 créations d’emplois en septembre avec un taux de chômage en léger repli à 5,1% au lieu de 5,2%. «Encore une raison pour les investisseurs de rester méfiants», indiquait Peter Cardillo de Spartan capital Securities. L’analyste rappelait «la réputation douteuse» du mois d’octobre pour les boursiers. « Un mois où nombre d’événements sont intervenus dans le passé comme le krach de 1929 et celui de 1987 ».",
  "url": "https://www.lesaffaires.com/bourse/revue-des-marches/bourse-04-10-2021/627747",
  "source": "gdelt_lesaffaires.com",
  "published_at": "2021-10-04T15:30:00+00:00",
  "collected_at": "2025-10-19T17:51:57.402021+00:00",
  "sp500_relevant": true,
  "collection_method": "gdelt_api",
  "language": "French",
  "content_fetched": true
}