{
  "article_id": "024b466ca199ce57c47d2c0a8802d509",
  "headline": "Ropa Brent staniała do 87 , 08 dol ., a WTI do 83 , 12 dol . ",
  "body": "",
  "url": "https://www.wnp.pl/finanse/ropa-brent-staniala-do-87-08-dol-a-wti-do-83-12-dol,698638.html",
  "source": "gdelt_wnp.pl",
  "published_at": "2023-04-13T07:15:00+00:00",
  "collected_at": "2025-10-20T10:10:01.361658+00:00",
  "sp500_relevant": true,
  "collection_method": "gdelt_api",
  "language": "Polish",
  "content_fetched": false
}