{
  "article_id": "024df384ea7bd6383abb4f700a19e533",
  "headline": "Should You Pull Your Money Out of the Stock Market Right Now ? ",
  "body": "",
  "url": "https://www.stltoday.com/business/investment/personal-finance/should-you-pull-your-money-out-of-the-stock-market-right-now/article_667c307d-ee8f-5e04-9ed6-948014af1136.html",
  "source": "gdelt_stltoday.com",
  "published_at": "2022-06-19T15:45:00+00:00",
  "collected_at": "2025-10-20T00:48:56.878569+00:00",
  "sp500_relevant": true,
  "collection_method": "gdelt_api",
  "language": "English",
  "content_fetched": false
}