{
  "article_id": "02502107954f39e36ed7988fcf6b2c9d",
  "headline": "Inwestorzy zareagowali na słowa szefa Fed . Główne indeksy w dół , stracili giganci IT",
  "body": "",
  "url": "https://www.wnp.pl/finanse/inwestorzy-zareagowali-na-slowa-szefa-fed-glowne-indeksy-w-dol-stracili-giganci-it,889677.html",
  "source": "gdelt_wnp.pl",
  "published_at": "2024-11-16T07:15:00+00:00",
  "collected_at": "2025-10-21T05:09:06.524631+00:00",
  "sp500_relevant": true,
  "collection_method": "gdelt_api",
  "language": "Polish",
  "content_fetched": false
}