{
  "article_id": "02593c1d0b274dc029e155944d06bf5a",
  "headline": "Wall Street Terperosok , Nasdaq Anjlok 2 , 6 Persen",
  "body": "Bisnis.com, JAKARTA – Bursa saham Amerika Serikat berguguran pada akhir perdagangan Selasa (18/1/2022) waktu setempat karena kenaikan imbal hasil obligasi pemerintah AS dan penurunan pendapatan Goldman Sachs. Berdasarkan data Bloomberg, Rabu (19/1/2022), indeks Dow Jones Industrial Average ditutup melemah 1,51 persen atau 543,34 poin ke 35.368,47, S&P 500 anjlok 1,84 persen atau 85,74 poin ke 4.577,11, dan Nasdaq tergelincir 2,60 persen atau 386,86 poin ke 14.506,90. Penurunan Nasdaq yang mencapai 2,6 persen merupakan penutupan terendah sejak Oktober 2021 karena Wall Street terus mempertimbangkan kemungkinan kenaikan suku bunga yang lebih cepat dari perkiraan oleh Federal Reserve. Adapun imbal hasil obligasi Treasury AS tenor 10 tahun naik ke level tertinggi dalam dua tahun, menjadi 1,865 persen “Aksi jual adalah kelanjutan dari apa yang telah kita lihat sejauh ini tahun ini, semua tentang suku bunga. Kenaikan imbal hasil seri 10 tahun memiliki implikasi besar bagi internal pasar,” kata David Lefkowitz, kepala ekuitas untuk Amerika di UBS Global Wealth Management kepada Yahoo Finance Live. Wall Street sempat libur pada Senin untuk memperingati Hari Martin Luther King Jr. kemudian melanjutkan perdagangan pada Selasa di tengah kesibukan laporan keuangan perusahaan yang diumumkan menjelang sesi perdagangan. Goldman Sachs (GS), PNC Bank (PNC) dan Bank of New York Mellon (BK ) merilis laporan pendapatan selama tiga bulan terakhir tahun 2021 sebelum pasar dibuka. \"Sektor perbankan investasi dengan lonjakan advisory benar-benar terlihat di Goldman Sachs, tetapi saya pikir pendapatan perdagangan akan menjadi sedikit lebih ringan karena volatilitas yang disebabkan oleh pandemi mulai mereda,\" kata analis bank senior dan manajer portofolio abrdn Jon Curra. Baca Juga Menjelang musim laporan pendapatan emiten, investor akan menetapkan fokus mereka pada laba perusahaan dan metrik perusahaan lainnya, bergeser setidaknya untuk sementara dari kekhawatiran seputar pengetatan kebijakan moneter Federal Reserve dan ketidakpastian ekonomi yang telah mengguncang saham dalam beberapa pekan terakhir. Kekhawatiran atas kenaikan suku bunga yang lebih cepat dari perkiraan telah membebani pasar saham 2022 sejauh ini. S&P 500 turun 2,79 persen year-to-date, sementara Dow telah kehilangan 1,84 persen. Nasdaq telah merosot 5,93 persen sejak awal tahun ini, dengan lebih dari saham sepertiga perusahaan dalam indeks setidaknya terpangkas 50 persen dari posisi tertinggi 52-minggu, menurut data Bloomberg. “Sangat menarik untuk melihat pasar mencerna transisi ini dari lampu hijau ke lampu kuning. Ini hanya lingkungan yang jauh berbeda dari yang kita alami sejak dasar pandemi,” kata kepala Strategi Pasar FS Investments Troy Gayeski. Namun, prospek untuk tahun 2022 tetap positif dengan sejumlah analis pasar yang mengantisipasi kenaikan sekalipun imbal hasilnya tidak mungkin menyamai return jumbo saham pada 2021. Namun pasar saham berada dalam kondisi yang baik untuk pengembalian yang solid di masa depan.",
  "url": "https://market.bisnis.com/read/20220119/7/1490673/wall-street-terperosok-nasdaq-anjlok-26-persen",
  "source": "gdelt_market.bisnis.com",
  "published_at": "2022-01-18T23:15:00+00:00",
  "collected_at": "2025-10-19T19:59:21.268298+00:00",
  "sp500_relevant": true,
  "collection_method": "gdelt_api",
  "language": "Indonesian",
  "content_fetched": true
}