{
  "article_id": "0259f9b6e11d26cf029560facc31ef3a",
  "headline": "Wall Street avance prudemment , entre résultats et négociations commerciales - 08 / 08 / 2025 à 15 : 39",
  "body": "",
  "url": "https://www.boursorama.com/bourse/actualites/wall-street-avance-prudemment-entre-resultats-et-negociations-commerciales-59e7f36ff9128ffa363a8a47422ec173",
  "source": "gdelt_boursorama.com",
  "published_at": "2025-08-08T14:00:00+00:00",
  "collected_at": "2025-10-21T10:19:59.232233+00:00",
  "sp500_relevant": true,
  "collection_method": "gdelt_api",
  "language": "French",
  "content_fetched": false
}