{
  "article_id": "0262a0bc2de6c81609c0a0c202fd90b3",
  "headline": "Casella Waste Systems , SES AI And Other Big Stocks Moving Lower In Wednesday Pre - Market Session - Casella Waste Sys ( NASDAQ : CWST ) ",
  "body": "U.S. stock futures were higher this morning, with the Dow futures gaining around 50 points on Wednesday. Shares of Casella Waste Systems, Inc. (NASDAQ:CWST) fell sharply in today's pre-market trading after the company announced a proposed public offering of Class A common stock. Casella Waste Systems shares fell 3.3% to $103.21 in pre-market trading. Here are some big stocks recording losses in today's pre-market trading session. Now Read This: © 2025 Benzinga.com. Benzinga does not provide investment advice. All rights reserved.",
  "url": "https://www.benzinga.com/news/24/09/40917319/casella-waste-systems-ses-ai-and-other-big-stocks-moving-lower-in-wednesdays-pre-market-session",
  "source": "gdelt_benzinga.com",
  "published_at": "2024-09-18T13:15:00+00:00",
  "collected_at": "2025-10-21T04:11:56.760773+00:00",
  "sp500_relevant": true,
  "collection_method": "gdelt_api",
  "language": "English",
  "content_fetched": true
}