{
  "article_id": "02622e0f1a7a5e73b97e6cfb62f83874",
  "headline": "Wall Street dans le vert dans un contexte daccalmie commerciale - 16 / 05 / 2025 à 16 : 26",
  "body": "",
  "url": "https://www.boursorama.com/bourse/actualites/wall-street-dans-le-vert-dans-un-contexte-d-accalmie-commerciale-d779d8103b37b10e540bd397840968d0",
  "source": "gdelt_boursorama.com",
  "published_at": "2025-05-16T16:00:00+00:00",
  "collected_at": "2025-10-21T08:48:47.389460+00:00",
  "sp500_relevant": true,
  "collection_method": "gdelt_api",
  "language": "French",
  "content_fetched": false
}