{
  "article_id": "026ef0404193ea3e8daa903a698d914d",
  "headline": "After FTSE Russell Downgrade , MSCI Moves to Reclassify Nigerian Stock Market",
  "body": "",
  "url": "https://www.thisdaylive.com/index.php/2023/10/28/after-ftse-russell-downgrade-msci-moves-to-reclassify-nigerian-stock-market",
  "source": "gdelt_thisdaylive.com",
  "published_at": "2023-10-28T04:30:00+00:00",
  "collected_at": "2025-10-20T17:12:55.665252+00:00",
  "sp500_relevant": true,
  "collection_method": "gdelt_api",
  "language": "English",
  "content_fetched": false
}