{
  "article_id": "026f62d6096745cdbf4825c60b95166d",
  "headline": "Dow Jones Futures : Apple , Microsoft Lead 7 Key Earnings , Tesla Rolls Back FSD Beta ; Will Trump Stock DWAC Keep Rising ? ",
  "body": "Dow Jones futures tilted higher Monday morning, while S&P 500 futures and Nasdaq futures rose slightly. Tesla (TSLA) jumped on a reported Hertz order, despite an FSD Beta setback. PayPal (PYPL) said it's not seeking to buy Pinterest (PINS). Trump stock continued to rise. The stock market rally had solid gains last week, with the Dow Jones and S&P 500…",
  "url": "https://www.investors.com/market-trend/stock-market-today/dow-jones-futures-apple-microsoft-lead-key-earnings-tesla-rolls-back-fsd-beta-will-trump-stock-dwac-keep-rising/",
  "source": "gdelt_investors.com",
  "published_at": "2021-10-24T21:30:00+00:00",
  "collected_at": "2025-10-19T18:09:20.301090+00:00",
  "sp500_relevant": true,
  "collection_method": "gdelt_api",
  "language": "English",
  "content_fetched": true
}