{
  "article_id": "027ded6db5be5c81a75caaeef4176c99",
  "headline": "A Look Into Baidu Inc Price Over Earnings - Baidu ( NASDAQ : BIDU ) ",
  "body": "In the current session, Baidu Inc. (NASDAQ:BIDU) is trading at $150.92, after a 1.89% decrease. Over the past month, the stock fell by 1.66%, and in the past year, by 1.87%. With performance like this, long-term shareholders are more likely to start looking into the company's price-to-earnings ratio. The P/E ratio measures the current share price to the company's EPS. It is used by long-term investors to analyze the company's current performance against it's past earnings, historical data and aggregate market data for the industry or the indices, such as S&P 500. A higher P/E indicates that investors expect the company to perform better in the future, and the stock is probably overvalued, but not necessarily. It also could indicate that investors are willing to pay a higher share price currently, because they expect the company to perform better in the upcoming quarters. This leads investors to also remain optimistic about rising dividends in the future. Baidu has a lower P/E than the aggregate P/E of 99.73 of the Interactive Media & Services industry. Ideally, one might believe that the stock might perform worse than its peers, but it's also probable that the stock is undervalued. In summary, while the price-to-earnings ratio is a valuable tool for investors to evaluate a company's market performance, it should be used with caution. A low P/E ratio can be an indication of undervaluation, but it can also suggest weak growth prospects or financial instability. Moreover, the P/E ratio is just one of many metrics that investors should consider when making investment decisions, and it should be evaluated alongside other financial ratios, industry trends, and qualitative factors. By taking a comprehensive approach to analyzing a company's financial health, investors can make well-informed decisions that are more likely to lead to successful outcomes. © 2025 Benzinga.com. Benzinga does not provide investment advice. All rights reserved.",
  "url": "https://www.benzinga.com/news/23/03/31616864/a-look-into-baidu-incs-price-over-earnings",
  "source": "gdelt_benzinga.com",
  "published_at": "2023-03-31T21:45:00+00:00",
  "collected_at": "2025-10-20T09:40:31.727377+00:00",
  "sp500_relevant": true,
  "collection_method": "gdelt_api",
  "language": "English",
  "content_fetched": true
}