{
  "article_id": "028113f5aaf1bf5a5f104ce91d4a138d",
  "headline": "Dow Jones Futures : Market Rally Strong As Tesla , Rivian Run , But Watch For This ; 3 Stocks In Buy Zones",
  "body": "Dow Jones futures fell slightly Wednesday morning, along with S&P 500 futures and Nasdaq futures, with Lowe's and Target earnings in focus. The stock market rally had a solid session Tuesday, with the S&P 500 index and Nasdaq composite just below recent all-time highs. EV stocks continued to be market rally hot rods. Rivian (RIVN) and Lucid Motors (LCID) continued…",
  "url": "https://www.investors.com/market-trend/stock-market-today/dow-jones-futures-market-rally-eyes-highs-tesla-rivian-rally-3-stocks-in-buy-zones/",
  "source": "gdelt_investors.com",
  "published_at": "2021-11-16T23:00:00+00:00",
  "collected_at": "2025-10-19T18:37:38.712407+00:00",
  "sp500_relevant": true,
  "collection_method": "gdelt_api",
  "language": "English",
  "content_fetched": true
}