{
  "article_id": "0282501d35f0997b3ff6f816564eadf2",
  "headline": "UBCKNN : Mục tiêu quy mô quản lý tài sản của các quỹ đầu tư đạt 6 - 10 % GDP năm 2030",
  "body": "",
  "url": "https://ndh.vn/quy-dau-tu/ubcknn-muc-tieu-quy-mo-quan-ly-tai-san-cua-cac-quy-dau-tu-dat-6-10-gdp-nam-2030-1304453.html",
  "source": "gdelt_ndh.vn",
  "published_at": "2021-11-24T06:00:00+00:00",
  "collected_at": "2025-10-19T18:41:07.484546+00:00",
  "sp500_relevant": true,
  "collection_method": "gdelt_api",
  "language": "Vietnamese",
  "content_fetched": false
}