{
  "article_id": "02862dc9c962a3d93ed6f6fe8fed5061",
  "headline": "Stock Market Today : Dow Jones Rises On Strong Jobs Report ; Meta , Nvidia Rally ; Tesla Slides",
  "body": "",
  "url": "https://www.investors.com/market-trend/stock-market-today/dow-jones-sp500-nasdaq-jobs-report-meta-stock-nvidia-nvda-tesla-tsla/",
  "source": "gdelt_investors.com",
  "published_at": "2024-04-05T16:15:00+00:00",
  "collected_at": "2025-10-21T00:08:52.568043+00:00",
  "sp500_relevant": true,
  "collection_method": "gdelt_api",
  "language": "English",
  "content_fetched": false
}