{
  "article_id": "028a14a31df74a5df386619870e3f03d",
  "headline": "Nigeria : Foreign , Domestic Investor Stake in Stock Market Down 33 . 94 % On Global Economic Headwinds",
  "body": "",
  "url": "https://allafrica.com/stories/202210260035.html",
  "source": "gdelt_allafrica.com",
  "published_at": "2022-10-26T07:00:00+00:00",
  "collected_at": "2025-10-20T05:44:17.534163+00:00",
  "sp500_relevant": true,
  "collection_method": "gdelt_api",
  "language": "English",
  "content_fetched": false
}