{
  "article_id": "02987af50b8e45e1708cabe6d04c8338",
  "headline": "Stock market news : BSE , NSE to conduct mock trading session on Saturday . Time , other details",
  "body": "Mock trading session: Stock exchanges BSE and National Stock Exchange (NSE) will hold mock trading sessions on Saturday, September 6. The mock trading will be held across segments - equity, equity derivatives, currency derivatives and commodity derivatives. While NSE, via its mock drill schedule, had indicated a session on September 6, BSE shared a release on Thursday evening. Mock trading sessions help test trading systems and infrastructure, practice emergency procedures, and allow brokers and users to familiarise themselves with new systems without financial risk. \"Trading members using third-party trading platforms can also use this opportunity to test their respective trading application during mock trading sessions for various functionalities (including exceptional market conditions), viz,. various types of call auction sessions, risk-reduction mode, trading halt, block deals, etc,\" BSE said in a release. Meanwhile, BSE added that the new BOLT Pro TWS version 12.03 shall be released. Details for that will be updated via a separate circular, the exchange said. The mock trading in equity markets on BSE will follow this schedule: ^ - Random stoppage of order entry session in last 1 minute for Pre-Open & Periodic Call Auction ^ - Random stoppage of order entry session in last 10 minute for Special Pre-Open for IPO & Re-listed scrips The mock trading in the equity derivatives segment on BSE will be held as follows: The mock trading in the currency derivatives will take place on BSE as follows: BSE clarified that this mock trading is merely for the purpose of testing and familiarisation, and that the trades resulting from such mock trading will not attract any margin obligation or pay-in and pay-out obligation and will not create any rights and liabilities. Participants are requested to participate actively in the mock trading sessions, BSE added. In the commodity derivatives segment, too, the new BOLT Pro TWS version 12.03 shall be released. The schedule is as follows: Similar to commodity derivatives trading, the mock session is merely for testing and familiarisation. The schedule for the same is as follows: Disclaimer: This story is for educational purposes only. We advise investors to consult with certified experts before making any investment decisions, as market conditions can change rapidly and circumstances may vary. Catch all the Business News , Market News , Breaking News Events and Latest News Updates on Live Mint. Download The Mint News App to get Daily Market Updates. Log in to our website to save your bookmarks. It'll just take a moment.",
  "url": "https://www.livemint.com/market/stock-market-news/stock-market-news-bse-nse-to-conduct-mock-trading-session-on-saturday-time-other-details-11757064626252.html",
  "source": "gdelt_livemint.com",
  "published_at": "2025-09-06T02:30:00+00:00",
  "collected_at": "2025-10-21T11:25:05.571367+00:00",
  "sp500_relevant": true,
  "collection_method": "gdelt_api",
  "language": "English",
  "content_fetched": true
}