{
  "article_id": "02992c0d458dde3f7875fe73e56bdff1",
  "headline": "1 Wall Street Analyst Thinks Super Micro Computer Stock Is Going to $1 , 040 . Is It a Buy ? ",
  "body": "Data center systems provider Super Micro Computer (SMCI 5.48%) has been a darling of Wall Street lately. Its shares have soared 950% over the past year and have been on a parabolic move recently. The stock has tripled in just the last month, but one Wall Street analyst thinks Supermicro, as it is known, still has more room to run. Bank of America Securities analyst Ruplu Bhattacharya began coverage on the supplier of accelerated computing server systems with a buy rating and a $1,040 price target. That would represent a jump of 18% over Wednesday's closing price, even after Supermicro's torrid run. Companies in virtually every sector are leveraging the power of artificial intelligence (AI). The biggest beneficiary in the stock market thus far has been semiconductor chipmaker Nvidia. In that company's third quarter, overall revenue more than tripled from a year ago and soared 34% sequentially from the prior quarter. That jump came mainly from growth in Nvidia's data center business thanks to customers craving its chips that power AI applications. But businesses don't just need the chips, they need the server infrastructure that keeps the full AI machine running. And while Nvidia's revenue tripled year over year, its earnings per share rocketed by more than 12-fold. That's the earnings power that Bhattacharya sees helping boost Supermicro too. In a client note, he wrote: \"We think this provider of server and storage solutions will be a beneficiary of AI-driven demand growth ... We believe the market for AI servers is much larger than is factored in [Wall] Street models.\" Bhattacharya's price target could even be conservative. If the market for AI servers grows at a 50% annual rate over the next several years as Bhattacharya thinks, Supermicro has plenty more sales and earnings growth ahead. Yet the stock is still not overly expensive. It has a price-to-sales ratio of about 6 compared to 40 for Nvidia. And earnings could soar as they have for Nvidia. The analyst's call looks very achievable.",
  "url": "https://www.fool.com/investing/2024/02/18/1-analyst-thinks-smci-stock-is-going-to-1040/?source=iedfolrf0000001",
  "source": "gdelt_fool.com",
  "published_at": "2024-02-18T19:30:00+00:00",
  "collected_at": "2025-10-20T23:04:17.872398+00:00",
  "sp500_relevant": true,
  "collection_method": "gdelt_api",
  "language": "English",
  "content_fetched": true
}