{
  "article_id": "029ad87f9f68be5c77825a93a9a25769",
  "headline": "Fed giảm lãi suất , chứng khoán Việt Nam mở cửa phiên tăng",
  "body": "",
  "url": "https://vietbao.vn/fed-giam-lai-suat-chung-khoan-viet-nam-mo-cua-phien-tang-507582.html",
  "source": "gdelt_vietbao.vn",
  "published_at": "2024-09-19T05:45:00+00:00",
  "collected_at": "2025-10-21T04:14:13.295686+00:00",
  "sp500_relevant": true,
  "collection_method": "gdelt_api",
  "language": "Vietnamese",
  "content_fetched": false
}