{
  "article_id": "029c4dd55fe9a71de9a0c6952347f16d",
  "headline": "5 Reasons Not to Worry About a Stock Market Crash",
  "body": "",
  "url": "https://www.stltoday.com/business/investment/personal-finance/5-reasons-not-to-worry-about-a-stock-market-crash/article_9da12578-6031-5285-8fe9-835ddb9236f5.html",
  "source": "gdelt_stltoday.com",
  "published_at": "2021-11-12T16:45:00+00:00",
  "collected_at": "2025-10-19T18:30:19.938324+00:00",
  "sp500_relevant": true,
  "collection_method": "gdelt_api",
  "language": "English",
  "content_fetched": false
}