{
  "article_id": "02a025e062df65dda8994f63486d0752",
  "headline": "12 Consumer Discretionary Stocks Moving In Tuesday After - Market Session - Robo . ai ( NASDAQ : AIIO ), Bollinger Innovations ( NASDAQ : BINI ) ",
  "body": "This article was generated by Benzinga's automated content engine and reviewed by an editor. © 2025 Benzinga.com. Benzinga does not provide investment advice. All rights reserved.",
  "url": "https://www.benzinga.com/insights/movers/25/09/47584245/12-consumer-discretionary-stocks-moving-in-tuesdays-after-market-session",
  "source": "gdelt_benzinga.com",
  "published_at": "2025-09-09T22:45:00+00:00",
  "collected_at": "2025-10-21T11:27:47.169556+00:00",
  "sp500_relevant": true,
  "collection_method": "gdelt_api",
  "language": "English",
  "content_fetched": true
}