{
  "article_id": "02a16de269e25aeac5747719a8534c33",
  "headline": "S & P dan Nasdaq Cetak Rekor Tertinggi Ditopang Saham Teknologi",
  "body": "New York, Beritasatu.com- Bursa AS Wall Street bervariasi pada perdagangan Senin (30/8/2021) dimana S&P 500 dan Nasdaq mencatat rekor tertinggi jelang hari terakhir Agustus. Indeks S&P naik 0,43% ke rekor tertinggi 4.528,79, sedangkan Nasdaq Composite menguat 0,90% ke level tertingginya sepanjang masa 15.265,89. Dow Jones Industrial Average berkinerja buruk, kehilangan 55,96 poin atau 0,16% menjadi 35.399,84. Saham teknologi utama memimpin kenaikan pada Senin. Microsoft dan Netflix masing-masing naik 1,3%, adapun Apple melonjak 3%. Saham Affirm Holdings melonjak lebih 46% setelah perusahaan mengumumkan kemitraan dengan Amazon pada Jumat (27/8/2021). Saham Amazon naik sekitar 2%. Sementara saham keuangan membebani pasar dengan Capital One turun 6% dan Wells Fargo kehilangan 2,8%. Saham maskapai penerbangan melemah karena Uni Eropa melarang perjalanan yang tidak penting ke Amerika Serikat (AS) karena melonjak kasus Covid-19. Saham Paypal, naik 3,6% setelah perusahaan sedang menjajaki platform perdagangan saham untuk pelanggan AS. Pialang Robinhood, turun 6,9%. Senin dan Selasa menandai 2 hari perdagangan terakhir di bulan Agustus. Hingga Senin, S&P 500 naik 3% pada Agustus, sedangkan Dow Jones Industrial Average dan Nasdaq Composite masing-masing naik 1,3% dan 4% bulan ini. Penguatan bulan ini karena laporan pendapatan perusahaan kuartal kedua menunjukkan pertumbuhan. \"Kami tidak dapat sepenuhnya mengabaikan risiko, termasuk varian delta, gangguan rantai pasokan, dan tekanan inflasi terutama upah. Namun kami mengharapkan efisiensi perusahaan Amerika dan kekuatan pembukaan kembali untuk mendorong pendapatan sehingga menambah kenaikan saham selama sisa tahun 2021,\" kata Kepala Strategi Market LPL Financial, Ryan Detrick, dalam sebuah catatan kepada klien Senin. Saham mendapatkan dorongan lain minggu lalu setelah Ketua Federal Reserve Jerome Powell memberi isyarat bahwa pengurangan obligasi dapat dimulai tahun ini, tetapi bank sentral tidak terburu-buru menaikkan suku bunga. Berdasarkan pernyataan pejabat Fed lainnya, pengumuman tapering diperkirakan pada pertemuan Fed 21-22 September. Pelaku pasar menuggu rilis laporan pekerjaan Agustus pada Jumat (3/9/2021). Ekonom yang disurvei Dow Jones memperkirakan 750.000 pekerjaan diciptakan pada Agustus dan tingkat pengangguran turun menjadi 5,2%. Simak berita dan artikel lainnya di Google News Ikuti yang terbaru di WhatsApp Channel Beritasatu 1 Perhiasan Koleksi Napoleon Dirampok, Museum Louvre di Paris Ditutup 2 Proyek Irigasi Rp 195 Juta di Lebak Ambruk Tak Lama setelah Diresmikan 3 Warung Epy Kusnandar Diganggu, Netizen Suarakan Panggil Preman Pensiun 4 Kebaya Menari Siap Tampil di Vatikan, Bakal Pentas di Hadapan Paus 5 Kabar Baik! Jalan TB Simatupang Resmi Bebas Galian Kepadatan Kendaraan Imbas Sejumlah Gerbang Tol Dalam Kota di Tutup DGVeRS 2025 di Jakarta Borgol di Tangan Nadiem Makarim: Resmi Jadi Tersangka Korupsi Laptop Demo Rusuh, Pejabat dan Mahasiswa Berdialog B-FILES 1 Tahun Prabowo-Gibran: Menyulam Asa dari Desa hingga Rumah Rakyat BP3OKP dan Masa Depan Papua Menyoal Opini WTP BPK Renewable Energy Jadi Fokus UT dalam Bisnis Energi",
  "url": "https://www.beritasatu.com/ekonomi/820869/sp-dan-nasdaq-cetak-rekor-tertinggi-ditopang-saham-teknologi",
  "source": "gdelt_beritasatu.com",
  "published_at": "2021-08-31T00:00:00+00:00",
  "collected_at": "2025-10-19T16:54:23.073587+00:00",
  "sp500_relevant": true,
  "collection_method": "gdelt_api",
  "language": "Indonesian",
  "content_fetched": true
}