{
  "article_id": "02a63f8ded9c6651ee8517758ae6ff49",
  "headline": "Alibaba Stock Has Tumbled to a Pandemic Low . Why It Needs to Make a Stand . ",
  "body": "",
  "url": "https://www.marketwatch.com/articles/alibaba-stock-price-china-51629218847",
  "source": "gdelt_marketwatch.com",
  "published_at": "2021-08-17T18:00:00+00:00",
  "collected_at": "2025-10-19T16:37:26.552457+00:00",
  "sp500_relevant": true,
  "collection_method": "gdelt_api",
  "language": "English",
  "content_fetched": false
}