{
  "article_id": "02a7d4cf99f2c52ac97e0a73c8e9d7f0",
  "headline": "GTA 5 Money : How to Master the Stock Market and Buy Everything in the Game",
  "body": "Looking for how to master the stock market and buy everything in the game with GTA 5 money? Everything comes at a cost in Los Santos, and if you want to drive the coolest cars and own all the businesses, then you're going to want to spend some time fiddling the stocks on BAWSAQ and LCN. While you can make good money paying attention to which stocks rise and fall, the best moment to trade stocks is when completing Franklin's 5 Stock Market Assassination Missions. In this GTA 5 guide, we're going to explain how to master the stock market and buy everything in the game, but if you're looking for How to Make Money Fast in mulitplayer, then check out our GTA Online guide. Subscribe to Push Square on YouTube164k There are two stock trading websites in GTA 5, which can be accessed using the Internet browser on your smartphone. They are: BAWSAQ and LCN Exchange. In order to learn how to master the stock market and buy everything in the game, the principles are simple: buy stock when it's low and sell it at a profit when it increases. You can filter stocks by average change percentages, and monitor their performance over time. The easiest way to make lots of GTA 5 money is by completing Stock Market Assassination Missions issued by Lester. There are five of these in total, and if you follow the instructions on this page correctly you'll be able to earn over $2 billion, which is more than enough to allow you to buy everything in the game. There are 5 Stock Market Assassination Missions in GTA 5, all issued to Franklin by Lester. You'll need to complete the first one, The Hotel Assassination, to progress the story, but it's recommended that you save the remaining four until after you've completed the campaign. This is because you'll take a big score for finishing the story, which you'll then be able to invest into the stock market. Lester has a huge investment in Betta Pharmaceuticals, and asks Franklin to remove the CEO of its competition, Bilkinton Research, from the picture. Before the Mission: After the Mission: Redwood Cigarettes intend to rig the jury on a class action lawsuit, but Lester suggests taking out all four jurors. Before the Mission: After the Mission: Lester has intel that Facade's CEO Jackson Skinner has been seeing a working girl in La Puerta, and bumping him off would do wonders for Fruit Computers' stock price. Before the Mission: After the Mission: Tight-fisted billionaire Isaac Penny is rumoured to be taking a controlling stake of car manufacturer Vapid, but Lester knows how to hijack his commute. Before the Mission: After the Mission: Construction magnate Enzo Bonelli has been taking work from rival Gold Coast, and Lester wants him out of the picture. Before the Mission: After the Mission: Did this GTA 5 guide help you learn how to master the stock market and buy everything in the game with GTA 5 money? Take a look at the latest GTA 5 Cheats, and be sure to refer to our GTA Online guide for more information on the game's multiplayer mode.",
  "url": "https://www.pushsquare.com/guides/gta-5-money-how-to-master-the-stock-market-and-buy-everything-in-the-game",
  "source": "gdelt_pushsquare.com",
  "published_at": "2025-01-06T17:15:00+00:00",
  "collected_at": "2025-10-21T06:05:13.622919+00:00",
  "sp500_relevant": true,
  "collection_method": "gdelt_api",
  "language": "English",
  "content_fetched": true
}