{
  "article_id": "02ac0fd33bbae9f7eed0d72f28875c0d",
  "headline": "Wall Street termine en hausse grâce à la Chine - 25 / 09 / 2024 à 00 : 28",
  "body": "",
  "url": "https://www.boursorama.com/bourse/actualites/wall-street-termine-en-hausse-grace-a-la-chine-edd05765c3527aacf9bd8ce3c3506bfb",
  "source": "gdelt_boursorama.com",
  "published_at": "2024-09-25T01:00:00+00:00",
  "collected_at": "2025-10-21T04:23:33.799325+00:00",
  "sp500_relevant": true,
  "collection_method": "gdelt_api",
  "language": "French",
  "content_fetched": false
}