{
  "article_id": "02ae0b82ddd6978098f13dab1fb2088e",
  "headline": "Evoluţii financiar - bancare şi bursiere în lume : bursa de pe Wall Street a deschis şedinţa de vineri în scădere",
  "body": "Autor: Andreea Năstase Publicat: 17-02-202317-02-2023 Actualizat: 17-02-202317-02-2023 Bursa de pe Wall Street a deschis şedinţa de vineri în scădere, din cauza temerilor privind majorarea dobânzilor, transmite Reuters. Indicele Dow Jones Industrial Average s-a depreciat cu 0,06%, ajungând la valoarea de 33.677,01 puncte, în scădere cu 19,84 puncte faţă de valoarea înregistrată la închiderea şedinţei precedente. Indicele Standard and Poor's 500 s-a depreciat cu 0,32%, ajungând la valoarea de 4.077,39 puncte, în scădere cu 13,02 puncte faţă de valoarea înregistrată la închiderea şedinţei precedente, potrivit Agerpres. Indicele Nasdaq s-a depreciat cu 0,66%, ajungând la valoarea de 11.777,51 puncte, în scădere cu 78,33 puncte faţă de valoarea înregistrată la închiderea şedinţei precedente. Londra - Bursa de la Londra a deschis şedinţa de vineri în scădere cu 0,54%, indicele principal FTSE-100 a ajuns la valoarea de 7.969,01 puncte, în scădere cu 43,52 puncte comparativ cu valoarea înregistrată la închiderea şedinţei precedente, transmite Reuters. Frankfurt - Bursa de la Frankfurt a deschis şedinţa de vineri în scădere cu 1,17%, indicele principal DAX 40 a ajuns la valoarea de 15.352,31 puncte, în scădere cu 181,33 puncte comparativ cu valoarea înregistrată la închiderea şedinţei precedente, transmite Reuters. Paris - Bursa de la Paris a deschis şedinţa de vineri în scădere cu 0,91%, indicele principal CAC 40 a ajuns la valoarea de 7.299,47 puncte, în scădere cu 66,69 puncte comparativ cu valoarea înregistrată la închiderea şedinţei precedente, transmite Reuters. Budapesta - Cursul oficial al Băncii Centrale a Ungariei valabil pentru ziua de luni este de 362,52 forinţi pentru un dolar, în creştere faţă de un curs de 357,32 forinţi, vineri, transmite MTI. Moneda euro este cotată la 385,61 forinţi, în creştere faţă de un curs de 382,37 forinţi, vineri, iar un leu românesc este cotat la 78,63 forinţi, în creştere faţă de un curs de 78,02 forinţi, vineri. Tokyo, 17 feb /Agerpres/ - Bursa japoneză a închis şedinţa de vineri în scădere cu 0,66%, pe fondul îngrijorărilor privind evoluţia economiei mondiale, transmite Kyodo. Indicele principal Nikkei-225 a ajuns la valoarea de 27.513,13 puncte, în scădere cu 183,31 puncte comparativ cu valoarea înregistrată la închiderea şedinţei precedente. Seul - Bursa sud-coreeană a încheiat şedinţa de vineri în scădere cu 0,98%, indicele principal Kospi a ajuns la valoarea de 2.451,21 puncte, în scădere cu 24,27 puncte comparativ cu valoarea înregistrată la închiderea şedinţei precedente, transmite Yonhap. Shanghai - Bursa din Shanghai a închis şedinţa de vineri în scădere cu 0,77%, indicele Shanghai Composite a ajuns la valoarea de 3.224,02 puncte, în scădere cu 25,01 puncte faţă de valoarea înregistrată la închiderea şedinţei precedente, transmite Xinhua. Hong Kong - Bursa din Hong Kong a încheiat şedinţa de vineri în scădere cu 1,28%, indicele Hang Seng a ajuns la valoarea de 20.719,81 puncte, în scădere cu 267,86 puncte comparativ cu valoarea înregistrată la închiderea şedinţei precedente, transmite Reuters. 20.719,81 -267,86 (1,28 Singapore - Bursa din Singapore a încheiat şedinţa de vineri în creştere cu 0,52%, indicele Straits Times a ajuns la valoarea de 3.328,37 puncte, în creştere cu 17,14 puncte faţă de valoarea înregistrată la închiderea şedinţei precedente, transmite Xinhua.",
  "url": "https://www.stiripesurse.ro/evolutii-financiar-bancare-si-bursiere-in-lume-bursa-de-pe-wall-street-a-deschis-sedinta-de-vineri_2796835.html",
  "source": "gdelt_stiripesurse.ro",
  "published_at": "2023-02-17T17:00:00+00:00",
  "collected_at": "2025-10-20T08:44:20.603441+00:00",
  "sp500_relevant": true,
  "collection_method": "gdelt_api",
  "language": "Romanian",
  "content_fetched": true
}