{
  "article_id": "02af6ab73511255e4789536ec4a71843",
  "headline": "Apple almost surpassed France stock market value . What next for shares ? ",
  "body": "",
  "url": "https://www.cnbc.com/2023/12/15/apple-almost-surpassed-frances-stock-market-value-whats-next-for-shares.html",
  "source": "gdelt_cnbc.com",
  "published_at": "2023-12-15T21:45:00+00:00",
  "collected_at": "2025-10-20T21:39:00.276700+00:00",
  "sp500_relevant": true,
  "collection_method": "gdelt_api",
  "language": "English",
  "content_fetched": false
}