{
  "article_id": "02b036d9c02523c75459c5a1a2935429",
  "headline": "1 Simple Move That Can Get You Through Any Stock Market Crash",
  "body": "",
  "url": "https://www.stltoday.com/business/investment/personal-finance/1-simple-move-that-can-get-you-through-any-stock-market-crash/article_a95f47a8-1727-5a29-9835-037cf763d0b0.html",
  "source": "gdelt_stltoday.com",
  "published_at": "2022-05-02T17:15:00+00:00",
  "collected_at": "2025-10-19T22:39:44.946214+00:00",
  "sp500_relevant": true,
  "collection_method": "gdelt_api",
  "language": "English",
  "content_fetched": false
}