{
  "article_id": "02b2ab67a711c0ecc2ac4acd5b2d5f0f",
  "headline": "Wall Street Berakhir di Level Tertinggi Baru pada 2023 : Okezone Economy",
  "body": "JAKARTA - Wall Street mencatat kenaikan pada akhir perdagangan Selasa (12/12/2023) waktu setempat namun berhasil ditutup pada level tertinggi baru untuk tahun ini. Hal itu terjadi menjelang katalis pasar utama minggu ini yang mencakup pembacaan inflasi dan pengumuman kebijakan Federal Reserve, yang akan sangat mempengaruhi ekspektasi investor terhadap jalur suku bunga. BACA JUGA: Mengutip Reuters, Dow Jones Industrial Average (DJI) naik 157,06 poin, atau 0,43%, menjadi 36.404,93, S&P 500 (SPX) naik 18,07 poin, atau 0,39%, menjadi 4.622,44 dan Nasdaq Composite (IXIC) naik 28,51 poin, atau 0,20% menjadi 14.432,49. Pengamat pasar semakin yakin bank sentral telah selesai dengan siklus kenaikan suku bunganya dan berpotensi menurunkan suku bunga pada paruh pertama tahun depan. BACA JUGA: Ekspektasi ini telah membantu memicu reli ekuitas dalam beberapa pekan terakhir yang mengirim ketiga indeks utama tersebut ke level penutupan tertinggi tahun ini. Meskipun pasar telah memperhitungkan peluang penurunan suku bunga The Fed pada bulan Maret yang lebih baik dari 50% pada minggu lalu, data pada hari Jumat menunjukkan pertumbuhan lapangan kerja meningkat dan tingkat pengangguran menurun, sementara laporan terpisah menunjukkan ekspektasi inflasi konsumen telah menurun.",
  "url": "https://economy.okezone.com/read/2023/12/12/278/2937086/wall-street-berakhir-di-level-tertinggi-baru-pada-2023",
  "source": "gdelt_economy.okezone.com",
  "published_at": "2023-12-12T03:45:00+00:00",
  "collected_at": "2025-10-20T21:33:01.751270+00:00",
  "sp500_relevant": true,
  "collection_method": "gdelt_api",
  "language": "Indonesian",
  "content_fetched": true
}