{
  "article_id": "02b583215cd97761881c4029fadb83ec",
  "headline": "Nasdaq và S & P 500 tăng lên mức cao nhất từ trước đến nay",
  "body": "",
  "url": "https://baotintuc.vn/thi-truong-tien-te/nasdaq-va-sp-500-tang-len-muc-cao-nhat-tu-truoc-den-nay-20240302133807467.htm",
  "source": "gdelt_baotintuc.vn",
  "published_at": "2024-03-02T09:30:00+00:00",
  "collected_at": "2025-10-20T23:17:01.916340+00:00",
  "sp500_relevant": true,
  "collection_method": "gdelt_api",
  "language": "Vietnamese",
  "content_fetched": false
}