{
  "article_id": "02b977599aa4e671b5eaceaa03052b35",
  "headline": "Anbio Biotechnology - Class A Ordinary Shares ( Nasdaq : NNNN ) Stock Quote",
  "body": "",
  "url": "https://markets.financialcontent.com/stocks/quote?Symbol=537:2578432288",
  "source": "gdelt_markets.financialcontent.com",
  "published_at": "2025-10-03T15:15:00+00:00",
  "collected_at": "2025-10-21T12:01:58.452570+00:00",
  "sp500_relevant": true,
  "collection_method": "gdelt_api",
  "language": "English",
  "content_fetched": false
}