{
  "article_id": "02bb5f1accf550986fada38f9bfe27d9",
  "headline": "Småsparerne storshoppet shippingaksjer i 2023 : – Superlønnsomt",
  "body": "Shippingaksjer var blant Nordnet-kundenes favoritter i 2023. Fredriksen-rederiet Frontline var det aller mest populære kjøpet. I løpet av året nettokjøpte norske småsparere aksjer for 2,8 milliarder kroner hos Nordnet. Les artikler fra arkivet gratis E24 VG Finn",
  "url": "https://e24.no/boers-og-finans/i/rlqwwK/smaasparerne-storshoppet-shippingaksjer-i-2023-superloennsomt",
  "source": "gdelt_e24.no",
  "published_at": "2023-12-30T17:45:00+00:00",
  "collected_at": "2025-10-20T22:03:28.833091+00:00",
  "sp500_relevant": true,
  "collection_method": "gdelt_api",
  "language": "Norwegian",
  "content_fetched": true
}