{
  "article_id": "02be059bbb51f4d73e3100ed765b5379",
  "headline": "Renovaro Inc . - Common Stock ( Nasdaq : RENB ) Stock Quote",
  "body": "",
  "url": "https://markets.financialcontent.com/stocks/quote?Symbol=537:2578396118",
  "source": "gdelt_markets.financialcontent.com",
  "published_at": "2025-05-23T05:30:00+00:00",
  "collected_at": "2025-10-21T08:54:20.537147+00:00",
  "sp500_relevant": true,
  "collection_method": "gdelt_api",
  "language": "English",
  "content_fetched": false
}