{
  "article_id": "02c41082fc9fe35a96b9da530df8fa68",
  "headline": "Stock Market : बाजार की तेजी का उठाना चाहते हैं फायदा ? शॉर्ट टर्म में 25 % तक मुनाफा देंगे ये 3 स्टॉक",
  "body": "Stock Market : पिछले कुछ समय में शेयर बाजार में शानदार रैली देखी गई है। पिछले हफ्ते BSE के 30 शेयरों वाले सेंसेक्स में 542.3 अंक या 0.75 फीसदी की तेजी आई। वहीं, निफ्टी 50 में 247.35 प्वाइंट या 1.14 फीसदी की बढ़ोतरी हुई है। सेंसेक्स और निफ्टी शुक्रवार को एक फीसदी से अधिक की बढ़त के साथ अपने नए ऑल टाइम हाई पर पहुंच गए। अगर आप बाजार की इस शानदार तेजी का फायदा उठाना चाहते हैं तो यहां आपके लिए कुछ शेयर बताए गए हैं।",
  "url": "https://hindi.moneycontrol.com/news/markets/stock-market-3-stocks-krbl-tanla-platforms-yes-bank-likely-to-give-10-25-percent-profit-in-short-term-1717521.html",
  "source": "gdelt_hindi.moneycontrol.com",
  "published_at": "2024-01-14T13:45:00+00:00",
  "collected_at": "2025-10-20T22:24:46.125339+00:00",
  "sp500_relevant": true,
  "collection_method": "gdelt_api",
  "language": "Hindi",
  "content_fetched": true
}