{
  "article_id": "02d10e44748e7a0912121508dd1414e8",
  "headline": "Number of China stock market investors increases by 1 . 25 mn in August",
  "body": "The number of stock market investors in China rose by 1.25 million in August from the end of July, new data showed. The increase comprised about 1.24 million individual investors and 3,500 non-individual investors, according to the China Securities Depository and Clearing Corporation Limited. By the end of last month, the number of investors in China’s stock market totaled 208.6 million, the data revealed.",
  "url": "https://dailytimes.com.pk/995591/number-of-chinas-stock-market-investors-increases-by-1-25-mn-in-august/",
  "source": "gdelt_dailytimes.com.pk",
  "published_at": "2022-09-11T06:45:00+00:00",
  "collected_at": "2025-10-20T04:19:59.249078+00:00",
  "sp500_relevant": true,
  "collection_method": "gdelt_api",
  "language": "English",
  "content_fetched": true
}