{
  "article_id": "02d4f178c5688506bd1defaf30d21ff2",
  "headline": "Chứng khoán tuần tới : Chờ tin FED , thị trường có thể duy trì xu hướng tích lũy",
  "body": "",
  "url": "https://thoibaotaichinhvietnam.vn/chung-khoan-tuan-toi-cho-tin-fed-thi-truong-co-the-duy-tri-xu-huong-tich-luy-118451.html",
  "source": "gdelt_thoibaotaichinhvietnam.vn",
  "published_at": "2022-12-11T19:30:00+00:00",
  "collected_at": "2025-10-20T06:52:11.605219+00:00",
  "sp500_relevant": true,
  "collection_method": "gdelt_api",
  "language": "Vietnamese",
  "content_fetched": false
}