{
  "article_id": "02dcd37d74a97c43fb8b3714544e68df",
  "headline": "Jumlah Perusahaan Amerika Serikat di Wall Street Terus Turun , Mengapa ? ",
  "body": "Jumlah Perusahaan Amerika Serikat di Wall Street Terus Turun, Mengapa? Tim Redaksi NEW YORK, KOMPAS.com - Jumlah perusahaan publik Amerika Serikat yang diperdagangkan di bursa saham New York semakin menyusut. Bahkan dibandingkan tahun 1996, jumlah perusahaan yang listing di Wall street tidak sampai separuhnya. Berdasarkan data dari Center for Research in Security Prices (CRSP), perusahaan AS di Wall Street tinggal 3.700 entitas, turun lebih dari 50 persen dibandingkan 1996, yang mencapai 8.000 perusahaan. Menurut Matthew Kennedy, Kepala Data dan Konten di Renaissance Capital, hal tersebut bukan karena perusahaan AS yang berkurang, tetapi banyak perusahaan yang memilih tetap menjadi perusahaan pribadi untuk tetap berada di luar pengawasan publik. Baca juga: Daftar Saham yang Cuan dan Boncos dalam Sepekan Perusahaan publik harus tunduk pada persyararatan pengawasan dan keterbukaan informasi untuk menjaga kepercayaan investor. Dengan lebih sedikit perusahaan yang terdaftar, mungkin ada penurunan transparansi dan kepercayaan investor secara keseluruhan di pasar saham,\" sebut Kennedy dikutip dari CNN, Senin (12/6/2023). Sebagai gambaran kurangnya persaingan di pasar, saham Apple (AAPL) dan Microsoft (MSFT) memiliki sekitar 15 persen dari seluruh kapitalisasi di S&P 500. Hingga pekan lalu misalnya, indeks S&P 500 berhasil naik 20 persen dari posisi terendahnya di bulan Oktober 2022. Namun begitu, indeks saham yang terdiri dari 500 perusahaan terbesar di AS itu hanya digerakkan oleh segelintir perusahaan teknologi dan AI. Saham dan kapitalisasi perusahaan besar melonjak tinggi. Sedangkan di sisi lain, perusahaan siklis dan lebih kecil tertatih-tatih. Kekuatan seperti itu, membuat beberapa perusahaan dapat mengarahkan pasar saham. Susutnya jumlah perusahaan publik di bursa AS menjadi tren aneh yang muncul di lanskap keuangan Amerika Serikat. Penyebab Para ekonom menyebutkan, resesi yang dipicu pandemi 2020 berserta siklus selanjutnya dari tingkat inflasi yang tinggi memperburuk tren penurunan perusahaan publik ini. Kekhwatiran akan pelemahan ekonomi dan gejolak pasar membuat penawaran umum perdana atau initial public offering (IPO) perusahaan di AS melambat. Pada 2022, pasar IPO AS turun 94,8 persen menjadi 8 miliar dollar AS. Ini adalah level terendah dalam 32 tahun terakhir. Tren penurunan itu ditambah dengan total kapitalisasi saham baru yang turun 60 persen secara tahunan pada kuartal I-2023. \"Saya pikir wajar jika perusahaan menunda go public ketika valuasi dibelah dua dan investor tidak antusias untuk berinvestasi di perusahaan baru,\" ujar Kennedy. Apalagi, AS juga dilanda beberapa kebangkrutan perusahaan publik seperti Bed Bath and Beypnd dan Party City. Sementara Kepala ekonomi dan mitra di Apollo Global Management Torsten Slok mengatakan, kondisi tersebut membuat perusahaan tidak tertarik untuk melantai di bursa. \"Dengan inflasi yang tetap tinggi, biaya modal juga akan tetap tinggi. Hal ini akan menekan teknologi, pertumbuhan, dan modal ventura,\" kata dia. Menurut Wells Fargo, pada 1999, rata-rata perusahaan teknologi AS bertransisi menjadi perusahaan terbuka setelah 4 tahun. Namun pada 2019, naik menjadi 11 tahun. “Perusahaan yang tetap tertutup dapat fokus pada rencana strategis jangka panjang dan menghindarkan perusahaan dari beban dan biaya akibat persyaratan peraturan,” tulis perusahaan keuangan AS itu. Baca juga: Menanti Data Inflasi dan Suku Bunga The Fed, Wall Street Berakhir Hijau Artikel ini merupakan bagian dari Lestari KG Media, sebuah inisiatif untuk akselerasi Tujuan Pembangunan Berkelanjutan. Selengkapnya Copyright 2008 - 2025 PT. Kompas Cyber Media (Kompas Gramedia Digital Group). All Rights Reserved.",
  "url": "https://money.kompas.com/read/2023/06/12/080700926/jumlah-perusahaan-amerika-serikat-di-wall-street-terus-turun-mengapa-",
  "source": "gdelt_money.kompas.com",
  "published_at": "2023-06-12T04:15:00+00:00",
  "collected_at": "2025-10-20T11:24:38.702375+00:00",
  "sp500_relevant": true,
  "collection_method": "gdelt_api",
  "language": "Indonesian",
  "content_fetched": true
}