{
  "article_id": "02def400284430a4d38b458a7c2ebe52",
  "headline": "Stock Market Today : Salesforce Leads Dow Jones ; Marvell Jumps After Earnings ( Live Coverage ) ",
  "body": "",
  "url": "https://www.investors.com:443/market-trend/stock-market-today/dow-jones-sp500-nasdaq-salesforce-stock-crm-mrvl/",
  "source": "gdelt_investors.com",
  "published_at": "2024-12-04T16:45:00+00:00",
  "collected_at": "2025-10-21T05:27:12.052624+00:00",
  "sp500_relevant": true,
  "collection_method": "gdelt_api",
  "language": "English",
  "content_fetched": false
}