{
  "article_id": "02e09a5ec4499a523a724838e1b304ef",
  "headline": "Bred og markant oppgang på Wall Street",
  "body": "Wall Street avslutter med bred oppgang dag to etter Feds ferske beslutning om å holde styringsrenten i ro. Statsrentene fortsetter ned. Det har vært oppgang fra start i de amerikanske aksjemarkedene torsdag. Etter en times handel var samtlige av de toneangivende indeksene markant opp. Les artikler fra arkivet gratis E24 VG Finn",
  "url": "https://e24.no/boers-og-finans/i/l3x37e/bred-og-markant-oppgang-paa-wall-street",
  "source": "gdelt_e24.no",
  "published_at": "2023-11-02T17:00:00+00:00",
  "collected_at": "2025-10-20T17:44:38.060567+00:00",
  "sp500_relevant": true,
  "collection_method": "gdelt_api",
  "language": "Norwegian",
  "content_fetched": true
}