{
  "article_id": "02e1806d91ad1eba7209e4360cf117c9",
  "headline": "12 Consumer Staples Stocks Moving In Tuesday After - Market Session - Australian Oilseeds Hldgs ( NASDAQ : COOT ), Chanson International ( NASDAQ : CHSN ) ",
  "body": "This article was generated by Benzinga's automated content engine and reviewed by an editor. © 2025 Benzinga.com. Benzinga does not provide investment advice. All rights reserved.",
  "url": "https://www.benzinga.com/insights/movers/25/10/48213845/12-consumer-staples-stocks-moving-in-tuesdays-after-market-session",
  "source": "gdelt_benzinga.com",
  "published_at": "2025-10-14T21:45:00+00:00",
  "collected_at": "2025-10-21T12:20:52.319405+00:00",
  "sp500_relevant": true,
  "collection_method": "gdelt_api",
  "language": "English",
  "content_fetched": true
}