{
  "article_id": "02e32cf5c0f791cd5d7117729aa3cc14",
  "headline": "VIX chốt trình cổ đông thông qua kế hoạch mới , lãi gấp 3 . 3 lần bản cũ",
  "body": "VIX chốt trình cổ đông thông qua kế hoạch mới, lãi gấp 3.3 lần bản cũ Ngày 23/09, HĐQT CTCP Chứng khoán VIX (HOSE: VIX) ra Nghị quyết thông qua phương án điều chỉnh tăng kế hoạch lợi nhuận năm 2025 để trình ĐHĐCĐ bất thường. Phương án nêu rõ kế hoạch mới được trình bao gồm lãi trước thuế 5,000 tỷ đồng và lãi sau thuế 4,000 tỷ đồng, đều gấp 3.3 lần kế hoạch đã được phê duyệt tại ĐHĐCĐ thường niên 2025. Trước đó, VIX đã thông báo ngày đăng ký cuối cùng tham dự ĐHĐCĐ bất thường năm 2025 vào là 08/10. Ngoài việc nâng kế hoạch kinh doanh, đại hội dự kiến xem xét thông qua một số nội dung khác thuộc thẩm quyền. Dù kế hoạch cũ đã thể hiện kỳ vọng tăng trưởng trên 80% lợi nhuận, việc VIX điều chỉnh tăng kế hoạch kinh doanh trong bối cảnh hiện tại được đánh giá là phù hợp, bởi kết quả thực tế đạt được trong nửa đầu năm đã vượt xa kỳ vọng ban đầu. Trong nửa đầu năm 2025, với gần 2,068 tỷ đồng lãi trước thuế và gần 1,674 tỷ đồng lãi sau thuế mang về, Công ty đã sớm vượt gần 40% kế hoạch ban đầu. Các kết quả này cũng gấp gần 6 lần lợi nhuận nửa đầu năm 2024. Theo Công ty lý giải, nửa đầu năm 2025 chứng kiến sự tích cực của thị trường chứng khoán Việt Nam, khi VN-Index đóng cửa phiên 30/06 đạt 1,376 điểm - cao nhất kể từ năm 2022. Đi cùng xu thế của thị trường, lãi từ các tài sản tài chính ghi nhận thông qua lãi/lỗ (FVTPL) tăng trưởng ấn tượng gần 482%, tương ứng tăng 2,056 tỷ đồng so với cùng kỳ. Ngoài ra, hoạt động cho vay và phải thu của Công ty cũng ghi nhận cột mốc mới khi có lần đầu tiên vượt mức 9,000 tỷ đồng, tăng 161% so với đầu năm. Lợi nhuận thu được từ mảng này cũng tăng 61% so với cùng kỳ. Nếu kế hoạch mới được thông qua, VIX sẽ có thêm động lực để tiếp tục tăng trưởng trong phần còn lại của năm 2025. So sánh giữa kết quả đạt được và mục tiêu mới, công ty chứng khoán này đã thực hiện trên 40%. Việc VIX muốn nâng mục tiêu lợi nhuận diễn ra trong bối cảnh thị trường chứng khoán Việt Nam đang trong giai đoạn cực kỳ hưng phấn, với việc liên tục thiết lập kỷ lục điểm số mới đi kèm thanh khoản cải thiện đáng kể. Diễn biến này mang lại nhiều kỳ vọng cho các mảng kinh doanh trọng yếu của nhiều công ty chứng khoán như cho vay, tự doanh và môi giới. Môi trường thuận lợi cũng là nguyên nhân chính đẩy thị giá VIX trên thị trường tăng mạnh. Mã này từng chạm đến 39,950 đồng/cp vào phiên 16/09 - mốc chưa từng có trong quá khứ, gấp hơn 3 lần so với đầu sóng tăng vào tháng 7. Trước VIX không lâu, một công ty chứng khoán khác là VPBankS cũng quyết định nâng mục tiêu kinh doanh năm 2025, với tổng doanh thu và lợi nhuận mới lần lượt 7,177 tỷ đồng và 4,450 tỷ đồng, tăng 58% và 122% so với kế hoạch cũ đã thông qua tại ĐHĐCĐ thường niên 2025. Huy Khải FILI - 19:13 23/09/2025",
  "url": "https://vietstock.vn/2025/09/vix-chot-trinh-co-dong-thong-qua-ke-hoach-moi-lai-gap-33-lan-ban-cu-737-1354936.htm",
  "source": "gdelt_vietstock.vn",
  "published_at": "2025-09-23T14:15:00+00:00",
  "collected_at": "2025-10-21T11:47:40.789674+00:00",
  "sp500_relevant": true,
  "collection_method": "gdelt_api",
  "language": "Vietnamese",
  "content_fetched": true
}