{
  "article_id": "02ea3a6f0d2e88575e7921ff6460f3ca",
  "headline": "U . S . stock rally broadens as investors await Fed By Reuters",
  "body": "",
  "url": "https://www.investing.com/news/economy-news/us-stock-rally-broadens-as-investors-await-fed-3596704",
  "source": "gdelt_investing.com",
  "published_at": "2024-09-01T16:00:00+00:00",
  "collected_at": "2025-10-21T03:43:06.579561+00:00",
  "sp500_relevant": true,
  "collection_method": "gdelt_api",
  "language": "English",
  "content_fetched": false
}