{
  "article_id": "02f891b71e699d5f8f3ba89ed4cae192",
  "headline": "Short Volatility Alert : Sab Biotherapeutics - SAB Biotherapeutics ( NASDAQ : SABS ) ",
  "body": "On Monday, shares of Sab Biotherapeutics (NASDAQ:SABS) experienced volatile short activity. After the activity, the stock price went up +6.13% to $0.77. The overall sentiment for SABS has been Bullish. The signal from the volatility alert is trending Bearish. Therefore, the recommendation is to Strong Sell. The volatility alert was produced on the prior trading date, 4/17/2023 with a volatility change of +82.99%. The current volatility indicator stands at 19.133. Overview: The securities lending volatility indicator is produced by Tidal Markets, in partnership with Benzinga Insights. Securities lending primarily serves the purpose of providing liquidity to short sellers. When unusual activity occurs in the securities lending markets, it acts as an upstream indicator to what is likely to occur downstream in the regular stock market. Understanding the Volatility Alert: Overall sentiment is considered \"bear\" when broad market activity of the stock has been shown to indicate a negative directional basis, or is considered \"bull\" when indicating a positive directional basis. The securities lending volatility indicator provides a signal when it detects unusual short activity. Unusual short activity is based off a computer generated algorithmic formula utilizing securities lending trade details such as the volume of shares being shorted, the rate being paid to short the shares, and the type of collateral being posted - amongst other variables. The current volatility is the respective trading day's calculated securities lending volatility value. The volatility percentage change is the percentage difference in volatility between the two most recent days. The recommendation is a suggestive strategy, inferred from the strength of the Signal Trending, Current Volatility, and Volatility % Change. Recommendations may include, \"Strong Buy\", \"Strong Sell\", \"Increase Short Exposure\", \"Decrease Short Exposure\", or \"Market Neutral\". ANY INFORMATION CONTAINED HEREIN DOES NOT CONSTITUTE OR IMPLY INVESTMENT ADVICE © 2025 Benzinga.com. Benzinga does not provide investment advice. All rights reserved.",
  "url": "https://www.benzinga.com/markets/penny-stocks/23/04/31857446/short-volatility-alert-sab-biotherapeutics",
  "source": "gdelt_benzinga.com",
  "published_at": "2023-04-18T14:15:00+00:00",
  "collected_at": "2025-10-20T10:33:09.393706+00:00",
  "sp500_relevant": true,
  "collection_method": "gdelt_api",
  "language": "English",
  "content_fetched": true
}