{
  "article_id": "02feba9687a44c32231d38814d052175",
  "headline": "11 Consumer Discretionary Stocks Moving In Tuesday After - Market Session - Harbor Custom Dev ( NASDAQ : HCDI ), Kirkland ( NASDAQ : KIRK ), SIGNA Sports United ( NYSE : SSU ), China Liberal Education ( NASDAQ : CLEU ) ",
  "body": "This article was generated by Benzinga's automated content engine and reviewed by an editor. © 2025 Benzinga.com. Benzinga does not provide investment advice. All rights reserved.",
  "url": "https://www.benzinga.com/trading-ideas/movers/23/09/34927386/11-consumer-discretionary-stocks-moving-in-tuesdays-after-market-session",
  "source": "gdelt_benzinga.com",
  "published_at": "2023-09-27T00:15:00+00:00",
  "collected_at": "2025-10-20T14:09:27.456149+00:00",
  "sp500_relevant": true,
  "collection_method": "gdelt_api",
  "language": "English",
  "content_fetched": true
}