{
  "article_id": "0305d12a64526bedbf5a902ac40ab43b",
  "headline": "Dow Jones Futures : Stock Market Dives As Recession Fears Swell ; How Low Can It Go ? ",
  "body": "Dow Jones futures rose solidly Friday morning, along with S&P 500 futures and Nasdaq futures, with Adobe reporting earnings after the close. The stock market plunged to new lows Thursday, wiping out Wednesday's initial Fed-led rally and then some as recession fears mount. New reports out Thursday pointed to a rapidly cooling economy, but the Federal Reserve is focused on…",
  "url": "https://www.investors.com/market-trend/stock-market-today/dow-jones-futures-stock-market-dives-as-recession-fears-swell-how-low-can-it-go/",
  "source": "gdelt_investors.com",
  "published_at": "2022-06-17T00:30:00+00:00",
  "collected_at": "2025-10-20T00:41:24.900733+00:00",
  "sp500_relevant": true,
  "collection_method": "gdelt_api",
  "language": "English",
  "content_fetched": true
}