{
  "article_id": "03053a2786313ad960f32a0b4bf59f20",
  "headline": "Aether Holdings , Inc . - Common Stock ( Nasdaq : ATHR ) Stock Quote",
  "body": "",
  "url": "https://markets.financialcontent.com/stocks/quote?Symbol=537:2578433827",
  "source": "gdelt_markets.financialcontent.com",
  "published_at": "2025-04-13T18:00:00+00:00",
  "collected_at": "2025-10-21T08:04:41.924342+00:00",
  "sp500_relevant": true,
  "collection_method": "gdelt_api",
  "language": "English",
  "content_fetched": false
}