{
  "article_id": "0308c6053106b708dacb1f1d727200c7",
  "headline": "Morgan Stanley , Pool Lead 5 Stocks Near Buy Points After Strong Earnings",
  "body": "Morgan Stanley (MS), Pool stock, ICICI Bank (IBN), Discover Financial Services (DFS) and CarMax (KMX) and are five top stocks to watch this week, working on bases or near buy points after quarterly earnings. Earnings season adds a great deal of risk for stocks, so it's always nice to check out top stocks with earnings out of the way. A highly…",
  "url": "https://www.investors.com/news/morgan-stanley-pool-stock-near-buy-points-after-strong-earnings/",
  "source": "gdelt_investors.com",
  "published_at": "2021-07-24T12:30:00+00:00",
  "collected_at": "2025-10-19T16:02:32.623284+00:00",
  "sp500_relevant": true,
  "collection_method": "gdelt_api",
  "language": "English",
  "content_fetched": true
}