{
  "article_id": "0309ed51cbdf3476be47c07055765c4d",
  "headline": "Is It Still Safe to Invest in the Stock Market Right Now ? ",
  "body": "",
  "url": "https://www.stltoday.com/business/investment/personal-finance/is-it-still-safe-to-invest-in-the-stock-market-right-now/article_c4dff154-6a74-55d5-bfa9-9fae346ad7be.html",
  "source": "gdelt_stltoday.com",
  "published_at": "2022-06-25T13:00:00+00:00",
  "collected_at": "2025-10-20T01:00:52.972036+00:00",
  "sp500_relevant": true,
  "collection_method": "gdelt_api",
  "language": "English",
  "content_fetched": false
}