{
  "article_id": "0313832b07dffec753577fa189f4b1fc",
  "headline": "12 Information Technology Stocks Moving In Thursday After - Market Session - AuthID ( NASDAQ : AUID ), Bel Fuse ( NASDAQ : BELFB ) ",
  "body": "This article was generated by Benzinga's automated content engine and reviewed by an editor. © 2025 Benzinga.com. Benzinga does not provide investment advice. All rights reserved.",
  "url": "https://www.benzinga.com/insights/movers/25/07/46618855/12-information-technology-stocks-moving-in-thursdays-after-market-session",
  "source": "gdelt_benzinga.com",
  "published_at": "2025-07-24T22:30:00+00:00",
  "collected_at": "2025-10-21T09:41:49.112456+00:00",
  "sp500_relevant": true,
  "collection_method": "gdelt_api",
  "language": "English",
  "content_fetched": true
}