{
  "article_id": "0315544a6a581f44878a70364fa75573",
  "headline": " [ 뉴스새벽배송 ] FOMC 앞둔 美 증시 일제히 하락 … 푸틴 5선 확정",
  "body": "",
  "url": "https://www.edaily.co.kr/News/Read?newsId=01351366638824632&mediaCodeNo=257",
  "source": "gdelt_edaily.co.kr",
  "published_at": "2024-03-17T23:30:00+00:00",
  "collected_at": "2025-10-20T23:36:06.087868+00:00",
  "sp500_relevant": true,
  "collection_method": "gdelt_api",
  "language": "Korean",
  "content_fetched": false
}