{
  "article_id": "031e0eba7c615864cbd1493637b0b07b",
  "headline": "Thị trường chứng khoán thế giới tăng điểm trong khi Fed bắt đầu cuộc họp 2 ngày",
  "body": "",
  "url": "https://baodautu.vn/thi-truong-chung-khoan-the-gioi-tang-diem-trong-khi-fed-bat-dau-cuoc-hop-2-ngay-d211137.html",
  "source": "gdelt_baodautu.vn",
  "published_at": "2024-03-20T07:45:00+00:00",
  "collected_at": "2025-10-20T23:40:25.675370+00:00",
  "sp500_relevant": true,
  "collection_method": "gdelt_api",
  "language": "Vietnamese",
  "content_fetched": false
}