{
  "article_id": "0324905905fb0791c84203feee67c810",
  "headline": "Recession Fears Hit Market ; Warren Buffett Concerns Slam These Stocks",
  "body": "",
  "url": "https://www.investors.com/market-trend/stock-market-today/dow-jones-futures-sp-500-slips-fed-sees-recession-warren-buffett-concerns-hit-these-stocks/",
  "source": "gdelt_investors.com",
  "published_at": "2023-04-12T23:15:00+00:00",
  "collected_at": "2025-10-20T10:08:43.597813+00:00",
  "sp500_relevant": true,
  "collection_method": "gdelt_api",
  "language": "English",
  "content_fetched": false
}