{
  "article_id": "0329b1a22885f081a79aac9e5733f3e1",
  "headline": "Dow Jones Futures : Bear Market Eyes New Leg Down ; Apple , Eli Lilly Show Relative Strength",
  "body": "Dow Jones futures fell Monday morning, along with S&P 500 futures and Nasdaq futures, as Treasury yields rose and the British pound plunged to a record low. The stock market suffered heavy losses yet again in the past week as a hawkish Federal Reserve sent Treasury yields soaring yet again. The Dow Jones undercut June lows on Friday with the…",
  "url": "https://www.investors.com/market-trend/stock-market-today/dow-jones-futures-bear-market-eyes-new-leg-down-apple-eli-lilly-show-relative-strength/",
  "source": "gdelt_investors.com",
  "published_at": "2022-09-23T22:30:00+00:00",
  "collected_at": "2025-10-20T04:45:48.930190+00:00",
  "sp500_relevant": true,
  "collection_method": "gdelt_api",
  "language": "English",
  "content_fetched": true
}