{
  "article_id": "032a57a34ac28093805edce87c275174",
  "headline": "Historia Bisnis : Telkom ( TLKM )  Nyari Delisting dari Wall Street",
  "body": "Bisnis.com,JAKARTA— Kehadiran PT Telkom Indonesia (Persero) Tbk. (TLKM) di lantai Bursa Efek Indonesia (BEI) dan New York Stock Exchange (NYSE) selama 25 tahun tidak sepenuhnya berjalan mulus. Telkom Indonesia baru saja merayakan 25 tahun resmi melantai di BEI dan NYSE. Direktur Utama Telekomunikasi Indonesia Ririek Adriansyah mengklaim kapitalisasi pasar terus tumbuh hingga 12 kali lipat.",
  "url": "https://market.bisnis.com/read/20201208/192/1328189/historia-bisnis-telkom-tlkm-nyaris-delisting-dari-wall-street",
  "source": "gdelt_market.bisnis.com",
  "published_at": "2020-12-08T15:00:00+00:00",
  "collected_at": "2025-10-19T09:10:27.658246+00:00",
  "sp500_relevant": true,
  "collection_method": "gdelt_api",
  "language": "Indonesian",
  "content_fetched": true
}