{
  "article_id": "032e14e472aa50db0e5a2322ffaa3c68",
  "headline": "VDSC :  FED cắt giảm chương trình mua tài sản không ảnh hưởng lớn tới chứng khoán Việt Nam , VN - Index có thể lên mốc 1 . 380 điểm trong tháng 10  ",
  "body": "",
  "url": "https://cafef.vn/vdsc-fed-cat-giam-chuong-trinh-mua-tai-san-khong-anh-huong-lon-toi-chung-khoan-viet-nam-vn-index-co-the-len-moc-1380-diem-trong-thang-10-20211006224040257.chn",
  "source": "gdelt_cafef.vn",
  "published_at": "2021-10-07T03:15:00+00:00",
  "collected_at": "2025-10-19T17:55:07.586672+00:00",
  "sp500_relevant": true,
  "collection_method": "gdelt_api",
  "language": "Vietnamese",
  "content_fetched": false
}