{
  "article_id": "03373cb28e6294644309a265fd7da1b3",
  "headline": "What is a Stock Market Rally : Bull & Bear Rallies",
  "body": "A market rally is when stocks, bonds, or indices embrace an upward swing. Rallies are sustained moves higher that can happen in a bull market or bear market. Alistair Berg/DigitalVision via Getty Images Alistair Berg/DigitalVision via Getty Images A stock market rally is where prices increase for an undefined but sustained period of time. The increases may be sharp or rapid and happen over a short timeframe. A rally typically happens after a flat or declining price trend and is a way for the market to rebound with positive gains. Sometimes, there can be a stock market rally before a crash. This is where the market has a sharp increase in prices, but the market's overall sentiment is set for a sharp decline. In such case, after the rally, the market enters into a declining state and may see a significant drop resulting in a crash. A bear market happens when the market has a prolonged period of declining prices, formally a drop of 20% or more. During a bear market, it is possible to have a bear market rally which is a sharp increase in prices while still in a bear market. This can sometimes be referred to as a sucker rally where there is no fundamental reason that the rally is happening, with stocks resuming their downward bear market trends when the rally ends. Tip: Donât assume a bear market rally is the end of the bear market. If the fundamentals of the market have not changed, a continuation of extended declining prices is very possible. Investors may see what some call a dead cat bounce during a bear market. This refers to the rally as the bounce. It is a morbid term but aptly describes the concept that anything that drops far enough will bounce before dropping again. Letâs take a look at the biggest bear market rally history moments: The underlying cause of a rally varies widely. Letâs take a look at some common rally conditions: Tip: A rally may be a positive market sign when there are fundamental changes in the economy leading to it. Long-term changes include tax modifications and lower interest rates. Nobody knows how long a stock rally will last. Some bear market rallies last a day or two, while others can last weeks or months before there is a continuation of the declining trends. It is possible for investors to make money during a stock rally and position themselves for greater returns in the long run. Here are a few examples of what investors might try to do to take advantage of the rally: Timing the market rally can be difficult since it can be such a short-lived event. Traders may wish to set short-term parameters, possible stop loss orders, or trailing stops and pay particular attention to lower volume as a signal that the rally is beginning to end. Important: Consider your time horizon, income, and current portfolio strategies before making portfolio changes. Always consult a financial advisor before making big investing decisions, especially during events like a market rally. A market rally helps level out market declines by having a short-term gain in the market. Market rallies usually happen during flat or declining market periods and typically only last for a day or two, though they can last longer. Investors should be wary that a rally is not necessarily an indication that a bear market has turned bullish. You can identify a stock rally by the sharp upward trend of the market or stock. There tends to be higher highs on strong volume. Stock and market resistance levels get broken. A crash or correction is the opposite of a market rally. Investors start to pull money out of the market, leaving a lot of inventory with prices plummeting. A fake bull run or bull trap is a false indicator that prices will start to increase for a long period of time. The fake bull run is a rally that eventually leads the market back into the bear market trends it was already experiencing. A dead cat bounce is another way to describe a bull trap. In the bull trap or dead cat bounce, the market seems to rebound and lures investors back into. However, the rise is not sustained, and the market returns to a downward trend. This article was written by Analystâs Disclosure:I/we have no stock, option or similar derivative position in any of the companies mentioned, and no plans to initiate any such positions within the next 72 hours. I wrote this article myself, and it expresses my own opinions. I am not receiving compensation for it. I have no business relationship with any company whose stock is mentioned in this article. Seeking Alpha's Disclosure: Past performance is no guarantee of future results. No recommendation or advice is being given as to whether any investment is suitable for a particular investor. Any views or opinions expressed above may not reflect those of Seeking Alpha as a whole. Seeking Alpha is not a licensed securities dealer, broker or US investment adviser or investment bank. Our analysts are third party authors that include both professional investors and individual investors who may not be licensed or certified by any institute or regulatory body.",
  "url": "https://seekingalpha.com/article/4483615-market-rally",
  "source": "gdelt_seekingalpha.com",
  "published_at": "2023-11-22T17:00:00+00:00",
  "collected_at": "2025-10-20T19:46:05.577763+00:00",
  "sp500_relevant": true,
  "collection_method": "gdelt_api",
  "language": "English",
  "content_fetched": true
}