{
  "article_id": "033d615b91a31822c7b8e0cd9d42de8c",
  "headline": "Why Im Not Doing a Thing to Prepare for the Next Stock Market Crash",
  "body": "",
  "url": "https://siouxcityjournal.com/business/investment/personal-finance/why-im-not-doing-a-thing-to-prepare-for-the-next-stock-market-crash/article_23dc1de7-18da-5800-9a1a-1cdfa9cb20de.html",
  "source": "gdelt_siouxcityjournal.com",
  "published_at": "2021-08-13T12:00:00+00:00",
  "collected_at": "2025-10-19T16:30:40.752531+00:00",
  "sp500_relevant": true,
  "collection_method": "gdelt_api",
  "language": "English",
  "content_fetched": false
}