{
  "article_id": "033f3791af3bf90f7979d21c0adff5ad",
  "headline": "投資人憂Fed加速縮表 ！ 美股四大指數續跌 、 費半跌2 % ~複委託手續費優惠洽詢 : 大昌樹林游燕玲~",
  "body": "",
  "url": "http://blog.cnyes.com/My/yuling_ut/Article2773309",
  "source": "gdelt_blog.cnyes.com",
  "published_at": "2022-04-07T00:45:00+00:00",
  "collected_at": "2025-10-19T21:59:14.899465+00:00",
  "sp500_relevant": true,
  "collection_method": "gdelt_api",
  "language": "Chinese",
  "content_fetched": false
}