{
  "article_id": "034ed76ed4d6fede0030d95eb0ef73fe",
  "headline": "The Price of Winning on Wall Street",
  "body": "",
  "url": "https://www.wfmz.com/business/the-price-of-winning-on-wall-street/article_47ceef5b-6196-5636-803d-8e61c7bd90f5.html",
  "source": "gdelt_wfmz.com",
  "published_at": "2022-09-03T12:00:00+00:00",
  "collected_at": "2025-10-20T04:12:38.310072+00:00",
  "sp500_relevant": true,
  "collection_method": "gdelt_api",
  "language": "English",
  "content_fetched": false
}