{
  "article_id": "03516622a5363e048862b906ffab6522",
  "headline": "USA Today : Les leçons de la semaine à Wall Street par John Plassard – 17 / 05",
  "body": "",
  "url": "https://www.bfmtv.com/economie/replay-emissions/bfm-bourse/usa-today-les-lecons-de-la-semaine-a-wall-street-par-john-plassard-17-05_EN-202405170652.html",
  "source": "gdelt_bfmtv.com",
  "published_at": "2024-05-17T14:45:00+00:00",
  "collected_at": "2025-10-21T01:13:16.816716+00:00",
  "sp500_relevant": true,
  "collection_method": "gdelt_api",
  "language": "French",
  "content_fetched": false
}