{
  "article_id": "03531356b720058d18c73388beb5de1d",
  "headline": "Economic woes deflating Biden include a tumbling stock market",
  "body": "",
  "url": "https://gazette.com/news/us-world/economic-woes-deflating-biden-include-a-tumbling-stock-market/article_f50a3636-4b5f-5a8d-b40b-e290ff25e75a.html",
  "source": "gdelt_gazette.com",
  "published_at": "2022-10-14T05:45:00+00:00",
  "collected_at": "2025-10-20T05:33:15.055721+00:00",
  "sp500_relevant": true,
  "collection_method": "gdelt_api",
  "language": "English",
  "content_fetched": false
}