{
  "article_id": "03551a5ffc644fe9ae9f36f86e0a544c",
  "headline": "Sri Lanka largest business group opposes decision to close stock market",
  "body": "Colombo, Apr 18 (IANS): Sri Lanka's largest business group Ceylon Chamber of Commerce has opposed a decision by the Securities and Exchange Commission (SEC) to close the stock market for five working days. By shutting down the stock market, potential sellers are prevented from exiting the market at the time and price of their choice, and potential buyers are prevented from acquiring shares, the Chamber said on Sunday. \"All investors will be unable to carry out valuations and mark to market their respective investment portfolios,\" Chairman of the Chamber, Vish Govindasamy said in a letter to SEC Chairman Viraj Dayaratne. Govindasamy said there are circuit breakers in place to arrest a sharp movement in market indices, and the Chamber believes that there is no need to close the market in this manner sending out a wrong signal to all investors across the globe, Xinhua news agency reported. \"Therefore, we earnestly request you to reconsider this move and direct the Colombo Stock Exchange to operate freely even amid challenging market conditions safeguarding its reputation as an investor-friendly stock market,\" he added. On Saturday, the SEC announced that it had decided to direct the Colombo Stock Exchange to temporarily close the stock market for a period of five business days starting April 18. The SEC said it would be in the best interests of investors as well as other market participants if they are afforded an opportunity to have more clarity and understanding of the economic conditions presently prevalent, in order for them to make informed investment decisions. The Colombo Stock Exchange has been adversely affected by the economic woes in the South Asian country and the index has fallen 26 per cent by the end of March compared to the end of 2021. Disclaimer: Please write your correct name and email address. Kindly do not post any personal, abusive, defamatory, infringing, obscene, indecent, discriminatory or unlawful or similar comments. Daijiworld.com will not be responsible for any defamatory message posted under this article. Please note that sending false messages to insult, defame, intimidate, mislead or deceive people or to intentionally cause public disorder is punishable under law. It is obligatory on Daijiworld to provide the IP address and other details of senders of such comments, to the authority concerned upon request. Hence, sending offensive comments using daijiworld will be purely at your own risk, and in no way will Daijiworld.com be held responsible.",
  "url": "https://www.daijiworld.com/news/newsDisplay?newsID=949036",
  "source": "gdelt_daijiworld.com",
  "published_at": "2022-04-18T04:00:00+00:00",
  "collected_at": "2025-10-19T22:07:43.875315+00:00",
  "sp500_relevant": true,
  "collection_method": "gdelt_api",
  "language": "English",
  "content_fetched": true
}