{
  "article_id": "035e618ec765ccbc52613e05787114a0",
  "headline": "5 Reasons to Consider Investing in The Stock Market in 2022",
  "body": "",
  "url": "https://menafn.com/1103749359/5-Reasons-to-Consider-Investing-in-The-Stock-Market-in-2022&source=235",
  "source": "gdelt_menafn.com",
  "published_at": "2022-02-23T09:45:00+00:00",
  "collected_at": "2025-10-19T21:00:54.800462+00:00",
  "sp500_relevant": true,
  "collection_method": "gdelt_api",
  "language": "English",
  "content_fetched": false
}