{
  "article_id": "035e415df78ad18ed32215ea60f0f6a7",
  "headline": "Financials Flat After Jefferies Earnings -- Financials Roundup",
  "body": "Published on 03/27/2025 at 05:11 pm EDT - Modified on 03/27/2025 at 05:12 pm EDT Shares of banks and other financial institutions were flat amid trepidation about earnings season. Shares of Wall Street bank Jefferies Financial fell after the firm posted a lower first-quarter profit, citing smaller investment returns. A volatile quarter for global markets could buoy some trading desks, but the Jefferies report could stir concerns about results at rivals Goldman Sachs Group and Morgan Stanley. European credit specialist Albacore Capital Group has secured an initial $1.8 billion, including anchor investments and leverage, for its new senior direct lending strategy. Robinhood, the digital brokerage that channeled the meme-stock and crypto craze, said it would offer a wider range of financial services in an effort to hang onto maturing users. One market analysis firm has detected signs that retail traders are loading up on bullish stock market bets ahead of April 2, the day the Trump administration had touted as a deadline for tariff negotiations. Since the stock market peak on Feb. 19, investors poured over $32.9 billion into U.S. stocks, according to Vanda Research, one of the most significant purchases in a three-week period in recent years. Write to Rob Curran at rob.curran@dowjones.com (END) Dow Jones Newswires 03-27-25 1711ET",
  "url": "https://www.marketscreener.com/quote/stock/JEFFERIES-FINANCIAL-GROUP-43482239/news/Financials-Flat-After-Jefferies-Earnings-Financials-Roundup-49457487/",
  "source": "gdelt_marketscreener.com",
  "published_at": "2025-03-27T21:30:00+00:00",
  "collected_at": "2025-10-21T07:39:29.378785+00:00",
  "sp500_relevant": true,
  "collection_method": "gdelt_api",
  "language": "English",
  "content_fetched": true
}