{
  "article_id": "035e75be0f8871c85ee67540da63c57a",
  "headline": "Dow Jones Futures : Stock Market Still In Flux With Fed Set To Speed Up ; Apple , Tesla , Rivian In Focus",
  "body": "Dow Jones futures edged higher Monday morning, while S&P 500 futures and Nasdaq futures rose modestly, as a key Fed meeting looms this week. A market rally attempt is underway, led by Apple stock and Microsoft, with strong gains for the major indexes and the S&P 500 hitting a record close. But market breadth remains a concern. And the market…",
  "url": "https://www.investors.com/market-trend/stock-market-today/dow-jones-futures-stock-market-still-in-flux-with-fed-set-to-speed-up-apple-tesla-rivian-in-focus/",
  "source": "gdelt_investors.com",
  "published_at": "2021-12-11T00:00:00+00:00",
  "collected_at": "2025-10-19T19:02:24.703549+00:00",
  "sp500_relevant": true,
  "collection_method": "gdelt_api",
  "language": "English",
  "content_fetched": true
}