{
  "article_id": "035f1294b25f821d26ffad32997e5381",
  "headline": "Dow Jones Falls ; Tesla Rival Li Auto Skids On Earnings | Investor Business Daily",
  "body": "The Dow Jones Industrial Average briefly fell more than 150 points Monday, kicking off a busy week of economic data with losses. Energy sector names drove a large share of the early losses, as oil prices unraveled below recent lows. Fed minutes from the central bank's latest policy meeting and U.S. retail sales are both due Wednesday. Tesla rival Li…",
  "url": "https://www.investors.com/market-trend/stock-market-today/dow-jones-futures-fall-tesla-rival-li-auto-skids-on-earnings/",
  "source": "gdelt_investors.com",
  "published_at": "2022-08-15T14:00:00+00:00",
  "collected_at": "2025-10-20T03:30:31.399376+00:00",
  "sp500_relevant": true,
  "collection_method": "gdelt_api",
  "language": "English",
  "content_fetched": true
}