{
  "article_id": "03696fd7387facbcfe39da0d9b23d042",
  "headline": "Borsa Tokyo giù , bene Hong Kong post Pil . Futures united states in rialzo dopo annuncio tassi Fed",
  "body": "",
  "url": "https://www.finanza.com/news/borsa-tokyo-giu-bene-hong-kong-post-pil-futures-usa-in-rialzo-dopo-annuncio-tassi-fed",
  "source": "gdelt_finanza.com",
  "published_at": "2024-02-01T06:45:00+00:00",
  "collected_at": "2025-10-20T22:45:14.348709+00:00",
  "sp500_relevant": true,
  "collection_method": "gdelt_api",
  "language": "Italian",
  "content_fetched": false
}