{
  "article_id": "036d04f2bdfee7c741fe45859a355751",
  "headline": "stock market open on Memorial Day : Memorial Day 2025 : Is stock market open in US on Memorial Day ? Check details",
  "body": "In observance of the holiday, the New York Stock Exchange will close early at 1 p.m. on Friday, May 23, and remain closed for the long weekend. (Catch all the Business News, Breaking News, Budget 2025 Events and Latest News Updates on The Economic Times.) Subscribe to The Economic Times Prime and read the ET ePaper online. (Catch all the Business News, Breaking News, Budget 2025 Events and Latest News Updates on The Economic Times.) Subscribe to The Economic Times Prime and read the ET ePaper online. Explore More Stories Canada bars Irish rap band Kneecap from entry over alleged terrorism support Bank of Canada cuts interest rate to 2.5% as GDP shrinks, job market softens Beverly Thomson, veteran CTV journalist and Canada AM co-host, dies at 61 Seth Rogen wins Emmy Award for best lead actor in comedy series 'The Studio' Zach Bryan confronts Gavin Adcock at Oklahoma music festival after country singer criticism Weekend streaming guide Canada: top 10 Netflix, Crave, Disney+ and Apple TV+ shows September 2025 Canada pension and retirement benefits 2025: up to $2,461 in federal and provincial payments through December Molly McCann wins professional boxing debut despite opponent's illegal kick How Americans and a fake Fox News account accused Toronto retiree Michael Mallinson of assassinating Charlie Kirk Canadian bread price fixing settlement opens: $500m available for claims Canadian soldier found dead in Latvia during NATO operation reassurance deployment Mexico vs Japan international soccer: live stream, TV schedule and match preview Trump denies knowledge of reported SEAL Team 6 mission in North Korea that killed civilians",
  "url": "https://economictimes.indiatimes.com/news/international/global-trends/memorial-day-2025-is-stock-market-open-in-us-on-memorial-day-check-details/articleshow/121272104.cms",
  "source": "gdelt_economictimes.indiatimes.com",
  "published_at": "2025-05-19T15:30:00+00:00",
  "collected_at": "2025-10-21T08:51:03.243118+00:00",
  "sp500_relevant": true,
  "collection_method": "gdelt_api",
  "language": "English",
  "content_fetched": true
}