{
  "article_id": "036fa6edf2a340de5e1c95e45bd3497c",
  "headline": "Genocea Announces Wind Down of Operations and Delisting From NASDAQ",
  "body": "CAMBRIDGE, Mass., May 24, 2022 (GLOBE NEWSWIRE) -- Genocea Biosciences, Inc. (Nasdaq: GNCA), a biopharmaceutical company developing next-generation neoantigen immunotherapies, announced that its Board of Directors voted to wind down the Company’s ongoing operations and terminate the Company’s remaining employees except those deemed necessary to complete an orderly wind down. On May 23, 2022, the Company delivered formal notice to The Nasdaq Stock Market, Inc. of its intent to voluntarily delist its Common Stock from the Nasdaq Capital Market in connection with the wind down of its operations. The Company plans to file a Form 25 with the Securities and Exchange Commission on or about June 2, 2022, to effect the voluntary delisting of the Common Stock under Section 12(b) of the Securities Exchange Act of 1934, as amended. Also, on May 23, 2022, the Company received a letter from the Nasdaq Listing Qualifications department of Nasdaq notifying the Company that it was not in compliance with the requirement of Nasdaq Marketplace Rule 5450(a)(1) for continued inclusion on The Nasdaq Capital Market as a result of the closing bid price for the Company’s common stock being below $1.00 for 30 consecutive business days. Investor Contact:Dan Ferry617-430-7576daniel@lifesciadvisors.com Media Contact:Sarah O’Connellsoconnell@vergescientific.com",
  "url": "https://finance.yahoo.com/news/genocea-announces-wind-down-operations-120000276.html",
  "source": "gdelt_finance.yahoo.com",
  "published_at": "2022-05-28T12:45:00+00:00",
  "collected_at": "2025-10-19T23:53:43.673755+00:00",
  "sp500_relevant": true,
  "collection_method": "gdelt_api",
  "language": "English",
  "content_fetched": true
}