{
  "article_id": "036f7b0256ae8b2fdac995a9fc1f9ac2",
  "headline": "Alert : Sebi Warns Investors Of Scammers Exploiting FPI Route For Stock Market Entry",
  "body": "Capital markets regulator Sebi recently cautioned investors against fraudulent trading platforms, claiming to facilitate stock market access to Indians through Foreign Portfolio Investors (FPIs) route. The cautionary statement came after Sebi received several complaints regarding fraudulent trading platforms, which falsely claimed affiliation with FPIs and claimed to offer trading opportunities through FPI or institutional accounts with special privileges. Also Read: Stay Alert, Brokers: Sebi Highlights Risks Of Manipulation In Stock Markets Modus Operandi Sebi noted that fraudsters are enticing victims through online trading courses, seminars, and mentorship programs in the stock market, leveraging social media platforms such as WhatsApp or Telegram, as well as live broadcasts. Posing as employees or affiliates of Sebi-registered FPIs, they coax individuals into downloading applications that purportedly allow them to purchase shares, subscribe to IPOs, and enjoy “institutional account benefits\"– all without the need for an official trading or demat account, Sebi said adding that these operations often use mobile numbers registered under false names to orchestrate their schemes. Under the rule, the FPI investment route is unavailable to resident Indians, with limited exceptions as outlined in the Sebi’s FPI Regulations. Further, there is no provision for an “Institutional Account\" in trading, and direct access to the equities market requires investors to have a trading and demat account with a Sebi-registered broker and depository participant respectively. The regulator clarified that it has not granted any relaxations to FPIs regarding securities market investments by Indian investors. Social Media Alert Swipe Left For Next Video Cautioning investors, Sebi has asked investors “to steer clear of any social media messages, WhatsApp groups, Telegram channels, or apps claiming to facilitate stock market access through FPIs or FIIs registered with Sebi. Such schemes are fraudulent and do not have Sebi’s endorsement.\" (With PTI inputs)",
  "url": "https://www.news18.com/business/alert-sebi-warns-investors-of-scammers-exploiting-fpi-route-for-stock-market-entry-8794928.html",
  "source": "gdelt_news18.com",
  "published_at": "2024-02-27T13:00:00+00:00",
  "collected_at": "2025-10-20T23:11:48.478366+00:00",
  "sp500_relevant": true,
  "collection_method": "gdelt_api",
  "language": "English",
  "content_fetched": true
}