{
  "article_id": "03712f2c9eceb1ae738d2f6fbabea901",
  "headline": "CAC 40 , Crypto , Bitcoin , Carrefour , Nasdaq … au programme de Momentum cette semaine",
  "body": "Le CAC 40 a connu une semaine volatile, pour la première du millésime boursier 2022. Une semaine qui augure peut-être ce qui nous attend pour l’ensemble de l'année, qui devrait être plus accidentée que 2021. Après un départ en fanfare de lundi à mercredi, la Fed a fini par plomber l’ambiance, en suggérant plusieurs tours de vis monétaires et une réduction de son bilan, afin de contrer une inflation jugée inquiétante. “Les catalyseurs de l’inflation sont encore nombreux (effet pétrole, contraintes d’approvisionnement et de production, accélération des loyers, hausse des coûts salariaux…) mais les banques centrales et les États ne se désengageront que très progressivement pour éviter de déstabiliser l’économie”, juge Alain Guélennoc, Directeur Général de Federal Finance Gestion. L’évolution des politiques monétaires des banques centrales et celle de l’inflation, qui n’est plus qualifiée de transitoire, seront déterminantes pour la Bourse. “Aux Etats-Unis, si les salaires augmentent pour intégrer la hausse de l’inflation (enclenchant ainsi les effets de second tour), cela confortera la Fed dans sa politique de resserrement monétaire”, met en garde l’expert, pour qui ce risque paraît néanmoins beaucoup plus limité en zone euro, “étant donné l’environnement du marché du travail”. Si la menace Omicron se résorbe, et hors nouvelles tensions géopolitiques, alors “une certaine forme de normalisation devrait se mettre en place, qui passera par un rattrapage à la hausse des taux et une plus grande sélectivité sur les marchés d’actions”, avertit-il. >> A lire aussi - Le CAC 40 va-t-il atteindre les 8.000 points cette année ? Cette semaine, Momentum a su tirer parti de la volatilité des marchés. Sur le front des actions, l’accélération haussière du CAC 40 de la première partie de semaine a été correctement anticipée, de même que les prises de profits à partir de jeudi… Certaines actions analysées ces derniers mois, comme Bénéteau ou Carrefour (porté par des rumeurs de rachat par Auchan), ont fait des étincelles dernièrement. Inversement, Pernod Ricard a déçu, mais les positions ont pu être débouclés rapidement (stop de protection assez serré). >> Notre service - Investissez dans les cryptomonnaies (Bitcoin, Ethereum…) grâce à notre plateforme d’achat de vente en ligne partenaire De nombreuses valeurs (Rothschild, Microsoft, Française des Jeux, etc.) ont été décortiquées, avec des anticipations haussières ou baissières. Et les principaux indices (CAC 40, Nasdaq, S&P 500, Dow Jones…) ont été analysés. Du côté des cryptomonnaies, notre prudence sur le compartiment et le Bitcoin a payé. >> A lire aussi - Bourse : 23 erreurs à ne surtout pas commettre Découvrez de nombreuses analyses (techniques, financières et économiques) dans Momentum, la newsletter premium de Capital sur la Bourse. Des scénarios (sur actions, indices, or, cryptomonnaies, devises…), l’essentiel de l’actualité à retenir… Chaque jour, à 12h30, dans votre boîte e-mail pour seulement 6,90 euros par mois. Et en ce moment, avec le code promo CAPITAL30J, profitez d’un mois d'essai gratuit. Pour vous abonner, il suffit de cliquer sur le lien ci-dessous. >> Achetez et vendez vos placements (actions, cryptomonnaies, or…) au bon moment grâce à Momentum, la newsletter de Capital sur l’analyse technique. Et en ce moment, avec le code promo CAPITAL30J, profitez d’un mois d'essai gratuit. L'analyse technique et financière des actions et du CAC 40, chaque jour dans votre boîte mail, avec la Newsletter Momentum par Capital.",
  "url": "https://www.capital.fr/entreprises-marches/cac-40-crypto-bitcoin-carrefour-nasdaq-au-programme-de-momentum-cette-semaine-1424852",
  "source": "gdelt_capital.fr",
  "published_at": "2022-01-08T20:00:00+00:00",
  "collected_at": "2025-10-19T19:46:25.415287+00:00",
  "sp500_relevant": true,
  "collection_method": "gdelt_api",
  "language": "French",
  "content_fetched": true
}