{
  "article_id": "0374facba2ba1ea1731d1c3107a9b368",
  "headline": "Wharton professor Jeremy Siegel says predictions of a lost decade in the stock market are unfounded and 6 % annual returns are likely after inflation",
  "body": "",
  "url": "http://www.msn.com/en-us/money/markets/wharton-professor-jeremy-siegel-says-predictions-of-a-lost-decade-in-the-stock-market-are-unfounded-and-6percent-annual-returns-are-likely-after-inflation/ar-AA12rjKm",
  "source": "gdelt_msn.com",
  "published_at": "2022-09-30T21:30:00+00:00",
  "collected_at": "2025-10-20T05:00:19.543873+00:00",
  "sp500_relevant": true,
  "collection_method": "gdelt_api",
  "language": "English",
  "content_fetched": false
}