{
  "article_id": "037e62d8fab80fd27c2af0c8a04d4987",
  "headline": "Seizing Opportunities In The Stock Market : M K Protein Limited Holds Promise",
  "body": "",
  "url": "https://www.outlookindia.com/business-spotlight/seizing-opportunities-in-the-stock-market-m-k-protein-limited-holds-promise-news-338868",
  "source": "gdelt_outlookindia.com",
  "published_at": "2023-12-26T16:30:00+00:00",
  "collected_at": "2025-10-20T21:52:48.815157+00:00",
  "sp500_relevant": true,
  "collection_method": "gdelt_api",
  "language": "English",
  "content_fetched": false
}