{
  "article_id": "03805963059a1f67f8bdd8c3162819b3",
  "headline": "Chứng khoán Mỹ phủ sắc xanh , Dow Jones có chuỗi tăng dài nhất kể từ cuối năm 2023",
  "body": "",
  "url": "https://thoibaotaichinhvietnam.vn/chung-khoan-my-phu-sac-xanh-dow-jones-co-chuoi-tang-dai-nhat-ke-tu-cuoi-nam-2023-150333.html",
  "source": "gdelt_thoibaotaichinhvietnam.vn",
  "published_at": "2024-05-08T04:45:00+00:00",
  "collected_at": "2025-10-21T01:00:58.017079+00:00",
  "sp500_relevant": true,
  "collection_method": "gdelt_api",
  "language": "Vietnamese",
  "content_fetched": false
}