{
  "article_id": "0380380f89e6c200a93f525caee74e1b",
  "headline": "Want $1 Million in Retirement ? 3 Simple Index Funds -- and 12 Sector ETFs -- to Buy and Hold for Decades . ",
  "body": "If you're saving and investing for retirement and you want to do well -- without having to become a stock market expert and top-notch analyst -- look to simple index funds. These track a particular index, such as the S&P 500, which is made up of 500 of America's biggest companies. The corresponding index fund holds all or mostly all of the same components, in roughly the same proportion. Thus, it aims to deliver roughly the same performance, less its fees. And the best index funds tend to have ultra-low fees. Hooray, right? Here's a look at three simple index funds you might consider for berths in your portfolio. Note that each is an exchange-traded fund (ETF), which trades like a stock. ETFs have grown quite popular and are easy to invest in via any good brokerage. After listing them, I'll offer a host of sector funds for your consideration. Image source: Getty Images. If you want to spend the least time thinking about your portfolio, you might want to stick with one or more very broad index funds, such as the ones below: ETF Expense Ratio 5-Year Avg. Annual Return 10-Year Avg. Annual Return Recent Dividend Yield Vanguard S&P 500 ETF (VOO 1.05%) 0.03% 15.27% 11.56% 1.36% Vanguard Total Stock Market ETF (VTI 1.11%) 0.03% 14.76% 10.84% 1.36 Vanguard Total World Stock ETF (VT 0.99%) 0.06% 12.50% 7.92% 1.95% Source: Morningstar.com. The Vanguard S&P 500 ETF can be all you need. The 500 companies in it together make up about 80% of the total U.S. stock market's value. Its low, low expense ratio of 0.03% means you'll pay just $3 per year for each $10,000 you have invested in the fund. The Vanguard Total Stock Market ETF has the same low fee and includes just about all of the U.S. stock market, including many small-cap and mid-cap companies that don't make it into the S&P 500. The Vanguard Total World Stock ETF goes even wider, encompassing most of the companies on earth. It's perfect if you're bullish not only on the U.S. economy but also the world's -- or if you want a more geographically diversified portfolio. Invest in one or more of these three, keep adding meaningful sums regularly, and you can build a hefty nest egg. Given that the stock market has averaged annual returns of close to 10% over many decades, the table below shows how your money might grow at a more conservative 8%. (Over your investing period, of course, you might average more or less than 8%.) Growing at 8% Annually for: $7,500 Invested Annually $15,000 Invested Annually 5 years $47,519 $95,039 10 years $117,341 $234,682 15 years $219,932 $439,864 20 years $370,672 $741,344 25 years $592,158 $1,184,316 30 years $917,594 $1,835,188 35 years $1,395,766 $2,791,532 40 years $2,098,358 $4,196,716 Source: Calculations by author. You can see that you can amass $1 million or more just by regularly plunking certain sums into the stock market over a long period. Of course, you might want to keep some of your assets in funds that could grow more briskly. For that, consider some impressive growth-focused ETFs. Or concentrate instead on sectors or niches that you're very bullish about. Below are some top sector ETFs to consider. Sector funds generally track indexes, too -- just more-focused ones. ETF Expense Ratio 5-Year Avg. Annual Return 10-Year Avg. Annual Return Recent Dividend Yield Vanguard Energy ETF (NYSEMKT: VDE) 0.09% 23.71% 2.99% 2.86% iShares U.S. Home Construction ETF (NYSEMKT: ITB) 0.39% 22.23% 12.75% 0.54% iShares Semiconductor ETF (NASDAQ: SOXX) 0.35% 19.42% 19.38% 0.95% Technology Select Sector SPDR ETF (NYSEMKT: XLK) 0.08% 18.92% 17.97% 0.75% Vanguard Information Technology ETF (NYSEMKT: VGT) 0.09% 18.67% 18.02% 0.55% Financial Select Sector SPDR ETF (NYSEMKT: XLF) 0.08% 16.61% 8.61% 1.39% Vanguard Industrials ETF (NYSEMKT: VIS) 0.09% 16.09% 9.68% 1.20% Vanguard Communication Services ETF (NYSEMKT: VOX) 0.09% 12.83% 6.67% 1.02% Fidelity MSCI Consumer Staples ETF (NYSEMKT: FSTA) 0.084% 10.39% 7.96% 2.11% Health Care Select Sector SPDR ETF (NYSEMKT: XLV) 0.08% 9.00% 7.94% 1.70% Vanguard Utilities ETF (NYSEMKT: VPU) 0.09% 7.46% 8.73% 2.89% Vanguard Real Estate ETF (NYSEMKT: VNQ) 0.13% 4.83% 4.11% 4.01% Source: Morningstar.com. If you're like me, your eyes will go right to the top for the fattest returns. But remember that these are past returns, and the coming years might deliver different performance. Think about which sectors seem most promising to you. In the coming years, do you foresee lots of homebuilding in the U.S.? Do you expect semiconductors to remain in great demand? Do you perhaps expect a recession, in which case you might want more-steady utility and consumer staples companies in your portfolio, delivering reliable dividends? Think about what kinds of investments will best suit your risk tolerance and investment goals. Remember that a high average annual return might be due to a single outsize year -- and that a relatively low dividend yield might be growing faster than a higher one. Basically, look more closely into metrics that matter to you. However you go about it, be sure to save and invest for your future -- and have a solid retirement plan. Whether with these ETFs or individual stocks or other investments, you might be able to amass $1 million or more by retirement.",
  "url": "https://www.fool.com/investing/2025/04/19/want-1-million-in-retirement-3-simple-index-funds/",
  "source": "gdelt_fool.com",
  "published_at": "2025-04-19T10:30:00+00:00",
  "collected_at": "2025-10-21T08:11:24.168995+00:00",
  "sp500_relevant": true,
  "collection_method": "gdelt_api",
  "language": "English",
  "content_fetched": true
}