{
  "article_id": "038456d97d700a47515c8d17299bcc5f",
  "headline": "Krieg , Inflation , steigende Zinsen : Selbst der Dreiklang macht den Aktienmarkt nicht kaputt",
  "body": "",
  "url": "https://www.finanznachrichten.de/nachrichten-2022-03/55598805-krieg-inflation-steigende-zinsen-selbst-der-dreiklang-macht-den-aktienmarkt-nicht-kaputt-534.htm",
  "source": "gdelt_finanznachrichten.de",
  "published_at": "2022-03-25T07:00:00+00:00",
  "collected_at": "2025-10-19T21:45:49.688675+00:00",
  "sp500_relevant": true,
  "collection_method": "gdelt_api",
  "language": "German",
  "content_fetched": false
}