{
  "article_id": "0384b5a8ce58fbdf90ead0276506e9bb",
  "headline": "TDG Stock Keeps Flying Ahead Of Earnings ; TDG Stock Aided By Boeing Woes",
  "body": "",
  "url": "https://www.investors.com/news/tdg-stock-transdigm-earnings-q2-boeing-woes/",
  "source": "gdelt_investors.com",
  "published_at": "2024-05-07T00:15:00+00:00",
  "collected_at": "2025-10-21T00:56:50.874314+00:00",
  "sp500_relevant": true,
  "collection_method": "gdelt_api",
  "language": "English",
  "content_fetched": false
}