{
  "article_id": "038598384cb9115c42ec1f9644cd19e2",
  "headline": "Enovix Stock Today ; Why A Calendar Spread In Options Trading Could Make Infinite Gains",
  "body": "",
  "url": "https://www.investors.com:443/research/options/enovix-stock-today-why-a-calendar-spread-in-options-trading-could-make-infinite-gains/",
  "source": "gdelt_investors.com",
  "published_at": "2023-07-14T19:45:00+00:00",
  "collected_at": "2025-10-20T11:59:24.364801+00:00",
  "sp500_relevant": true,
  "collection_method": "gdelt_api",
  "language": "English",
  "content_fetched": false
}