{
  "article_id": "038727290d86375864cb13d260f380a8",
  "headline": "Wall Street Melemah Setelah Pidato Ketua The Fed",
  "body": "Jakarta, Beritasasatu.com - Wall Street melemah pada hari Rabu (21/6/2023) ketika investor mengambil napas setelah reli pasar pekan lalu, dan mempertimbangkan komentar terbaru Ketua Federal Reserve, Jerome Powell, mengenai inflasi dan suku bunga. Dow Jones Industrial Average turun 102,35 poin, atau 0,30%, menjadi 33.951,52. S&P 500 turun 0,52% menjadi 4.365,69, sementara Nasdaq Composite tergelincir 1,21% menjadi 13.502,20. Ini adalah hari ketiga berturut-turut indeks-indeks tersebut mengalami penurunan. Beberapa saham teknologi utama, yang mengalami kenaikan luar biasa karena antusiasme terkait kecerdasan buatan, bergerak melemah hari ini. Saham Amazon turun sekitar 0,8% setelah Federal Trade Commission pada hari Rabu menggugat e-commerce tersebut. Lembaga tersebut mengklaim bahwa Amazon memperdaya jutaan pembeli untuk mendaftar ke Prime, dan kemudian menghalangi upaya mereka untuk membatalkannya. Saham Nvidia, yang naik hampir 200% tahun ini, tergelincir 1,7%. Saham induk Google, Alphabet, dan Netflix masing-masing turun lebih dari 2%. BACA JUGA Di tempat lain, saham FedEx turun lebih dari 2% sehari setelah raksasa pengiriman ini melaporkan pendapatan yang lebih lemah dari yang diperkirakan untuk kuartal terakhirnya. Saham Winnebago tergelincir hampir 1,3% setelah produsen motorhome ini melewatkan perkiraan pendapatan kuartal ketiga. Simak berita dan artikel lainnya di Google News Ikuti yang terbaru di WhatsApp Channel Beritasatu 1 Purbaya ke Pemda: Belanja Jangan Tunggu Akhir Tahun 2 Prabowo Perintahkan Jaksa Agung Kejar Kekayaan Hasil Korupsi 3 Jadwal Liga Inggris Malam Ini, West Ham Akan Mati-matian Lawan Brentford demi Keluar dari Zona Merah 4 Prabowo Hadiri Penyerahan Uang Rp 13 Triliun Kasus CPO di Kejagung 5 Kejagung Serahkan Uang Rp 13 Triliun Kasus CPO ke Negara Hari Ini Kepadatan Kendaraan Imbas Sejumlah Gerbang Tol Dalam Kota di Tutup DGVeRS 2025 di Jakarta Borgol di Tangan Nadiem Makarim: Resmi Jadi Tersangka Korupsi Laptop Demo Rusuh, Pejabat dan Mahasiswa Berdialog B-FILES 1 Tahun Prabowo-Gibran: Maju Mundur Pembentukan BPN BP3OKP dan Masa Depan Papua Menyoal Opini WTP BPK Renewable Energy Jadi Fokus UT dalam Bisnis Energi",
  "url": "https://www.beritasatu.com/ekonomi/1052848/wall-street-melemah-setelah-pidato-ketua-the-fed",
  "source": "gdelt_beritasatu.com",
  "published_at": "2023-06-22T02:00:00+00:00",
  "collected_at": "2025-10-20T11:37:39.621651+00:00",
  "sp500_relevant": true,
  "collection_method": "gdelt_api",
  "language": "Indonesian",
  "content_fetched": true
}