{
  "article_id": "03894b074d03f3f38d1c75e29a9e90c3",
  "headline": "12 Health Care Stocks Moving In Tuesday Pre - Market Session - Galecto ( NASDAQ : GLTO ), Tiziana Life Sciences ( NASDAQ : TLSA ), OptimizeRx ( NASDAQ : OPRX ), G Medical Innovations ( NASDAQ : GMVD ), Design Therapeutics ( NASDAQ : DSGN ), Alaunos T...",
  "body": "This article was generated by Benzinga's automated content engine and reviewed by an editor. © 2025 Benzinga.com. Benzinga does not provide investment advice. All rights reserved.",
  "url": "https://www.benzinga.com/trading-ideas/movers/23/08/33858055/12-health-care-stocks-moving-in-tuesdays-pre-market-session",
  "source": "gdelt_benzinga.com",
  "published_at": "2023-08-15T13:45:00+00:00",
  "collected_at": "2025-10-20T12:39:58.314955+00:00",
  "sp500_relevant": true,
  "collection_method": "gdelt_api",
  "language": "English",
  "content_fetched": true
}