{
  "article_id": "038d7586395c0edfc592a8b38ef4f373",
  "headline": "Indian American Mother - Daughter Duo Write Book on Demystifying the Stock Market",
  "body": "",
  "url": "https://www.indiawest.com/news/global_indian/indian-american-mother-daughter-duo-write-book-on-demystifying-the-stock-market/article_36fd5168-f49e-11eb-b460-8bd85466ece6.html",
  "source": "gdelt_indiawest.com",
  "published_at": "2021-08-04T01:45:00+00:00",
  "collected_at": "2025-10-19T16:19:48.010021+00:00",
  "sp500_relevant": true,
  "collection_method": "gdelt_api",
  "language": "English",
  "content_fetched": false
}