{
  "article_id": "0391b1d7780bbf3472c53c532af15c52",
  "headline": "Stock Market Today : Dow Jones Dives 475 Points On Weak GDP Data ; Meta Stock Plunges",
  "body": "",
  "url": "https://www.investors.com/market-trend/stock-market-today/dow-jones-sp500-nasdaq-meta-stock-google-microsoft-earnings/",
  "source": "gdelt_investors.com",
  "published_at": "2024-04-25T13:45:00+00:00",
  "collected_at": "2025-10-21T00:37:28.230793+00:00",
  "sp500_relevant": true,
  "collection_method": "gdelt_api",
  "language": "English",
  "content_fetched": false
}