{
  "article_id": "0392e5a4108a865f7bc7676ccba11862",
  "headline": "Stock market crash : Nifty 50 falls below 50 - DEMA support . Will it bounce back or go further down ? ",
  "body": "Stock market crash: The Indian stock market extended its decline to the second straight session on Friday, with the benchmark indices, Sensex and Nifty 50, falling over half a per cent each, weighed down by selling in auto, metals, banks, IT and energy sectors. The BSE Sensex dropped 0.78% to 81,539.97, while the NSE Nifty 50 slipped 0.86% to 24,844.45. The Bank Nifty shed 0.62% to 56,710.15. Broader markets also reeled under pressure as the Nifty Smallcap 100 and the Nifty Midcap 100 indices declined over 1% each. Bajaj Finserv, Bajaj Finance, Shriram Finance, Bajaj Auto, Hero MotoCorp, Eternal, PowerGrid Corporation of India and Jio Financial Services were among the top Nifty 50 losers. “Indian equities remain under pressure as lacklustre Q1 earnings from index majors, accompanied by subdued management commentary on margin compression and demand headwinds, weigh on sentiment. Geopolitical overhang due to unresolved India-US trade negotiations adds to the risk-off tone,” said Vishnu Kant Upadhyay, AVP - Research & Advisory, Master Capital Services. The current selloff in heavyweight stocks dragged the Nifty 50 below the psychologically and technically important support level of 24,900. A sustained breakdown below this level could lead to further downside in the near term, according to analysts. “Nifty 50 was consolidating within its 50-DMA support zone of 24,900–25,000. However, the index has now breached this critical support and may see further correction. Market breadth remains negative, and broader indices are undergoing price-wise correction,” said Ruchit Jain, Vice President – Equity Technical Research, Motilal Oswal Financial Services. According to Jain, a close below 24,900 could open up further downside of 350–400 points, maintaining a negative bias for the index. Meanwhile, Upadhyay noted that the Nifty 50 has breached its 55-EMA and is hovering near the pivotal support zone of 24,800. “A decisive breakdown below this level could accelerate the downside towards 24,500, where a fresh round of buying can be initiated. On the higher side, 25,250 will act as an immediate resistance,” he said. Anshul Jain, Head of Research at Lakshmishree Investments, echoed a cautious outlook, stating that the Nifty 50 could move towards its swing low of 24,733 following the breakdown below 24,900. However, some analysts believe the downside momentum may slow down around the current levels. “The slippage past 24,900 could set an immediate objective of 24,750 - 24,650. Further supports are near 24,450 and 24,000. However, with momentum low, favoured view expects downsides to slow down near 24,900 initially, prompting sideways moves again, with upsides capped near 25,130,” said Anand James, Chief Market Strategist, Geojit Investments. Disclaimer: The views and recommendations made above are those of individual analysts or broking companies, and not of Mint. We advise investors to check with certified experts before making any investment decisions. Catch all the Business News , Market News , Breaking News Events and Latest News Updates on Live Mint. Download The Mint News App to get Daily Market Updates. Log in to our website to save your bookmarks. It'll just take a moment.",
  "url": "https://www.livemint.com/market/stock-market-news/stock-market-crash-nifty-50-falls-below-50-dema-support-will-it-bounce-back-or-go-further-down-11753420808876.html",
  "source": "gdelt_livemint.com",
  "published_at": "2025-07-25T06:30:00+00:00",
  "collected_at": "2025-10-21T09:42:34.071490+00:00",
  "sp500_relevant": true,
  "collection_method": "gdelt_api",
  "language": "English",
  "content_fetched": true
}