{
  "article_id": "03950fecc0d487a469a47d0bd34e7c3a",
  "headline": "12 Health Care Stocks Moving In Tuesday After - Market Session - Akari Therapeutics ( NASDAQ : AKTX ), Gelteq ( NASDAQ : GELS ) ",
  "body": "This article was generated by Benzinga's automated content engine and reviewed by an editor. © 2025 Benzinga.com. Benzinga does not provide investment advice. All rights reserved.",
  "url": "https://www.benzinga.com/insights/movers/25/04/44938333/12-health-care-stocks-moving-in-tuesdays-after-market-session",
  "source": "gdelt_benzinga.com",
  "published_at": "2025-04-22T22:00:00+00:00",
  "collected_at": "2025-10-21T08:14:39.295708+00:00",
  "sp500_relevant": true,
  "collection_method": "gdelt_api",
  "language": "English",
  "content_fetched": true
}