{
  "article_id": "039651fce15d8d3bc4bd9be3acae2778",
  "headline": "Borsa Tokyo - 1 %: pesano tensioni geopolitiche e timori economia united states . Futures Nasdaq - 2 % con crollo Facebook",
  "body": "Se vuoi aggiornamenti su Indici e quotazioni inserisci la tua email nel box qui sotto: Compilando il presente form acconsento a ricevere le informazioni relative ai servizi di cui alla presente pagina ai sensi dell'informativa sulla privacy. Abbiamo ricevuto la tua richiesta di iscrizione. Conferma la tua iscrizione facendo clic sul link ricevuto via posta elettronica. Se vuoi ricevere informazioni personalizzate compila anche i seguenti campi opzionali. Annulla Compilando il presente form acconsento a ricevere le informazioni relative ai servizi di cui alla presente pagina ai sensi dell'informativa sulla privacy.",
  "url": "https://www.finanzaonline.com/notizie/borsa-tokyo-1-pesano-tensioni-geopolitiche-e-timori-economia-usa-futures-nasdaq-2-con-crollo-facebook",
  "source": "gdelt_finanzaonline.com",
  "published_at": "2022-02-03T09:15:00+00:00",
  "collected_at": "2025-10-19T20:28:43.618224+00:00",
  "sp500_relevant": true,
  "collection_method": "gdelt_api",
  "language": "Italian",
  "content_fetched": true
}