{
  "article_id": "03963c54d0d8b694830de02d32ea9c30",
  "headline": "FDX Stock Rises Out Of Buy Zone On FedEx Dividend Hike , Major Reorganization",
  "body": "",
  "url": "https://www.investors.com/news/fdx-stock-rises-fedex-dividend-hike-reorganization/",
  "source": "gdelt_investors.com",
  "published_at": "2023-04-05T14:45:00+00:00",
  "collected_at": "2025-10-20T09:49:24.103948+00:00",
  "sp500_relevant": true,
  "collection_method": "gdelt_api",
  "language": "English",
  "content_fetched": false
}