{
  "article_id": "039d415751ad8dc5ff996131f5a7236f",
  "headline": "Wall Street en ordre dispersé , le Nasdaq dévisse , record pour le Dow Jones - 17 / 07 / 2024 à 22 : 56",
  "body": "",
  "url": "https://www.boursorama.com/bourse/actualites/wall-street-en-ordre-disperse-le-nasdaq-devisse-record-pour-le-dow-jones-09edd6d2cc69574302926d522b172157",
  "source": "gdelt_boursorama.com",
  "published_at": "2024-07-17T22:15:00+00:00",
  "collected_at": "2025-10-21T02:45:45.430116+00:00",
  "sp500_relevant": true,
  "collection_method": "gdelt_api",
  "language": "French",
  "content_fetched": false
}