{
  "article_id": "039e771838c68d9a2ca928221bf0ec28",
  "headline": "Stock Market Action Plan : Into July With Some Midsummer Momentum",
  "body": "A bat-cracking finish to the second quarter put the stock market in strong standing for the July opener. A holiday shortened week offers little buzz on the earnings front. But a strong contingent of stocks large and small are arrayed near buy points. And an always key monthly payrolls report might take on even more importance this time around, with future Fed rate hikes hanging in the balance. As the second quarter rolls to a close, Boeing (BA), JPMorgan Chase (JPM), Cisco Systems (CSCO), McDonald's (MCD) and Walmart (WMT) are five Dow Jones stocks near buy points. All five hail from different sectors, providing more evidence of the stock market rally broadening out. Boeing and Walmart are already actionable — above and below buy points. JPMorgan is near a breakout as the banking giant distinguishes itself among financials with a boost from the Fed's stress test. Cisco has advanced four days toward a handle buy point, trying to make a move, though it's not the industry leader. McDonald's has done well in a strong sector, eyeing a possible early entry in a new flat base. The coming week of economic data may shed light on a labor market mystery and, by extension, the outlook for Fed rate hikes. Labor Department data shows U.S. employers added 1.1 million jobs in the four months through May. The same data shows all American workers clocked fewer hours in May than in January. In other words, a shorter workweek essentially canceled out all the new hiring. So has the job market basically stalled? Or will a data quirk reverse in June? If Friday's jobs report points to the former, odds of two more rate hikes will shrink. Economists are forecasting a gain of around 200,000 jobs and dip in the jobless rate to 3.6%. In a powerful finish to the quarter, the Dow jumped to its best weekly close since December. For both the Nasdaq and S&P 500, it was the best weekly finish since a year ago in April. That puts the Nasdaq up nearly 13% for the second quarter, and with a year-to-date gain of almost 32%. Small caps had a strong week but lagged for the quarter, with the Russell 2000 up only 5%. Among industries, computer hardware and peripherals rallied nearly 73% during the quarter. Airlines scrambled 28% higher. Concrete and aggregates suppliers soared 31%. Cruise lines posted the quarter's three largest gains among S&P 500 stocks. Carnival (CCL) was the top dog, up more than 85% since March 31. The midsummer earnings picture, in a week interrupted by Tuesday's July 4 holiday, pledges little excitement. One stock worth watching is infrastructure power components supplier AZZ (AZZ). The stock is below a buy point, but doesn't report until late Friday. The June quarter earnings season kicks into gear on July 13, when Delta Air Lines (DAL) reports, followed by JPMorgan (JPM) and Citigroup (C) on July 14. The holiday-shortened week starts off with the Institute for Supply Management's manufacturing survey index, out Monday at 10 a.m. The index is expected to stay below the neutral 50 level, pointing to contracting activity. Minutes from the Fed's June 13-14 meeting are due out Wednesday at 2 p.m. They could shed light on why policymaker projections penciled in two more rate hikes. MarketSmith: Research, Charts, Data And Coaching All In One Place William O'Neil, Legendary Investor And IBD Founder, Dies At 90 Stocks Near A Buy Zone The Key To Big Gains? Fewer Stocks, Not More Futures: Rally Back At Highs; 5 Stocks In Buy Zones",
  "url": "https://www.investors.com:443/research/investing-action-plan/stock-market-action-plan-into-july-with-some-midsummer-momentum/",
  "source": "gdelt_investors.com",
  "published_at": "2023-07-01T00:30:00+00:00",
  "collected_at": "2025-10-20T11:46:41.794839+00:00",
  "sp500_relevant": true,
  "collection_method": "gdelt_api",
  "language": "English",
  "content_fetched": true
}