{
  "article_id": "03a1a164e96bb01043510362c9c0cfce",
  "headline": "Wall Street termine en hausse , calmée par labsence de nouvel accident bancaire - 24 / 03 / 2023 à 22 : 11",
  "body": "",
  "url": "https://www.boursorama.com/bourse/actualites/wall-street-termine-en-hausse-calmee-par-l-absence-de-nouvel-accident-bancaire-00dbdb4c6109663f694f247f54fcb97d",
  "source": "gdelt_boursorama.com",
  "published_at": "2023-03-24T22:15:00+00:00",
  "collected_at": "2025-10-20T09:28:54.365205+00:00",
  "sp500_relevant": true,
  "collection_method": "gdelt_api",
  "language": "French",
  "content_fetched": false
}