{
  "article_id": "03a227c28081ee7e23b631ae3d38cf81",
  "headline": "Best Total Stock Market Index Funds",
  "body": "Index funds have gained enormous popularity with investors over the past few decades as a cost-effective way to access highly diversified portfolios. Through mutual funds and ETFs, total market index funds allow investors to purchase a basket of stocks that track an index focused on the overall U.S. stock market or markets around the world. They can be a great way for investors to benefit from a country’s economic growth without having to select which individual companies to invest in. Here’s what else you should know about total market index funds and a few options to consider. A total market index fund is a mutual fund or ETF that tracks an index focused on virtually the entire stock market of a country or region. Many people are familiar with index funds that track popular indexes such as the S&P 500 or the Dow Jones Industrial Average, but those funds hold companies with large market capitalizations and exclude small and mid-sized companies. Total market funds hold companies across the market-cap spectrum and allow investors to earn the return of the overall stock market. Most total market index funds are weighted by market capitalization, so the funds will still have a large exposure to the largest companies in the U.S. such as Nvidia, Apple and Microsoft. But the funds will also own small-cap companies that may have more room to grow and potentially earn higher returns than their large-cap counterparts. Total market index funds typically come with very low fees, allowing more of the return to fall to the funds’ investors. This is a key part of index-fund investing, which allows investors to earn the return of the market without needing to have deep financial knowledge or stock-picking skills. Keeping expenses low has proven to be a successful investing strategy for many. Bankrate selected its top funds based on the following criteria: This ETF seeks to track the performance of the CRSP U.S. Total Market Index and invests in large-, mid- and small-cap companies across the value and growth styles. This fund’s goal is to track the total return of the Dow Jones U.S. Broad Stock Market Index, which includes companies across the market-cap spectrum. This fund seeks to track the performance of the S&P Total Market Index and currently holds more than 2,500 securities. This fund seeks to match as closely as possible the total return of the S&P Composite 1500 Index, which represents about 90 percent of the investable U.S. equity market. Many of the ETFs mentioned above are also offered in mutual fund form. But keep in mind that mutual funds typically carry investment minimums of a few thousand dollars and can only be traded once a day at the fund’s closing NAV. On the plus side, they may come with slightly lower fees than comparable ETFs. Below are a couple of total market mutual funds to also consider. This fund’s objective is to generate a return that corresponds to the total return on a broad range of U.S. stocks, and it typically has about 80 percent of its assets invested in stocks included in the Dow Jones U.S. Total Stock Market Index. This fund seeks to replicate the total return of the Wilshire 5000 Total Market Index, which includes more than 2,000 stocks and is market-cap weighted. * Note: Mutual fund performance data as of April 17, 2025. There are several benefits of investing in total market index funds, but there are also some negatives to keep in mind. Here are the pros and cons to consider: Total market index funds can be a great choice for both new and experienced investors. They’re one of the easiest ways to gain broad stock market exposure at a low cost. You don’t need to be a financial expert to buy and hold the fund’s shares, making them a great choice for investors saving for long-term goals like retirement. Remember to check the fund’s expense ratio to make sure you’re paying the lowest fees possible. The Vanguard total stock market index fund admiral shares are popular because it allows investors to gain exposure to the entire U.S. stock market at a low cost. Vanguard has a reputation for doing what’s best for investors and its admiral shares keep costs low while requiring lower investment minimums than other share classes. To invest in an index fund’s admiral shares, you must maintain an investment of $3,000 in the fund, where you’ll pay just 4 basis points, or 0.04 percent, in annual fees. That means for every $10,000 you have in the fund, you’ll pay $4 in expenses. Total market index funds are a great way for investors to access a broadly diversified portfolio of stocks at a very low cost. Index funds in general have been found to outperform actively managed funds in part due to their low fees. Consider making a total market mutual fund or ETF a core part of your long-term investment plan. Editorial Disclaimer: All investors are advised to conduct their own independent research into investment strategies before making an investment decision. In addition, investors are advised that past investment product performance is no guarantee of future price appreciation. Why we ask for feedback Your feedback helps us improve our content and services. It takes less than a minute to complete. Your responses are anonymous and will only be used for improving our website. Best long-term ETFs to buy and hold Top 25 largest ETFs: World’s most popular exchange-traded funds by assets 7 best S&P 500 index funds in 2024 Best equal-weight index funds",
  "url": "https://www.bankrate.com/investing/best-total-stock-market-index-funds/",
  "source": "gdelt_bankrate.com",
  "published_at": "2023-07-15T00:15:00+00:00",
  "collected_at": "2025-10-20T11:59:24.361291+00:00",
  "sp500_relevant": true,
  "collection_method": "gdelt_api",
  "language": "English",
  "content_fetched": true
}