{
  "article_id": "03a3f7854fde7e9dae6008b332523a8e",
  "headline": "Nasdaq Composite lập kỷ lục mới , chứng khoán châu Á chạm mức cao nhất 15 tháng",
  "body": "",
  "url": "https://thoibaotaichinhvietnam.vn/nasdaq-composite-lap-ky-luc-moi-chung-khoan-chau-a-cham-muc-cao-nhat-15-thang-150815.html",
  "source": "gdelt_thoibaotaichinhvietnam.vn",
  "published_at": "2024-05-15T04:15:00+00:00",
  "collected_at": "2025-10-21T01:10:06.383980+00:00",
  "sp500_relevant": true,
  "collection_method": "gdelt_api",
  "language": "Vietnamese",
  "content_fetched": false
}