{
  "article_id": "03a440c42d8169e91256bdf73341897a",
  "headline": "Wall Street Bullish Lagi , S & P500 Tembus 5 . 500",
  "body": "Ekonomi Wall Street. Foto: Unsplash. Arif Wicaksono • 3 July 2024 07:54 SHARE NOW New York: Indeks ekuitas utama Amerika Serikat (AS) menguat pada sore hari. Indeks naik setelah investor menerima kabar positif dari pernyataan The Fed. baca juga: Wall Street Menghijau, Nasdaq Melesat 0,83% Indeks komposit S&P 500 menguat 0,6 persen, ditutup di atas angka 5.500 untuk pertama kalinya dalam sejarah. Nasdaq melonjak 0,8 persen, mengangkat indeks teknologi ini ke rekor penutupan kedua berturut-turut. Dow Jones Industrial Average (DJIA) naik 0,41 persen. Saham Tesla (TSLA) melonjak 10,2 persen lebih tinggi, mencatatkan hari kedua berturut-turut sebagai saham S&P 500 dengan kinerja terbaik. Produsen kendaraan listrik (EV) ini melampaui perkiraan analis dengan angka pengiriman kuartal kedua. Perusahaan juga mengatakan akan merilis laporan pendapatan berikutnya setelah pasar tutup pada tanggal 23 Juli, yang akan memberikan wawasan lebih dalam mengenai kemajuannya. Saham Paramount Global (PARA) melonjak 5,7 persen di tengah laporan bahwa miliarder Barry Diller sedang mempertimbangkan akuisisi konglomerat hiburan tersebut. Menurut The New York Times, perusahaan Diller, IAC (IAC) menandatangani perjanjian kerahasiaan dengan pemegang saham pengendali Paramount, National Amusements, yang dapat menjadi awal dari pembicaraan akuisisi. Saham ON Semiconductor (ON) naik 5,4 persen setelah Wells Fargo menegaskan kembali peringkat overweight pada saham pembuat chip tersebut. Para analis yakin perusahaan akan mengambil langkah maju dan membukukan pertumbuhan pendapatan dan pendapatan yang kuat. Rencana restrukturisasi ON yang sedang berlangsung dan posisi kuat dalam chip silikon karbida (SiC) mendukung prospek bullish perusahaan. Saham energi berkelanjutan turun Saham produsen pupuk nitrogen CF Industries (CF) merosot 3,5 persen, menandai kinerja terlemah di S&P 500 pada hari Selasa, 2 Juli 2024. Dalam laporan pendapatan terbaru yang dirilis pada bulan Mei, perusahaan melaporkan penurunan pendapatan dan laba bersih dari tahun ke tahun. Selain itu, harga gas alam telah turun selama seminggu terakhir, namun masih jauh di atas harga terendah pada musim semi ini. Gas alam merupakan masukan utama dalam proses produksi nitrogen. Saham First Solar (FSLR) turun 2,7 persen setelah Baird memangkas target harga sahamnya. Meskipun para analis percaya bahwa produsen tenaga surya masih berada dalam posisi yang baik untuk mendapatkan keuntungan dari peningkatan permintaan listrik dari pusat-pusat listrik dengan kecerdasan buatan (AI). Investor menerima nada positif dari Ketua Federal Reserve Jerome Powel tentang tanda-tanda kemajuan dalam perang melawan inflasi. Sebelumnya pada hari ini, survei Pembukaan Pekerjaan dan Perputaran Tenaga Kerja (JOLTS) menunjukkan jumlah posisi yang tersedia di perekonomian AS lebih tinggi dari perkiraan, menandakan kekuatan berkelanjutan di pasar tenaga kerja. terkait lainnya",
  "url": "https://www.metrotvnews.com/read/bD2C1GJp-wall-street-bullish-lagi-s-p500-tembus-5-500",
  "source": "gdelt_metrotvnews.com",
  "published_at": "2024-07-03T03:45:00+00:00",
  "collected_at": "2025-10-21T02:29:55.529640+00:00",
  "sp500_relevant": true,
  "collection_method": "gdelt_api",
  "language": "Indonesian",
  "content_fetched": true
}