{
  "article_id": "03af9162455fa6d856dac3bb49629acd",
  "headline": "Costco Stock Rallies Powerfully Ahead Of Earnings ; Expectations High For This Top Builder",
  "body": "A weak earnings report from FedEx (FDX) didn't do much to disturb the stock market uptrend after indexes rallied powerfully Thursday. Now the earnings calendar turns its attention to Costco (COST), Jefferies (JEF), Micron Technology (MU) and KB Home (KBH). The only laggard among those is Micron after a tumble of nearly 47%, while Costco, Jefferies and KB Home sit…",
  "url": "https://www.investors.com/research/earnings-preview/costco-stock-earnings-kb-home/",
  "source": "gdelt_investors.com",
  "published_at": "2024-09-21T11:45:00+00:00",
  "collected_at": "2025-10-21T04:19:47.268334+00:00",
  "sp500_relevant": true,
  "collection_method": "gdelt_api",
  "language": "English",
  "content_fetched": true
}