{
  "article_id": "03bb9d63137771651a3d4ca051bf6b6e",
  "headline": "Billionaire Ray Dalio Doesnt Think the Stock Market Is in a Bubble",
  "body": "",
  "url": "https://markets.businessinsider.com/news/stocks/billionaire-ray-dalio-stock-market-bubble-outlook-magnificent-seven-bridgewater-2024-3",
  "source": "gdelt_markets.businessinsider.com",
  "published_at": "2024-03-03T14:45:00+00:00",
  "collected_at": "2025-10-20T23:19:18.907471+00:00",
  "sp500_relevant": true,
  "collection_method": "gdelt_api",
  "language": "English",
  "content_fetched": false
}