{
  "article_id": "03c685e2c2374db3a47ea7415518c725",
  "headline": "Farmer Bros ( NASDAQ : FARM ) investors are sitting on a loss of 89 % if they invested five years ago",
  "body": "Long term investing works well, but it doesn't always work for each individual stock. We don't wish catastrophic capital loss on anyone. Spare a thought for those who held Farmer Bros. Co. (NASDAQ:FARM) for five whole years - as the share price tanked 89%. And it's not just long term holders hurting, because the stock is down 53% in the last year. The last week also saw the share price slip down another 6.6%. While a drop like that is definitely a body blow, money isn't as important as health and happiness. It's worthwhile assessing if the company's economics have been moving in lockstep with these underwhelming shareholder returns, or if there is some disparity between the two. So let's do just that. View our latest analysis for Farmer Bros Farmer Bros wasn't profitable in the last twelve months, it is unlikely we'll see a strong correlation between its share price and its earnings per share (EPS). Arguably revenue is our next best option. When a company doesn't make profits, we'd generally expect to see good revenue growth. Some companies are willing to postpone profitability to grow revenue faster, but in that case one does expect good top-line growth. In the last five years Farmer Bros saw its revenue shrink by 16% per year. That puts it in an unattractive cohort, to put it mildly. So it's not altogether surprising to see the share price down 14% per year in the same time period. We don't think this is a particularly promising picture. Of course, the poor performance could mean the market has been too severe selling down. That can happen. The company's revenue and earnings (over time) are depicted in the image below (click to see the exact numbers). It's good to see that there was some significant insider buying in the last three months. That's a positive. On the other hand, we think the revenue and earnings trends are much more meaningful measures of the business. If you are thinking of buying or selling Farmer Bros stock, you should check out this free report showing analyst profit forecasts. Investors in Farmer Bros had a tough year, with a total loss of 53%, against a market gain of about 14%. However, keep in mind that even the best stocks will sometimes underperform the market over a twelve month period. Unfortunately, last year's performance may indicate unresolved challenges, given that it was worse than the annualised loss of 14% over the last half decade. Generally speaking long term share price weakness can be a bad sign, though contrarian investors might want to research the stock in hope of a turnaround. I find it very interesting to look at share price over the long term as a proxy for business performance. But to truly gain insight, we need to consider other information, too. Like risks, for instance. Every company has them, and we've spotted 5 warning signs for Farmer Bros (of which 1 is concerning!) you should know about. Farmer Bros is not the only stock insiders are buying. So take a peek at this free list of growing companies with insider buying. Please note, the market returns quoted in this article reflect the market weighted average returns of stocks that currently trade on American exchanges. Have feedback on this article? Concerned about the content? Get in touch with us directly. Alternatively, email editorial-team (at) simplywallst.com.This article by Simply Wall St is general in nature. We provide commentary based on historical data and analyst forecasts only using an unbiased methodology and our articles are not intended to be financial advice. It does not constitute a recommendation to buy or sell any stock, and does not take account of your objectives, or your financial situation. We aim to bring you long-term focused analysis driven by fundamental data. Note that our analysis may not factor in the latest price-sensitive company announcements or qualitative material. Simply Wall St has no position in any stocks mentioned.",
  "url": "https://finance.yahoo.com/news/farmer-bros-nasdaq-farm-investors-114411648.html",
  "source": "gdelt_finance.yahoo.com",
  "published_at": "2023-11-16T12:30:00+00:00",
  "collected_at": "2025-10-20T18:49:14.200890+00:00",
  "sp500_relevant": true,
  "collection_method": "gdelt_api",
  "language": "English",
  "content_fetched": true
}