{
  "article_id": "03cbc74f73d7284b7ab7661fa4f2b847",
  "headline": "Chứng khoán châu Á im ắng trước lúc Fed công bố quyết định lãi suất",
  "body": "",
  "url": "https://baomoi.com/chung-khoan-chau-a-im-ang-truoc-luc-fed-cong-bo-quyet-dinh-lai-suat-c50192175.epi",
  "source": "gdelt_baomoi.com",
  "published_at": "2024-09-16T07:00:00+00:00",
  "collected_at": "2025-10-21T03:59:26.360788+00:00",
  "sp500_relevant": true,
  "collection_method": "gdelt_api",
  "language": "Vietnamese",
  "content_fetched": false
}