{
  "article_id": "03d0e566c4a5509514f6f85c413f01ff",
  "headline": "US - Eröffnung : Mildere Inflation spielt Optimisten in die Karten",
  "body": "",
  "url": "https://www.finanznachrichten.de/nachrichten-2023-11/60660660-us-eroeffnung-mildere-inflation-spielt-optimisten-in-die-karten-095.htm",
  "source": "gdelt_finanznachrichten.de",
  "published_at": "2023-11-14T16:00:00+00:00",
  "collected_at": "2025-10-20T18:43:37.250361+00:00",
  "sp500_relevant": true,
  "collection_method": "gdelt_api",
  "language": "German",
  "content_fetched": false
}