{
  "article_id": "03d2185c66f03f2d113505bd90305e50",
  "headline": "La Bourse de Paris en hausse , entre Fed et résultats dentreprises - 31 / 07 / 2025 à 10 : 17",
  "body": "",
  "url": "https://www.boursorama.com/bourse/actualites/la-bourse-de-paris-en-hausse-entre-fed-et-resultats-d-entreprises-7a1f2b6a5e1249eb6a7ef9e660dc2448",
  "source": "gdelt_boursorama.com",
  "published_at": "2025-07-31T09:15:00+00:00",
  "collected_at": "2025-10-21T10:01:45.467782+00:00",
  "sp500_relevant": true,
  "collection_method": "gdelt_api",
  "language": "French",
  "content_fetched": false
}