{
  "article_id": "03d3d5877431b22350381de95c3186c8",
  "headline": "Should You Really Be Investing in the Stock Market in 2022 ? ",
  "body": "",
  "url": "https://www.stltoday.com/business/investment/personal-finance/should-you-really-be-investing-in-the-stock-market-in-2022/article_f81394fb-8bb9-5de9-aad3-04925e613845.html",
  "source": "gdelt_stltoday.com",
  "published_at": "2022-01-03T05:45:00+00:00",
  "collected_at": "2025-10-19T19:36:45.837302+00:00",
  "sp500_relevant": true,
  "collection_method": "gdelt_api",
  "language": "English",
  "content_fetched": false
}