{
  "article_id": "03d66e8705a9fea4cc4c7de47e29eb23",
  "headline": "Aktienmarkt : Leichte Gewinne im Nasdaq 100",
  "body": "",
  "url": "https://www.finanznachrichten.de/nachrichten-2023-02/58219118-aktienmarkt-leichte-gewinne-im-nasdaq-100-013.htm",
  "source": "gdelt_finanznachrichten.de",
  "published_at": "2023-02-02T21:15:00+00:00",
  "collected_at": "2025-10-20T08:22:48.935619+00:00",
  "sp500_relevant": true,
  "collection_method": "gdelt_api",
  "language": "German",
  "content_fetched": false
}