{
  "article_id": "03d6a8da6bec8938cfeae7e949bf57d1",
  "headline": "On first day on Nasdaq , Trump Truth Social stock soars in early trading",
  "body": "March 26 (UPI) -- Stocks of former President Donald Trump's media company Truth Social rose by about 50% shortly after the stock premiered on the Nasdaq Tuesday before dropping somewhat by the end of the trading day. Trump Media & Technology Group premiered on the exchange Tuesday under the DJT symbol. The company is being led by former California Republican Rep. Devin Nunes. By the end of the trading day, the stock closed at $57.99 per share, which was a gain of 16%, according to CBS News. On Monday, Trump's Truth Social media company completed its merger with a partner shell company, Digital World Acquisition Corp., to allow it to be traded publicly. Trump will own at least 58% of the company, according to Securities and Exchange Commission documents. Trump's stake initially was valued at $3 billion, though there are restrictions to how and when the former president can access the assets. The nature of the company and its board has led to speculation that Trump could use the company for a stock buy-out to pay for a civil fraud judgement that was slashed from $464 million to $175 million on Monday. The media company is the second time a Trump company has appeared on the stock market. In 1995, Trump Hotels Casinos & Resorts appeared on the stock market, also under the initials DJT. In 2004, that company filed for bankruptcy.",
  "url": "https://www.upi.com/Top_News/US/2024/03/26/On-first-day-on-Nasdaq-Trumps-Truth-Social-stock-soars-in-early-trading/6461711478039/",
  "source": "gdelt_upi.com",
  "published_at": "2024-03-27T04:45:00+00:00",
  "collected_at": "2025-10-20T23:51:36.507896+00:00",
  "sp500_relevant": true,
  "collection_method": "gdelt_api",
  "language": "English",
  "content_fetched": true
}