{
  "article_id": "03e5cda031a460f43671381b6e024269",
  "headline": "Nvidia stocks : Are Nvidia stocks the single biggest factor behind S & P 500 , US stock market swing ? Investors will be surprised to know details",
  "body": "(Catch all the US News, UK News, Canada News, International Breaking News Events, and Latest News Updates on The Economic Times.) Download The Economic Times News App to get Daily International News Updates. (Catch all the US News, UK News, Canada News, International Breaking News Events, and Latest News Updates on The Economic Times.) Download The Economic Times News App to get Daily International News Updates. Explore More Stories Canada bars Irish rap band Kneecap from entry over alleged terrorism support Bank of Canada cuts interest rate to 2.5% as GDP shrinks, job market softens Beverly Thomson, veteran CTV journalist and Canada AM co-host, dies at 61 Seth Rogen wins Emmy Award for best lead actor in comedy series 'The Studio' Zach Bryan confronts Gavin Adcock at Oklahoma music festival after country singer criticism Weekend streaming guide Canada: top 10 Netflix, Crave, Disney+ and Apple TV+ shows September 2025 Canada pension and retirement benefits 2025: up to $2,461 in federal and provincial payments through December Molly McCann wins professional boxing debut despite opponent's illegal kick How Americans and a fake Fox News account accused Toronto retiree Michael Mallinson of assassinating Charlie Kirk Canadian bread price fixing settlement opens: $500m available for claims Canadian soldier found dead in Latvia during NATO operation reassurance deployment Mexico vs Japan international soccer: live stream, TV schedule and match preview Trump denies knowledge of reported SEAL Team 6 mission in North Korea that killed civilians",
  "url": "https://economictimes.indiatimes.com/news/international/us/are-nvidia-stocks-the-single-biggest-factor-behind-us-stock-markets-swing-investors-will-be-surprised-to-details/articleshow/123436369.cms",
  "source": "gdelt_economictimes.indiatimes.com",
  "published_at": "2025-08-21T16:45:00+00:00",
  "collected_at": "2025-10-21T10:43:16.079048+00:00",
  "sp500_relevant": true,
  "collection_method": "gdelt_api",
  "language": "English",
  "content_fetched": true
}