{
  "article_id": "03ea8c0608ad71621387c3264b95feef",
  "headline": "Wall Street en baisse après laudition de Powell - 21 / 06 / 2023 à 23 : 16",
  "body": "",
  "url": "http://www.boursorama.com/bourse/actualites/wall-street-en-baisse-apres-l-audition-de-powell-a398049b0522a20101b14c5a90bf8044",
  "source": "gdelt_boursorama.com",
  "published_at": "2023-06-21T22:15:00+00:00",
  "collected_at": "2025-10-20T11:36:25.524178+00:00",
  "sp500_relevant": true,
  "collection_method": "gdelt_api",
  "language": "French",
  "content_fetched": false
}