{
  "article_id": "03f0adf1d8e8d74d254307bef3a496ff",
  "headline": "AirSculpt Technologies ( NASDAQ : AIRS ) adds US$37m to market cap in the past 7 days , though investors from a year ago are still down 55 % ",
  "body": "It's nice to see the AirSculpt Technologies, Inc. (NASDAQ:AIRS) share price up 11% in a week. But that's not enough to compensate for the decline over the last twelve months. During that time the share price has sank like a stone, descending 57%. So the bounce should be viewed in that context. You could argue that the sell-off was too severe. While the last year has been tough for AirSculpt Technologies shareholders, this past week has shown signs of promise. So let's look at the longer term fundamentals and see if they've been the driver of the negative returns. View our latest analysis for AirSculpt Technologies AirSculpt Technologies isn't currently profitable, so most analysts would look to revenue growth to get an idea of how fast the underlying business is growing. Generally speaking, companies without profits are expected to grow revenue every year, and at a good clip. That's because it's hard to be confident a company will be sustainable if revenue growth is negligible, and it never makes a profit. In the last twelve months, AirSculpt Technologies increased its revenue by 59%. That's well above most other pre-profit companies. In contrast the share price is down 57% over twelve months. Yes, the market can be a fickle mistress. This could mean hype has come out of the stock because the bottom line is concerning investors. We'd definitely consider it a positive if the company is trending towards profitability. If you can see that happening, then perhaps consider adding this stock to your watchlist. The image below shows how earnings and revenue have tracked over time (if you click on the image you can see greater detail). If you are thinking of buying or selling AirSculpt Technologies stock, you should check out this FREE detailed report on its balance sheet. AirSculpt Technologies shareholders are down 55% for the year, even worse than the market loss of 21%. That's disappointing, but it's worth keeping in mind that the market-wide selling wouldn't have helped. The share price decline has continued throughout the most recent three months, down 12%, suggesting an absence of enthusiasm from investors. Given the relatively short history of this stock, we'd remain pretty wary until we see some strong business performance. I find it very interesting to look at share price over the long term as a proxy for business performance. But to truly gain insight, we need to consider other information, too. To that end, you should be aware of the 1 warning sign we've spotted with AirSculpt Technologies . For those who like to find winning investments this free list of growing companies with recent insider purchasing, could be just the ticket. Please note, the market returns quoted in this article reflect the market weighted average returns of stocks that currently trade on US exchanges. Have feedback on this article? Concerned about the content? Get in touch with us directly. Alternatively, email editorial-team (at) simplywallst.com.This article by Simply Wall St is general in nature. We provide commentary based on historical data and analyst forecasts only using an unbiased methodology and our articles are not intended to be financial advice. It does not constitute a recommendation to buy or sell any stock, and does not take account of your objectives, or your financial situation. We aim to bring you long-term focused analysis driven by fundamental data. Note that our analysis may not factor in the latest price-sensitive company announcements or qualitative material. Simply Wall St has no position in any stocks mentioned. Join A Paid User Research SessionYou’ll receive a US$30 Amazon Gift card for 1 hour of your time while helping us build better investing tools for the individual investors like yourself. Sign up here",
  "url": "https://news.yahoo.com/airsculpt-technologies-nasdaq-airs-adds-124555367.html",
  "source": "gdelt_news.yahoo.com",
  "published_at": "2022-10-29T13:45:00+00:00",
  "collected_at": "2025-10-20T05:47:54.497252+00:00",
  "sp500_relevant": true,
  "collection_method": "gdelt_api",
  "language": "English",
  "content_fetched": true
}