{
  "article_id": "03f38862c011e5aef2792300323c60f5",
  "headline": "top share of day indian stock market may go down after week global signals nifty nse bse sensex update mdn | Share Market : सुस्त बाजार में भी ये दस स्टॉक करा सकते हैं बंपर कमाई , तुरंत बनाये तगड़ी स्ट्रैटजी",
  "body": "Share Market: भारतीय शेयर बाजार में बुधवार को बड़ी टूट के बाद आज निवेशक संभलकर बाजार में कारोबार करने वाले है. हालांकि, बुधवार को भी ग्लोबल मार्केट से कमजोर संकेत मिल रहा है. गिफ्ट निफ्टी भी गिरकर कारोबार कर रहा है. ऐसे में भारतीय निवेशकों को तगड़ी स्ट्रैटजी बनाकर बाजार में उतरने की जरूरत है. ऐसे में हम आपको ऐसे दस स्टॉक के बारे में बता रहे हैं जिनपर आज पूरे बाजार की नजर रहेगी मारुति सुजुकी: आयकर अधिकारियों ने मारुति सुजुकी को वित्त वर्ष 2019-20 के लिए कुल 2,159 करोड़ रुपये का मसौदा मूल्यांकन आदेश जारी किया. निगम अपनी चिंताओं को विवाद समाधान पैनल के समक्ष प्रस्तुत करेगा. इस मसौदा मूल्यांकन आदेश का कंपनी की वित्तीय, परिचालन या अन्य गतिविधियों पर कोई प्रभाव नहीं पड़ेगा. अदानी एंटरप्राइजेज: अबू धाबी की इंटरनेशनल होल्डिंग कंपनी (आईएचसी) की पूर्ण स्वामित्व वाली सहायक कंपनी ग्रीन विटैलिटी आरएससी ने 3 अक्टूबर को खुले बाजार लेनदेन में अदानी एंटरप्राइजेज में 6.43 लाख शेयर खरीदे, जो भुगतान की गई इक्विटी का 0.06% है. परिणामस्वरूप, कंपनी में IHC की हिस्सेदारी 4.98% से बढ़कर 5.04% हो गई है. एचडीएफसी बैंक: रिपोर्ट्स के मुताबिक, एचडीएफसी बैंक के ग्रुप हेड अरविंद कपिल अब मॉर्गेज बिजनेस देखेंगे, जबकि अरविंद वोहरा को रिटेल एसेट्स के ग्रुप हेड के पद पर पदोन्नत किया गया है. पराग राव, समूह प्रमुख, विपणन और देयता उत्पाद समूह के प्रभारी भी होंगे, जबकि स्मिता भगत और संपत कुमार नए खुदरा शाखा बैंकिंग प्रमुख होंगे. एपीएल अपोलो टायर्स: स्ट्रक्चरल स्टील ट्यूब कंपनी ने Q2FY24 में 6,74,761 टन की बिक्री दर्ज की, जो पिछले वर्ष से 12% अधिक है. यह कंपनी की सबसे बड़ी तिमाही बिक्री मात्रा है. कंपनी ने H1FY24 के लिए 13,36,262 टन की बिक्री मात्रा दर्ज की, जो साल दर साल 30% की वृद्धि है. Also Read: Gold-Silver Price Today: सोना-चांदी के खरीदारों की बल्ले-बल्ले, औंधे मुंह गिरा दाम, जानें अपने शहर का भाव रेल विकास निगम: संशोधित सुधार-आधारित और परिणाम-लिंक्ड वितरण क्षेत्र योजना (नुकसान में कमी कार्यों) के तहत हिमाचल प्रदेश के उत्तरी क्षेत्र में वितरण बुनियादी ढांचे में सुधार के लिए आरवीएनएल सबसे कम बोली लगाने वाला था. भारतीय जीवन बीमा निगम: आयकर प्राधिकरण ने एक आदेश जारी कर जीवन बीमा कंपनी से 84.02 करोड़ रुपये का जुर्माना लगाने का अनुरोध किया है. कर निर्धारण वर्ष 2012-13, 2018-19 और 2019-20 के नोटिस निगम को प्राप्त हो चुके हैं. Also Read: Petrol-Diesel Price: गोरखपुर से राजस्थान तक में कम हुए पेट्रोल-डीजल के दाम, आपके शहर में क्या है आज का रेट हीरो मोटोकॉर्प: 15 अक्टूबर को दुनिया की सबसे बड़ी दोपहिया निर्माता अपनी पहली सह-विकसित प्रीमियम मोटरसाइकिल हार्ले-डेविडसन X440 की बिक्री शुरू करेगी. 1 सितंबर से, यह प्री-बुक किए गए यात्रियों के लिए टेस्ट राइड का आयोजन कर रहा है, और नई बुकिंग विंडो 16 अक्टूबर को खुलेगी. बजाज फिनसर्व: जीएसटी इंटेलिजेंस महानिदेशालय, पुणे ने 1,010 करोड़ रुपये की कर मांग का हवाला देते हुए, व्यवसाय की एक असूचीबद्ध प्रमुख सहायक कंपनी, बजाज आलियांज जनरल इंश्योरेंस बिजनेस (BAGIC) को कारण बताओ सह मांग नोटिस जारी किया है. वेदांत: सितंबर वित्त वर्ष 24 को समाप्त तिमाही के लिए कुल एल्यूमीनियम उत्पादन 594 kt था, 2% की वृद्धि, हालांकि, खनन धातु का उत्पादन 1% कम होकर 252 kt सालाना हो गया. कुल बिजली बिक्री 12% बढ़कर 4,048 मिलियन यूनिट हो गई. पिडिलाइट इंडस्ट्रीज: पिडिलाइट एमईए केमिकल्स एलएलसी और स्पेन के कॉरपोरेशन एम्प्रेसेरियल ग्रुपो प्यूमा एसएल ने संयुक्त अरब अमीरात में पिडिलाइटपुमा एमईए केमिकल्स एलएलसी नामक एक संयुक्त उद्यम फर्म का गठन किया है. संयुक्त उद्यम कंपनी भवन निर्माण रसायनों का निर्माण जारी रखेगी. Disclaimer: शेयर बाजार से संबंधित किसी भी खरीद-बिक्री के लिए प्रभात खबर कोई सुझाव नहीं देता. हम बाजार से जुड़े विश्लेषण मार्केट एक्सपर्ट्स और ब्रोकिंग कंपनियों के हवाले से प्रकाशित करते हैं. लेकिन प्रमाणित विशेषज्ञों से परामर्श के बाद ही बाजार से जुड़े निर्णय करें. Prabhat Khabar App : देश, एजुकेशन, मनोरंजन, बिजनेस अपडेट, धर्म, क्रिकेट, राशिफल की ताजा खबरें पढ़ें यहां. रोजाना की ब्रेकिंग हिंदी न्यूज और लाइव न्यूज कवरेज के लिए डाउनलोड करिए",
  "url": "https://www.prabhatkhabar.com/business/top-share-of-day-indian-stock-market-may-go-down-after-week-global-signals-nifty-nse-bse-sensex-update-mdn",
  "source": "gdelt_prabhatkhabar.com",
  "published_at": "2023-10-04T05:00:00+00:00",
  "collected_at": "2025-10-20T14:55:20.504497+00:00",
  "sp500_relevant": true,
  "collection_method": "gdelt_api",
  "language": "Hindi",
  "content_fetched": true
}