{
  "article_id": "03fa8cfe5da87a26d02d850118b6910b",
  "headline": "本周美国CPI领衔多项重磅数据杀至 市场的  大考  来了 ？- 财经 - 金融界",
  "body": "",
  "url": "https://finance.jrj.com.cn/2023/11/13091138391675.shtml",
  "source": "gdelt_finance.jrj.com.cn",
  "published_at": "2023-11-13T03:15:00+00:00",
  "collected_at": "2025-10-20T18:39:33.789132+00:00",
  "sp500_relevant": true,
  "collection_method": "gdelt_api",
  "language": "Chinese",
  "content_fetched": false
}