{
  "article_id": "03fa5c1bcb15f6f0af0d1e23d2e377f9",
  "headline": "東証前引け 日経平均は続伸 米ダウ上昇やGDPプラスが支え",
  "body": "日経の記事利用サービスについて 企業での記事共有や会議資料への転載・複製、注文印刷などをご希望の方は、リンク先をご覧ください。 15日午前の東京株式市場で日経平均株価は続伸し、午前終値は前日比366円32銭（1.01%）高の3万6808円75銭だった。14日のダウ工業株30種平均が上昇するなど米株式相場が総じて堅調だった流れを引き継ぎ、東京市場でも買いが優勢だった。海外投機筋とみられる株価指数先物への買いが断続的に入り、前場を通じて一貫して上げ幅を拡大した。ファストリなど値がさ株の上昇が目立った。 内閣府が15日朝発表した2024年4〜6月期の国内総生産（GDP）速報値が、物価変動の影響を除く実質で前期比、年率換算ともに2四半期ぶりに増加したことも追い風となった。GDPのプラス成長は個人消費や設備投資の伸びが目立ったとの受け止めが多く、日本経済の先行きに対する安心感が株買いを誘ったとの見方があった。 日経平均は前日までの3日続伸で1600円あまり上昇しており、短期的な過熱感を受けた売りで朝方は小幅ながら下げる場面もあった。 自動車や銀行など時価総額の大きいバリュー（割安）株も買われた。バリュー株の影響が大きい東証株価指数（TOPIX）は続伸し、前引けは30.58ポイント（1.18%）高の2612.48と、取引時間中として2日以来およそ2週間ぶりに2600を上回った。 JPXプライム150指数は続伸し、6.38ポイント（0.55%）高の1165.85で前場を終えた。 前引け時点の東証プライムの売買代金は概算で2兆2284億円、売買高は8億8843万株だった。東証プライムの値上がり銘柄数は1153。値下がりは445、横ばいは47だった。 電通グループや川重、三菱重が上げた。一方、リクルートやキーエンス、ZOZOは下げた。 〔日経QUICKニュース（NQN）〕 すべての記事が読み放題有料会員が初回１カ月無料 日経の記事利用サービスについて 企業での記事共有や会議資料への転載・複製、注文印刷などをご希望の方は、リンク先をご覧ください。 トピックをフォローすると、新着情報のチェックやまとめ読みがしやすくなります。 関連企業・業界 関連キーワード",
  "url": "https://www.nikkei.com/article/DGXZQOFL151K90V10C24A8000000/",
  "source": "gdelt_nikkei.com",
  "published_at": "2024-08-15T03:30:00+00:00",
  "collected_at": "2025-10-21T03:20:18.950625+00:00",
  "sp500_relevant": true,
  "collection_method": "gdelt_api",
  "language": "Japanese",
  "content_fetched": true
}