{
  "article_id": "03fc761deb59cf6fd8dffe86e5908104",
  "headline": "Chứng khoán Mỹ tưng bừng khởi sắc sau tin FED dự kiến tăng lãi suất năm 2022",
  "body": "",
  "url": "https://cafef.vn/chung-khoan-my-tung-bung-khoi-sac-sau-tin-fed-tang-lai-suat-nam-2022-20211216081542212.chn",
  "source": "gdelt_cafef.vn",
  "published_at": "2021-12-16T02:45:00+00:00",
  "collected_at": "2025-10-19T19:09:21.880123+00:00",
  "sp500_relevant": true,
  "collection_method": "gdelt_api",
  "language": "Vietnamese",
  "content_fetched": false
}