{
  "article_id": "0405e7d0f0c6bf593fd095d02f5229df",
  "headline": "Dow Jones Rises After Key Inflation Report ; Fed Meeting To Start",
  "body": "The Dow Jones Industrial Average rose Tuesday morning, as the market leaned toward a modest rebound following Monday's stock market plunge. More inflation data came out with the Labor Department's producer price index early Tuesday, while the Federal Reserve's highly anticipated two-day meeting will also kick off. Oracle (ORCL) reported earnings after the close Monday. Oracle shares jumped 12% in…",
  "url": "https://www.investors.com/market-trend/stock-market-today/dow-jones-futures-rise-ahead-of-key-inflation-report-fed-meeting-to-start/",
  "source": "gdelt_investors.com",
  "published_at": "2022-06-14T17:00:00+00:00",
  "collected_at": "2025-10-20T00:22:41.563304+00:00",
  "sp500_relevant": true,
  "collection_method": "gdelt_api",
  "language": "English",
  "content_fetched": true
}