{
  "article_id": "0406d39bf892d2bcfd8d51c2c23208ea",
  "headline": "How Has Merck Stock Performed During The 2022 - 23 Inflation Shock ? ",
  "body": "ByTrefis Team, Contributor. Merck stock (NYSE: MRK) currently trades at $110 per share, roughly 43% above its level in March 2021, and it looks fully valued. Merck saw its stock trading at around $91 in late June 2022, just before the Fed started increasing rates, and is now 20% above that level. The stock has gained 28% since September 2022 compared to the S&P 500, which gained about 21% during this period. The rise in Merck stock over the recent past can be attributed to its upbeat Q1 and the company raising its full-year outlook. Merck recently acquired Prometheus Biosciences, bolstering its autoimmune pipeline and aiding its stock appreciation. Given that MRK stock has already rallied quite a bit since its lows in 2021, we believe it’s fully valued now and estimate Merck’s valuation to be around $112 per share, aligning with the current market price. Our detailed analysis of Merck’s upside post-inflation shock captures trends in the company’s stock during the turbulent market conditions seen over 2022. It compares these trends to the stock’s performance during the 2008 recession. 2022 Inflation Shock Timeline of Inflation Shock So Far: In contrast, here’s how MRK stock and the broader market performed during the 2007/2008 crisis. Timeline of 2007-08 Crisis Merck and S&P 500 Performance During 2007-08 Crisis MRK stock declined from $52 in September 2007 (pre-crisis peak) to around $24 in March 2009 (as the markets bottomed out), implying it lost nearly 54% of its pre-crisis value. It recovered post the 2008 crisis to levels of around $37 in early 2010, rising 50% between March 2009 and January 2010. The S&P 500 Index saw a decline of 51%, falling from levels of 1,540 in September 2007 to 757 in March 2009. It then rallied 48% between March 2009 and January 2010 to reach levels of 1,124. Merck’s Fundamentals Over Recent Years Merck’s revenues rose from $39.1 billion in 2019 to $59.3 billion in 2022, led by Keytruda and its Covid-19 antiviral drug. Although Merck has seen a slight decline in sales over the recent quarters due to the lower contribution of its Covid-19 drug, its key products - Keytruda and Gardasil - continue to gain market share and deliver strong sales growth. Merck’s operating margin has expanded from 18.7% in 2019 to 27.8% now. Our Merck’s Operating Income Comparison dashboard has more details. Does Merck Have A Sufficient Cash Cushion To Meet Its Obligations Through The Ongoing Inflation Shock? Merck’s total debt increased from $26 billion in 2019 to $31 billion now, while its total cash increased marginally from around $11 billion to $12 billion over the same period. The company garnered $19 billion in cash flows from operations in 2022. Overall, Merck is in a very comfortable position to meet its near-term obligations, given its solid cash position. Conclusion With the Fed’s efforts to tame runaway inflation rates helping market sentiments, we believe Merck’s stock is now fully valued with limited upside, even if fears of a potential recession are allayed. In fact, the uncertainties around the U.S. government’s attempt to bring down the drug prices paid for by Medicare remain a key risk factor for Merck’s stock. While MRK stock looks like it is fully valued, it is helpful to see how Merck’s Peers fare on metrics that matter. You will find other valuable comparisons for companies across industries at Peer Comparisons. Furthermore, the Covid-19 crisis has created many pricing discontinuities which can offer attractive trading opportunities. For example, you’ll be surprised at how counter-intuitive the stock valuation is for IDEX vs. Merck. With inflation rising and the Fed raising interest rates, among other factors, MRK stock has fallen 1% this year. Can it drop more? See how low Merck stock can go by comparing its decline in previous market crashes. Here is a performance summary of all stocks in previous market crashes. What if you’re looking for a more balanced portfolio instead? Here’s a high-quality portfolio that’s beaten the market consistently since 2016. Invest with Trefis Market Beating Portfolios See all Trefis Price Estimates",
  "url": "https://www.forbes.com/sites/greatspeculations/2023/06/15/how-has-merck-stock-performed-during-the-2022-23-inflation-shock/",
  "source": "gdelt_forbes.com",
  "published_at": "2023-06-15T13:30:00+00:00",
  "collected_at": "2025-10-20T11:27:49.282963+00:00",
  "sp500_relevant": true,
  "collection_method": "gdelt_api",
  "language": "English",
  "content_fetched": true
}