{
  "article_id": "04067ecb0bff37b2edbea921525b558d",
  "headline": "Price Over Earnings Overview : Ovintiv - Ovintiv ( NYSE : OVV ) ",
  "body": "In the current session, Ovintiv Inc. (NYSE:OVV) is trading at $39.15, after a 2.30% drop. Over the past month, the stock fell by 7.60%, and in the past year, by 9.23%. With performance like this, long-term shareholders are more likely to start looking into the company's price-to-earnings ratio. The P/E ratio is used by long-term shareholders to assess the company's market performance against aggregate market data, historical earnings, and the industry at large. A lower P/E could indicate that shareholders do not expect the stock to perform better in the future or it could mean that the company is undervalued. Ovintiv has a better P/E ratio of 17.65 than the aggregate P/E ratio of 16.14 of the Oil, Gas & Consumable Fuels industry. Ideally, one might believe that Ovintiv Inc. might perform better in the future than it's industry group, but it's probable that the stock is overvalued. In conclusion, the price-to-earnings ratio is a useful metric for analyzing a company's market performance, but it has its limitations. While a lower P/E can indicate that a company is undervalued, it can also suggest that shareholders do not expect future growth. Additionally, the P/E ratio should not be used in isolation, as other factors such as industry trends and business cycles can also impact a company's stock price. Therefore, investors should use the P/E ratio in conjunction with other financial metrics and qualitative analysis to make informed investment decisions. © 2025 Benzinga.com. Benzinga does not provide investment advice. All rights reserved.",
  "url": "https://www.benzinga.com/insights/news/25/10/48139043/price-over-earnings-overview-ovintiv",
  "source": "gdelt_benzinga.com",
  "published_at": "2025-10-10T00:30:00+00:00",
  "collected_at": "2025-10-21T12:17:47.806209+00:00",
  "sp500_relevant": true,
  "collection_method": "gdelt_api",
  "language": "English",
  "content_fetched": true
}