{
  "article_id": "04077003f2d74c9cdabb9b1a36965aa4",
  "headline": "F & O Stock Strategy| How to trade Federal Bank and SRF",
  "body": "(What's moving Sensex and Nifty Track latest market news, stock tips, Budget 2025, Share Market on Budget 2025 and expert advice, on ETMarkets. Also, ETMarkets.com is now on Telegram. For fastest news alerts on financial markets, investment strategies and stocks alerts, subscribe to our Telegram feeds .) Subscribe to ET Prime and read the Economic Times ePaper Online.and Sensex Today. Top Trending Stocks: SBI Share Price, Axis Bank Share Price, HDFC Bank Share Price, Infosys Share Price, Wipro Share Price, NTPC Share Price (What's moving Sensex and Nifty Track latest market news, stock tips, Budget 2025, Share Market on Budget 2025 and expert advice, on ETMarkets. Also, ETMarkets.com is now on Telegram. For fastest news alerts on financial markets, investment strategies and stocks alerts, subscribe to our Telegram feeds .) Subscribe to ET Prime and read the Economic Times ePaper Online.and Sensex Today. Top Trending Stocks: SBI Share Price, Axis Bank Share Price, HDFC Bank Share Price, Infosys Share Price, Wipro Share Price, NTPC Share Price Tata Capital IPO: INR15,500 crore issue at 56% discount. Bargain or value trap for investors? Accenture job cuts flash a warning for Indian IT employees While India is dreaming of chips, punters put Nvidia to shame with bet on this unknown stock Trump’s USD100k shock: Why existing H-1B holders may be sitting on a goldmine Inside Amazon’s twin-track strategy to home-deliver grocery These large- and mid-cap stocks can give more than 25% return in 1 year, according to analysts",
  "url": "https://economictimes.indiatimes.com/markets/options/fo-stock-strategy-how-to-trade-federal-bank-and-srf/articleshow/115551539.cms",
  "source": "gdelt_economictimes.indiatimes.com",
  "published_at": "2024-11-22T05:00:00+00:00",
  "collected_at": "2025-10-21T05:15:04.435441+00:00",
  "sp500_relevant": true,
  "collection_method": "gdelt_api",
  "language": "English",
  "content_fetched": true
}