{
  "article_id": "0409716c93b7203fc093549a77630343",
  "headline": "investments : Stock market charm could be wearing off for women investors",
  "body": "(What's moving Sensex and Nifty Track latest market news, stock tips, Budget 2025, Share Market on Budget 2025 and expert advice, on ETMarkets. Also, ETMarkets.com is now on Telegram. For fastest news alerts on financial markets, investment strategies and stocks alerts, subscribe to our Telegram feeds .) Subscribe to ET Prime and read the Economic Times ePaper Online.and Sensex Today. Top Trending Stocks: SBI Share Price, Axis Bank Share Price, HDFC Bank Share Price, Infosys Share Price, Wipro Share Price, NTPC Share Price (What's moving Sensex and Nifty Track latest market news, stock tips, Budget 2025, Share Market on Budget 2025 and expert advice, on ETMarkets. Also, ETMarkets.com is now on Telegram. For fastest news alerts on financial markets, investment strategies and stocks alerts, subscribe to our Telegram feeds .) Subscribe to ET Prime and read the Economic Times ePaper Online.and Sensex Today. Top Trending Stocks: SBI Share Price, Axis Bank Share Price, HDFC Bank Share Price, Infosys Share Price, Wipro Share Price, NTPC Share Price A bee, the death, and a mysterious will: How a Bollywood heroine is battling ‘injustice’ in real life With Indian at helm for the first time, can Hyundai regain lost ground? India propels shipping industry, but the smaller ones risk being left behind Indian sky wars: As Noida and Adani Airport loom, can GMR keep its altitude? When hospitals and insurers lock horns, patients pay the price Stock Radar: Blue Star stock breaks out from a Cup & handle formation, likely to reclaim Rs 2,000 levels",
  "url": "https://economictimes.indiatimes.com/markets/stocks/news/stock-markets-charm-could-be-wearing-off-for-women-investors/articleshow/107441261.cms",
  "source": "gdelt_economictimes.indiatimes.com",
  "published_at": "2024-02-06T01:15:00+00:00",
  "collected_at": "2025-10-20T22:52:07.715376+00:00",
  "sp500_relevant": true,
  "collection_method": "gdelt_api",
  "language": "English",
  "content_fetched": true
}