{
  "article_id": "040b810564fe1a26632009e785aa3593",
  "headline": "Verizon Stock Climbs As Earnings , Wireless Service Revenue Beats",
  "body": "",
  "url": "https://www.investors.com/news/technology/verizon-stock-verizon-earnings-news-q12024/",
  "source": "gdelt_investors.com",
  "published_at": "2024-04-22T12:00:00+00:00",
  "collected_at": "2025-10-21T00:31:25.277799+00:00",
  "sp500_relevant": true,
  "collection_method": "gdelt_api",
  "language": "English",
  "content_fetched": false
}