{
  "article_id": "040cff33c076dd5c83e4817aedf0ea0f",
  "headline": "HeadHunter Group PLC Notified of Anticipated Delisting from The Nasdaq Stock Market",
  "body": "NEW YORK, March 15, 2023 (GLOBE NEWSWIRE) -- The Nasdaq Stock Market (Nasdaq: NDAQ) announced today that it has notified HeadHunter Group PLC (Nasdaq: HHR) that its securities will be delisted from the Nasdaq Stock Market LLC on March 24, unless the company appeals to a Listing Qualifications Hearings Panel. The securities will remain halted, and unavailable to trade, until any appeal is resolved, and the securities are removed from Nasdaq. Following removal from Nasdaq the securities may be eligible for trading in the over-the-counter market. Nasdaq will file a Form 25 with the Securities and Exchange Commission to complete the delistings. The delistings become effective ten days after the Form 25 is filed. For news and additional information about the companies, including the basis for the delisting and whether the companies’ securities are trading on another venue, please review the companies’ public filings or contact the company directly. For more information about The Nasdaq Stock Market, visit the Nasdaq Web site at http://www.nasdaq.com. Nasdaq’s rules governing the delisting of securities can be found in the Nasdaq Rule 5800 Series, available on the Nasdaq Web site: https://listingcenter.nasdaq.com/rulebook/nasdaq/rules/nasdaq-5800-series. -NDAQO-",
  "url": "https://finance.yahoo.com/news/headhunter-group-plc-notified-anticipated-200500254.html",
  "source": "gdelt_finance.yahoo.com",
  "published_at": "2023-03-15T20:45:00+00:00",
  "collected_at": "2025-10-20T09:21:00.920152+00:00",
  "sp500_relevant": true,
  "collection_method": "gdelt_api",
  "language": "English",
  "content_fetched": true
}