{
  "article_id": "040dd284e65968c61eda7b260e1f412e",
  "headline": "美國 - 消費者物價指數 ( CPI ) 是什麼 ? 對股市的影響 ? 公布時間 ?】 元富期貨開戶推薦營業員郭靜宜 ( 小靜 )@ 國內外期貨手續費 @ 期貨全台開戶 @ 期貨線上開戶",
  "body": "",
  "url": "http://blog.cnyes.com/My/apple00038/Article2778747",
  "source": "gdelt_blog.cnyes.com",
  "published_at": "2022-07-17T06:15:00+00:00",
  "collected_at": "2025-10-20T02:16:22.608217+00:00",
  "sp500_relevant": true,
  "collection_method": "gdelt_api",
  "language": "Chinese",
  "content_fetched": false
}