{
  "article_id": "040e13c67c09ba89d801d0408996d6c8",
  "headline": "Fed ve Çinden metal piyasalarında etkili hamleler",
  "body": "",
  "url": "https://www.borsagundem.com/haber/fed-ve-cinden-metal-piyasalarinda-etkili-hamleler/1590800",
  "source": "gdelt_borsagundem.com",
  "published_at": "2021-08-04T12:45:00+00:00",
  "collected_at": "2025-10-19T16:19:48.011017+00:00",
  "sp500_relevant": true,
  "collection_method": "gdelt_api",
  "language": "Turkish",
  "content_fetched": false
}