{
  "article_id": "041084d6354d65b909503283a774b48e",
  "headline": "Dow Jones Futures Fall Ahead Of Powell Speech ; Tesla Slides On Cybertruck Event",
  "body": "",
  "url": "https://www.investors.com/market-trend/stock-market-today/dow-jones-futures-hover-ahead-of-powell-comments-tesla-slides-on-cybertruck-event/",
  "source": "gdelt_investors.com",
  "published_at": "2023-12-01T14:30:00+00:00",
  "collected_at": "2025-10-20T21:09:30.829980+00:00",
  "sp500_relevant": true,
  "collection_method": "gdelt_api",
  "language": "English",
  "content_fetched": false
}