{
  "article_id": "0411525495c873dc1cc87bc0f714498d",
  "headline": "Stock Market Timing",
  "body": "Some people dismiss stock market timing as impossible. But understanding how bull markets, bear markets and all conditions in between affect your portfolio — and how to handle them — is crucial to your long-term success. During a bull market or strong uptrend, you can generate significant profits. But if you just blindly follow a \"buy and hold\" approach through…",
  "url": "https://www.investors.com/how-to-invest/stock-market-timing-how-to-invest-in-stocks-tracking-bull-markets-bear-markets-stock-market-trends/",
  "source": "gdelt_investors.com",
  "published_at": "2024-06-05T18:15:00+00:00",
  "collected_at": "2025-10-21T01:47:58.054690+00:00",
  "sp500_relevant": true,
  "collection_method": "gdelt_api",
  "language": "English",
  "content_fetched": true
}