{
  "article_id": "0412dfd9c2f50b433641ae868921d5ee",
  "headline": "Wall Street se maintient tout juste dans le vert - 18 / 04 / 2024 à 16 : 35",
  "body": "",
  "url": "https://www.boursorama.com/bourse/actualites/wall-street-se-maintient-tout-juste-dans-le-vert-50a05a4e585a8b21035baf19912b8173",
  "source": "gdelt_boursorama.com",
  "published_at": "2024-04-18T15:30:00+00:00",
  "collected_at": "2025-10-21T00:27:20.069577+00:00",
  "sp500_relevant": true,
  "collection_method": "gdelt_api",
  "language": "French",
  "content_fetched": false
}