{
  "article_id": "0415b1f1913096e4e935c5f27d1d5230",
  "headline": "Dow Jones Dives 700 Points After Jobless Claims , Retail Sales ; Tesla Hits New Low On Musk Sales",
  "body": "",
  "url": "https://www.investors.com/market-trend/stock-market-today/dow-jones-futures-fall-ahead-of-jobless-claims-retail-sales-tesla-drops-on-elon-musk-stock-sales/",
  "source": "gdelt_investors.com",
  "published_at": "2022-12-15T18:00:00+00:00",
  "collected_at": "2025-10-20T06:55:39.768391+00:00",
  "sp500_relevant": true,
  "collection_method": "gdelt_api",
  "language": "English",
  "content_fetched": false
}