{
  "article_id": "041bc520c133175141094904625a8671",
  "headline": "Skuffende kongetal er godt nyt for aktiemarkedet :  Jeg tror , at renter og inflation sætter retningen henover sommeren  ",
  "body": "Selvom det amerikanske kongetal for maj skuffede med 559.000 nye job, kan investorerne ånde lettet op. Det dårlige jobtal betyder, at stramningen af pengepolitikken i USA midlertidigt kan sættes på hold, hvilket er til fordel for aktiemarkedet, da renterne kan fortsætte i en negativ retning.",
  "url": "https://borsen.dk/nyheder/investor/skuffende-kongetal-er-godt-nyt-for-aktiemarkedet",
  "source": "gdelt_borsen.dk",
  "published_at": "2021-06-08T09:45:00+00:00",
  "collected_at": "2025-10-19T12:20:59.747145+00:00",
  "sp500_relevant": true,
  "collection_method": "gdelt_api",
  "language": "Danish",
  "content_fetched": true
}