{
  "article_id": "041d79c94d51d1fb6783afcbf041a393",
  "headline": "Here How to Beat the Stock Market in 2024 : BofA",
  "body": "",
  "url": "https://markets.businessinsider.com/news/stocks/how-to-invest-stock-market-trading-advice-passive-index-bofa-2024-2",
  "source": "gdelt_markets.businessinsider.com",
  "published_at": "2024-02-11T14:15:00+00:00",
  "collected_at": "2025-10-20T22:57:27.394933+00:00",
  "sp500_relevant": true,
  "collection_method": "gdelt_api",
  "language": "English",
  "content_fetched": false
}