{
  "article_id": "041fc5c993af4cfa77a677c15d466de2",
  "headline": "Stock Market Falls At The Witching Hour ; PCE Inflation Report Looms",
  "body": "",
  "url": "https://www.investors.com/market-trend/the-big-picture/dow-jones-stock-market-sp500-nasdaq-witching-pce-inflation-report-nike-earnings/",
  "source": "gdelt_investors.com",
  "published_at": "2024-06-22T00:45:00+00:00",
  "collected_at": "2025-10-21T02:19:47.751835+00:00",
  "sp500_relevant": true,
  "collection_method": "gdelt_api",
  "language": "English",
  "content_fetched": false
}