{
  "article_id": "042259b77fa5cf8b27c209a76ecb37e9",
  "headline": "આગામી સપ્તાહે LICના આઇપીઓ પર ભારતીય શેરબજારની નજર રહેશે , માર્કેટમાં દરેક ઉછાળે સાવચેતી જરૂરી | The Indian stock market will be watching LIC IPO next week , every surge in the market requires caution . ",
  "body": "આગામી સપ્તાહે ભારતના સૌથી મોટા આઈપીઓ તરીકે એલઆઈસીનો આઈપીઓ ખુલશે. આઈપીઓની જાહેરાત પૂર્વે જ દેશમાં કરોડો નવા એકાઉન્ટ ખુલ્યાં છે અને એક્ટિવ થયા છે.માર્ચના અંત સુધી અંદાજીત છેલ્લા 12 મહિનામાં એક્ટિવ ડીમેટ ખાતાઓની સંખ્યા 63% વધીને 8.97 કરોડ થઈ છે. જેને ધ્ રોકાણકારો માટે રોકાણલક્ષી સ્ટોક સ્થાનિક તેમજ વિદેશી રોકાણકારો દ્વારા ખરીદ-વેચાણ સ્થાનિક સંસ્થાઓના રોકાણ સંદર્ભે જોઈએ તો કેશ સેગમેન્ટમાં જાન્યુઆરી 2022માં અંદાજીત રૂ.21,928.40 કરોડની ખરીદી, ફેબ્રુઆરી 2022માં રૂ.42,084.07 કરોડ, માર્ચ 2022માં રૂ.39,677.03 કરોડ તેમજ 29 એપ્રિલ સુધીમાં અંદાજીત રૂ.29,869.52 કરોડની ખરીદી કરવામાં આવી હતી, જયારે વિદેશી સંસ્થાઓના રોકાણ સંદર્ભે જોઈએ તો કેશ સેગમેન્ટમાં જાન્યુઆરી 2022માં અંદાજીત રૂ.41,346.35 કરોડની વેચવાલી, ફેબ્રુઆરી 2022માં રૂ.45,720.07 કરોડ, માર્ચ 2022માં રૂ.43,281.31 કરોડ તેમજ 29 એપ્રિલ સુધીમાં અંદાજીત રૂ.40,652.71 કરોડની વેચવાલી કરવામાં આવી હતી. નિફ્ટી ફ્યુચર ટેકનિકલ લેવલ બેન્ક નિફ્ટી ફ્યુચર ટેકનિકલ લેવલ ફ્યુચર ટ્રેડર્સ સ્ટોક સ્પેસિફિક ટેકનિકલ લેવલ વૈશ્વિક પરિબળોની વાત અમેરિકામાં ફુગાવો હાલમાં બે ટકાના ટાર્ગેટ કરતા ચાર ગણાથી પણ ઊંચે અંદાજિત 8.50%ની અત્યાર સુધીની ઊંચી સપાટીએ પહોંચી ગયો છે ત્યારે આગામી બેઠકોમાં અમેરિકન ફેડરલ રિઝર્વ વ્યાજ દર વધારવામાં આક્રમકતા અપનાવશે અને ભાવમાં ઉછાળાને ટાળવા અને વ્યાજદરને બને એટલા ઝડપી સામાન્ય સ્તરે લાવવા ફેડરલ રિઝર્વની મે મહિનાની બેઠકમાં વ્યાજ દરમાં 50 બેઝિસ પોઈન્ટના વધારા બાદ જુન તથા જુલાઈની બેઠક દરેકમાં 75 બેઝિસ પોઈન્ટનો વધારો કરવો અનિવાર્ય હોવાનું અનુમાન છે. સાથે સાથે ચીન, ભારત સહિતમાં કોરોનાના કેસો ફરી વધી રહ્યા હોઈ સપ્લાય ચેઇનમાં વિક્ષેપને કારણે કોમોડિટીના ભાવમાં અતિશય વધારો થયો છે અને જીઓ પોલિટિકલ કટકોટી અને તેના લીધે લાદવામાં આવી રહેલા પ્રતિબંધોના કારણે ભારતીય અર્થતંત્રની રિકવરી સામે જોખમ સર્જાતા ફંડો, રોકાણકારોમાં સાવચેતી જોવા મળી રહી છે. લેખક નિખિલ ભટ્ટ સેબી રજિસ્ટર્ડ રિસર્ચ એનાલિસ્ટ અને ઇન્વેસ્ટમેન્ટ પોઈન્ટના પ્રોપરાઇટર છે. ડિસ્ક્લેમર: આ માત્ર અભ્યાસલક્ષી ટેક્નિકલ ચાર્ટ મુજબ આર્ટિકલ છે. દિવ્યભાસ્કર કોઈ સ્ટોક ભલામણ કરતું નથી.",
  "url": "https://www.divyabhaskar.co.in/dvb-original/news/the-indian-stock-market-will-be-watching-lics-ipo-next-week-every-surge-in-the-market-requires-caution-129744556.html",
  "source": "gdelt_divyabhaskar.co.in",
  "published_at": "2022-05-01T22:00:00+00:00",
  "collected_at": "2025-10-19T22:38:35.671495+00:00",
  "sp500_relevant": true,
  "collection_method": "gdelt_api",
  "language": "Gujarati",
  "content_fetched": true
}