{
  "article_id": "04230e86185323121bb742541001813d",
  "headline": "美 주가 1분기가 최고점 … SP500 연내 3000까지 떨어진다 조재길의 글로벌마켓나우",
  "body": "한경 회원에게만 제공되는 특별한 콘텐츠를 만나보세요. 요일별로 다양한 콘텐츠가 제공됩니다. ⓒ 한경닷컴, 무단전재 및 재배포 금지 ADVERTISEMENT 월가 족집게 \"금리인상 2~3번 남아...증시 20% 하락 예상\" ‘월가 족집게’로 불리는 모간스탠리 마이크 윌슨 최고투자책임자(CIO)가 앞으로 두세번의 금리 인상이 이어질 것이라고 예측했다.마이크 윌슨은 21일(현지시간) CNBC의 스쿼크박스에 출연해 &l... 돌아온 '킹 달러'…환율 다시 1,300원대 진입 22일 원·달러 환율이 3거래일 만에 장중 1,300원을 돌파했다. 이날 원·달러 환율은 전일 대비 10.3원 오른 1,306.2원에 개장했다. 미국 연방공개위원회(FOMC) 회의록 공개를 앞두고 미국 달러화 강세와... '주 3일 이상 출근' 재택근무 축소에 직원 반발 미국 대기업이 실적 부진 등을 이유로 재택근무 축소에 나서자 직원들이 곳곳에서 반발하고 있다.21일(현지시간) 미 경제 매체 비즈니스 인사이더 등 현지 매체에 따르면 세계 최대 전자상거래 업체 아마존 직원들은 앤디 ... ADVERTISEMENT",
  "url": "https://www.hankyung.com/finance/article/202302223928i",
  "source": "gdelt_hankyung.com",
  "published_at": "2023-02-22T02:45:00+00:00",
  "collected_at": "2025-10-20T08:51:08.864516+00:00",
  "sp500_relevant": true,
  "collection_method": "gdelt_api",
  "language": "Korean",
  "content_fetched": true
}