{
  "article_id": "04255cc525a3a8bfb92685e4ea533723",
  "headline": "TMC MPs meet SEBI officials , seek probe into stock market  manipulation  ",
  "body": "(Catch all the Business News, Breaking News, Budget 2025 Events and Latest News Updates on The Economic Times.) Subscribe to The Economic Times Prime and read the ET ePaper online. (Catch all the Business News, Breaking News, Budget 2025 Events and Latest News Updates on The Economic Times.) Subscribe to The Economic Times Prime and read the ET ePaper online. Maruti’s 2nd attempt to dislodge Hyundai in SUVs; but is it easy? Why efficiency is eroding capitalism, not boosting it INR10 lakh crore value unlocked. Who made the most of startup IPOs? Accenture job cuts flash a warning for Indian IT employees Stock Radar: This largecap Sensex stock trading in broadening formation; check target & stop loss Buy, Sell or Hold: Morgan Stanley remains overweight on Kotak Bank; Nomura recommends buy on HUL",
  "url": "https://economictimes.indiatimes.com/news/politics-and-nation/tmc-mps-meet-sebi-officials-seek-probe-into-stock-market-manipulation/articleshow/111081001.cms",
  "source": "gdelt_economictimes.indiatimes.com",
  "published_at": "2024-06-18T09:15:00+00:00",
  "collected_at": "2025-10-21T02:04:54.198714+00:00",
  "sp500_relevant": true,
  "collection_method": "gdelt_api",
  "language": "English",
  "content_fetched": true
}