{
  "article_id": "042d11a9b34cd7b8be523f22c59448d1",
  "headline": "Here How the Stock Market Could Turn $10 , 000 Into $450 , 000",
  "body": "",
  "url": "https://omaha.com/business/investment/personal-finance/heres-how-the-stock-market-could-turn-10-000-into-450-000/article_139439f9-0e07-586a-82af-69f3b0089fb8.html",
  "source": "gdelt_omaha.com",
  "published_at": "2021-12-19T14:15:00+00:00",
  "collected_at": "2025-10-19T19:18:59.914932+00:00",
  "sp500_relevant": true,
  "collection_method": "gdelt_api",
  "language": "English",
  "content_fetched": false
}