{
  "article_id": "04301afc0fa53625da9aebde12f8cd81",
  "headline": "share market latest Updates , stock market , BSE , NSE , IPO , tata technologies IPO , TATA IPO | सेन्सेक्स 61 अंकांनी वाढून 66 , 084 वर उघडला , इंडियन रिन्यूएबल एनर्जीच्या IPO मध्ये गुंतवणूक करण्याची शेवटची संधी",
  "body": "शेअर बाजारात आज म्हणजेच गुरुवारी (23 नोव्हेंबर) तेजी आहे. सेन्सेक्स 61 अंकांनी वाढून 66,084 वर उघडला. निफ्टीमध्येही 17 अंकांची वाढ झाली. तो 19,828 च्या पातळीवर उघडला. सुरुवातीच्या व्यवहारादरम्यान, सेन्सेक्सच्या 30 समभागांपैकी 25 वाढताना आणि 5 घसरताना दिसले. टाटा टेक्नॉलॉजीजचा आयपीओ 6 पेक्षा जास्त वेळा सबस्क्राइब झाला टाटा टेक्नॉलॉजीजचा IPO PO पहिल्याच दिवशी 6.55 पट सबस्क्राइब झाला. हा IPO उद्यापासून म्हणजे बुधवारपासून सार्वजनिक सबस्क्रिप्शनसाठी खुला झाला आहे. टाटा टेक्नॉलॉजीज लिमिटेड ही ऑटोमोबाईल कंपनी टाटा मोटर्सची उपकंपनी आहे. टाटा समूह जवळपास 19 वर्षांनंतर IPO आणत आहे. यापूर्वी 2004 मध्ये टाटा कन्सल्टन्सी सर्व्हिसेस (TCS) चा IPO आला होता. कंपनीने IPO ची किंमत ₹475 ते ₹500 पर्यंत निश्चित केली आहे. किरकोळ गुंतवणूकदार 24 नोव्हेंबरपर्यंत IPO साठी अर्ज करू शकतात. कंपनीचे शेअर्स नॅशनल स्टॉक एक्सचेंज (NSE) आणि बॉम्बे स्टॉक एक्स्चेंज (BSE) वर 5 डिसेंबर रोजी सूचीबद्ध केले जातील. Tata Technologies च्या ग्रे मार्केट किमतीत 70% वाढ झाली आहे. याचा अर्थ तो सूचीच्या दिवशी 70% कमवू शकतो. इंडियन रिन्यूएबल एनर्जीच्या IPO मध्ये गुंतवणूक करण्याची आज शेवटची संधी इंडियन रिन्यूएबल एनर्जी डेव्हलपमेंट एजन्सी लिमिटेड (IREDA) च्या IPO मध्ये पैसे गुंतवण्याची आज शेवटची संधी आहे. हा IPO 21 नोव्हेंबरपासून सार्वजनिक सबस्क्रिप्शनसाठी खुला करण्यात आला. 4 डिसेंबर रोजी कंपनीचे शेअर्स नॅशनल स्टॉक एक्सचेंज (NSE) आणि बॉम्बे स्टॉक एक्स्चेंज (BSE) वर सूचिबद्ध होतील. कंपनीने या इश्यूची किंमत ₹30-₹32 इतकी निश्चित केली आहे. किरकोळ गुंतवणूकदार किमान एक लॉट म्हणजेच 460 शेअर्ससाठी बोली लावू शकतात. तुम्ही ₹32 च्या IPO च्या वरच्या प्राइस बँडनुसार 1 लॉटसाठी अर्ज केल्यास, तुम्हाला ₹14,720 ची गुंतवणूक करावी लागेल. किरकोळ गुंतवणूकदार जास्तीत जास्त 13 लॉटसाठी म्हणजेच 5980 शेअर्ससाठी बोली लावू शकतात. यासाठी त्यांना अप्पर प्राइस बँडनुसार ₹191,360 खर्च करावे लागतील. काल बाजारात तेजी होती याआधी काल म्हणजेच बुधवारी (22 नोव्हेंबर) शेअर बाजारात वाढ झाली होती. सेन्सेक्स 92 अंकांनी वाढून 66,023 वर बंद झाला. निफ्टीमध्येही 28 अंकांची वाढ झाली. तो 19,811 च्या पातळीवर बंद झाला. सेन्सेक्समधील 30 समभागांपैकी 19 समभागांमध्ये वाढ आणि 11 समभागांमध्ये घसरण झाली होती.",
  "url": "https://divyamarathi.bhaskar.com/business/news/share-market-latest-updates-stock-market-bse-nse-ipo-tata-technologies-ipo-tata-ipo-132182964.html",
  "source": "gdelt_divyamarathi.bhaskar.com",
  "published_at": "2023-11-23T06:15:00+00:00",
  "collected_at": "2025-10-20T19:52:16.092482+00:00",
  "sp500_relevant": true,
  "collection_method": "gdelt_api",
  "language": "Marathi",
  "content_fetched": true
}