{
  "article_id": "043569905d053759f3e6823ffacbc362",
  "headline": "12 Health Care Stocks Moving In Thursday After - Market Session - Eterna Therapeutics ( NASDAQ : ERNA ), Ainos ( NASDAQ : AIMD ), Bluejay Diagnostics ( NASDAQ : BJDX ), Centessa Pharmaceuticals ( NASDAQ : CNTA ), Adamis Pharmaceuticals ( NASDAQ : ADM...",
  "body": "This article was generated by Benzinga's automated content engine and reviewed by an editor. © 2025 Benzinga.com. Benzinga does not provide investment advice. All rights reserved.",
  "url": "https://www.benzinga.com/trading-ideas/movers/23/07/33224167/12-health-care-stocks-moving-in-thursdays-after-market-session",
  "source": "gdelt_benzinga.com",
  "published_at": "2023-07-13T23:30:00+00:00",
  "collected_at": "2025-10-20T11:58:19.317548+00:00",
  "sp500_relevant": true,
  "collection_method": "gdelt_api",
  "language": "English",
  "content_fetched": true
}