{
  "article_id": "04397155f128ca6db18d73fcf2880eec",
  "headline": "Music sentiment on Spotify is linked to the stock market , study shows",
  "body": "",
  "url": "https://www.usatoday.com/story/money/2022/01/30/music-sentiment-spotify-stock-market/9276821002/",
  "source": "gdelt_usatoday.com",
  "published_at": "2022-01-30T19:30:00+00:00",
  "collected_at": "2025-10-19T20:18:06.637891+00:00",
  "sp500_relevant": true,
  "collection_method": "gdelt_api",
  "language": "English",
  "content_fetched": false
}