{
  "article_id": "043d2b548c7d8649bd8b8a51dfbe2919",
  "headline": "General Motors To Rally More Than 122 %? Here Are 10 Other Analyst Forecasts For Wednesday - Broadcom ( NASDAQ : AVGO ), Coinbase Glb ( NASDAQ : COIN ) ",
  "body": "Check This Out: JetBlue Airways, VOXX International And Other Big Stocks Moving Lower In Tuesday's Pre-Market Session © 2025 Benzinga.com. Benzinga does not provide investment advice. All rights reserved.",
  "url": "https://www.benzinga.com/news/23/07/33196753/general-motors-to-rally-more-than-122-here-are-10-other-analyst-forecasts-for-wednesday",
  "source": "gdelt_benzinga.com",
  "published_at": "2023-07-12T12:30:00+00:00",
  "collected_at": "2025-10-20T11:57:21.867231+00:00",
  "sp500_relevant": true,
  "collection_method": "gdelt_api",
  "language": "English",
  "content_fetched": true
}