{
  "article_id": "043d7f5c9427ba788aa7ebbeb719224f",
  "headline": "Motorsport Games Inc . - Class A Common Stock ( Nasdaq : MSGM ) Stock Quote",
  "body": "",
  "url": "https://markets.financialcontent.com/stocks/quote?Symbol=537:2578291975",
  "source": "gdelt_markets.financialcontent.com",
  "published_at": "2025-04-17T20:00:00+00:00",
  "collected_at": "2025-10-21T08:09:14.913409+00:00",
  "sp500_relevant": true,
  "collection_method": "gdelt_api",
  "language": "English",
  "content_fetched": false
}