{
  "article_id": "043f4fedb07e713b3b1da9346f070980",
  "headline": "Wall Street analysts think 5 bank stocks will gain in the second half",
  "body": "",
  "url": "https://www.cnbc.com/2023/07/02/wall-street-analysts-think-5-bank-stocks-will-gain-in-the-second-half.html",
  "source": "gdelt_cnbc.com",
  "published_at": "2023-07-02T16:30:00+00:00",
  "collected_at": "2025-10-20T11:47:50.209036+00:00",
  "sp500_relevant": true,
  "collection_method": "gdelt_api",
  "language": "English",
  "content_fetched": false
}