{
  "article_id": "0440be2257fdf59127ff30ac55d0c05c",
  "headline": "Najdroższe akcje na GPW i Wall Street potrzebują podziału . Ile trzeba płacić po miesiącach hossy ? ",
  "body": "",
  "url": "https://www.bankier.pl/wiadomosc/Najdrozsze-akcje-na-GPW-i-Wall-Street-potrzebuja-podzialu-Ile-trzeba-placic-po-miesiacach-hossy-8784662.html",
  "source": "gdelt_bankier.pl",
  "published_at": "2024-07-23T07:45:00+00:00",
  "collected_at": "2025-10-21T02:52:31.151497+00:00",
  "sp500_relevant": true,
  "collection_method": "gdelt_api",
  "language": "Polish",
  "content_fetched": false
}