{
  "article_id": "044060bdd5bc3eec97705e4fa275f3cc",
  "headline": "Bond Crash to Upset the Stock Market Most Crowded Trades : BofA",
  "body": "",
  "url": "https://markets.businessinsider.com/news/bonds/worst-bond-crash-since-1949-upset-stock-market-crowded-trades-2022-9",
  "source": "gdelt_markets.businessinsider.com",
  "published_at": "2022-09-24T13:30:00+00:00",
  "collected_at": "2025-10-20T04:46:49.454705+00:00",
  "sp500_relevant": true,
  "collection_method": "gdelt_api",
  "language": "English",
  "content_fetched": false
}