{
  "article_id": "04415966bc2bc0c78214e964b91df33c",
  "headline": "Stock Market Today : Dow Jones Rises On Weak ADP Jobs Report ; Nvidia Hits More Record Highs",
  "body": "",
  "url": "https://www.investors.com/market-trend/stock-market-today/dow-jones-sp500-nasdaq-adp-jobs-report-nvidia-stock-nvda/",
  "source": "gdelt_investors.com",
  "published_at": "2024-06-05T13:15:00+00:00",
  "collected_at": "2025-10-21T01:47:58.055688+00:00",
  "sp500_relevant": true,
  "collection_method": "gdelt_api",
  "language": "English",
  "content_fetched": false
}