{
  "article_id": "04462af13db1d118983fd80c8a7a2993",
  "headline": "Stock Market Reverses Lower As This Line Caps Gains ; Jobs Cool ; Bed Bath & Beyond Tumbles",
  "body": "The stock market bounced back at Wednesday's open, as a weaker-than-expected jobs report helped to calm worries of rising interest rates. But indexes reversed lower. Earnings reports continued to show cautious consumers. Indexes erased early gains. The Nasdaq composite, which was up as much as 1%, fell 0.3%. The S&P 500 rose 0.3% and Dow Jones Industrial Average also lost…",
  "url": "https://www.investors.com/market-trend/stock-market-today/stock-market-bounces-but-this-line-caps-gains-jobs-cool-bed-bath-beyond-tumbles/",
  "source": "gdelt_investors.com",
  "published_at": "2022-08-31T18:00:00+00:00",
  "collected_at": "2025-10-20T04:06:22.459559+00:00",
  "sp500_relevant": true,
  "collection_method": "gdelt_api",
  "language": "English",
  "content_fetched": true
}