{
  "article_id": "0447e24aeb4b49020b1634e95d120609",
  "headline": "Rezession & Inflation : Was für fallende Aktien - Kurse und gegen einen Börsencrash spricht",
  "body": "",
  "url": "https://www.handelsblatt.com/finanzen/anlagestrategie/trends/inflation-die-rationale-blase-platzt-was-fuer-fallende-kurse-an-den-maerkten-und-gegen-einen-crash-spricht/v_detail_tab_comments/28420056.html",
  "source": "gdelt_handelsblatt.com",
  "published_at": "2022-06-14T11:15:00+00:00",
  "collected_at": "2025-10-20T00:22:41.566299+00:00",
  "sp500_relevant": true,
  "collection_method": "gdelt_api",
  "language": "German",
  "content_fetched": false
}