{
  "article_id": "04470a404ba6ef181fd975e631b065af",
  "headline": "NYSE Content Advisory : Pre - Market update + Tech earnings begin",
  "body": "Published on 04/21/2025 at 08:55 am EDT NEW YORK, April 21, 2025 /CNW/ -- The New York Stock Exchange (NYSE) provides a daily pre-market update directly from the NYSE Trading Floor. Access today's NYSE Pre-market update for market insights before trading begins. Kristen Scholer delivers the pre-market update on April 21st Opening BellFundstrat Capital celebrates the Granny Shots U.S. Large Cap ETF (NYSE Arca: GRNY) Closing BellU.S. Global Investors celebrates 10th anniversary of U.S. Global Jets ETF (NYSE Arca: JETS) listing Watch NYSE TV Live every weekday 9:00-10:00am ET View original content to download multimedia:https://www.prnewswire.com/news-releases/nyse-content-advisory-pre-market-update--tech-earnings-begin-302433364.html SOURCE New York Stock Exchange © Canada Newswire, source Canada Newswire English",
  "url": "https://www.marketscreener.com/quote/stock/INTERCONTINENTAL-EXCHANGE-14931198/news/NYSE-Content-Advisory-Pre-Market-update-Tech-earnings-begin-49666015/",
  "source": "gdelt_marketscreener.com",
  "published_at": "2025-04-21T13:15:00+00:00",
  "collected_at": "2025-10-21T08:13:25.746346+00:00",
  "sp500_relevant": true,
  "collection_method": "gdelt_api",
  "language": "English",
  "content_fetched": true
}