{
  "article_id": "044e8bf3b2b4fab8bb02d0b162514cb6",
  "headline": "Stock Market : खरीदें या बेचें , एक्सपर्ट्स से जानें किन शेयरों में कौन सी स्ट्रैटेजी से बनेगा मुनाफा",
  "body": "मंथली एक्सपायरी के दिन कमजोर शुरूआत के बाद बाजार में रिकवरी देखने को मिल रही है। निफ्टी 23550 के करीब पहुंचा है। COFORGE ने MICROSOFT के साथ करार बढ़ाया है। डेवलपर प्रोडक्टिविटी बढ़ाने के लिए करार बढ़ाया है। इधर कैपिटल मार्केट से जुड़े शेयरों में रौनक देखने को मिल रहा है। 30 मार्च को बोनस शेयर पर विचार से पहले BSE करीब 4 परसेंट चढ़कर वायदा का टॉपर बना। CAMS और MCX में भी डेढ़ परसेंट तक की मजबूती देखने को मिल रहा है । ऐसे में बाजार की इस चाल के बीच बाजार दिग्गज उन शेयरों पर दांव लगाने की सलाह दे रहा है जहां तगड़ा मुनाफा मिल सकता है।",
  "url": "https://hindi.moneycontrol.com/news/markets/which-stocks-to-buy-or-sell-know-which-stocks-the-experts-trust-1965641.html",
  "source": "gdelt_hindi.moneycontrol.com",
  "published_at": "2025-03-27T08:30:00+00:00",
  "collected_at": "2025-10-21T07:39:29.374774+00:00",
  "sp500_relevant": true,
  "collection_method": "gdelt_api",
  "language": "Hindi",
  "content_fetched": true
}