{
  "article_id": "046e6a2187e634901ee3d31813b1decf",
  "headline": "3 Terrible Mistakes You Might Make During a Stock Market Crash",
  "body": "",
  "url": "https://omaha.com/business/investment/personal-finance/3-terrible-mistakes-you-might-make-during-a-stock-market-crash/article_3875f500-c14a-5d3d-b08b-87d67b2c2c9c.html",
  "source": "gdelt_omaha.com",
  "published_at": "2021-02-08T14:45:00+00:00",
  "collected_at": "2025-10-19T10:19:06.385572+00:00",
  "sp500_relevant": true,
  "collection_method": "gdelt_api",
  "language": "English",
  "content_fetched": false
}