{
  "article_id": "0478401f5362bcbbffcdac52e5e8f3ee",
  "headline": "Square Stock : Block Earnings Miss In Q1 . Payment Firm Lowers 2025 Guidance . ",
  "body": "",
  "url": "https://www.investors.com/news/technology/square-stock-block-stock-square-earnings-q12025/",
  "source": "gdelt_investors.com",
  "published_at": "2025-05-02T00:00:00+00:00",
  "collected_at": "2025-10-21T08:29:12.595023+00:00",
  "sp500_relevant": true,
  "collection_method": "gdelt_api",
  "language": "English",
  "content_fetched": false
}