{
  "article_id": "04848b8d4ec4685b60862464cfb1e887",
  "headline": "This Chart Can Help You Win Big With These 3 Vital Stock Market Lessons",
  "body": "",
  "url": "https://www.channel3000.com/i/this-chart-can-help-you-win-big-with-these-3-vital-stock-market-lessons/",
  "source": "gdelt_channel3000.com",
  "published_at": "2020-12-26T21:00:00+00:00",
  "collected_at": "2025-10-19T09:33:36.060560+00:00",
  "sp500_relevant": true,
  "collection_method": "gdelt_api",
  "language": "English",
  "content_fetched": false
}