{
  "article_id": "048e79181c740cd30c881cb41d5b8bee",
  "headline": "Sắc xanh bao trùm các sàn chứng khoán tại Mỹ sau động thái của Fed",
  "body": "Khép lại phiên giao dịch chiều 20/3, cả 3 mã chứng khoán chủ chốt của Mỹ gồm Dow Jones, S&P 500 và Nasdaq đều ghi nhận mức cao kỷ lục từ tháng 11/2021 tới nay.",
  "url": "https://www.vietnamplus.vn/sac-xanh-bao-trum-cac-san-chung-khoan-tai-my-sau-dong-thai-cua-fed-post935687.vnp",
  "source": "gdelt_vietnamplus.vn",
  "published_at": "2024-03-21T01:15:00+00:00",
  "collected_at": "2025-10-20T23:41:56.113355+00:00",
  "sp500_relevant": true,
  "collection_method": "gdelt_api",
  "language": "Vietnamese",
  "content_fetched": true
}