{
  "article_id": "049ae9a912596e6155cb9b6ad911ad6a",
  "headline": "Nỗi lo lãi suất khiến Dow Jones  bay  gần 500 điểm , giá dầu lao dốc - Nhịp sống kinh tế Việt Nam & Thế giới",
  "body": "",
  "url": "https://vneconomy.vn/noi-lo-lai-suat-khien-dow-jones-bay-gan-500-diem-gia-dau-lao-doc.htm",
  "source": "gdelt_vneconomy.vn",
  "published_at": "2022-12-06T04:45:00+00:00",
  "collected_at": "2025-10-20T06:45:56.835040+00:00",
  "sp500_relevant": true,
  "collection_method": "gdelt_api",
  "language": "Vietnamese",
  "content_fetched": false
}