{
  "article_id": "049ad1a152fd8b2ba07c21e2b45a525d",
  "headline": "Dow Jones Falls Amid Economic Data ; AMD , Nvidia Tumble On Government Restrictions",
  "body": "The Dow Jones Industrial Average dropped Thursday morning amid a heavy slate of economic data. The losses threatened to extend the stock market's four-day losing streak, with chip and oil stocks leading the early declines, as the month of September kicked off. Key earnings movers Thursday included Ciena (CIEN), Five Below (FIVE), MongoDB (MDB), Okta (OKTA), Ollie's Bargain Outlet (OLLI),…",
  "url": "https://www.investors.com/market-trend/stock-market-today/dow-jones-futures-fall-ahead-of-key-economic-data-amd-nvidia-slide-on-government-restrictions/",
  "source": "gdelt_investors.com",
  "published_at": "2022-09-01T14:00:00+00:00",
  "collected_at": "2025-10-20T04:07:10.890150+00:00",
  "sp500_relevant": true,
  "collection_method": "gdelt_api",
  "language": "English",
  "content_fetched": true
}