{
  "article_id": "049ec4705146cd5ef60bde13a1cd8018",
  "headline": "Saham Teknologi  Bullish , Indeks Nasdaq Komposit Berakhir di Zona Hijau",
  "body": "Saham Teknologi \"Bullish\", Indeks Nasdaq Komposit Berakhir di Zona Hijau Tim Redaksi EW YORK, KOMPAS.com - Bursa saham AS atau Wall Street ditutup bervariasi dan mayoritas saham mengalami pelemahan pada akhir perdagangan Selasa (5/12/2023). Mayoritas indeks mengalami pelemahan, sementara Nasdaq didorong oleh kinerja saham teknologi. Dow Jones Industrial Average (DJIA) berakhir lebih rendah karena reli di akhir tahun terhenti. Indeks yang berisikan 30 saham itu turun 79,8 poin (0,22 persen) pada level 36.124,56. S&P 500 melemah 0,06 persen menjadi 4.567,18. Sementara Nasdaq Komposit didukung oleh kinerja saham teknologi yang menyebabkan kenaikan 0,31 persen dan berakhir pada level 14.229,91. Saham GitLab melonjak 11,5 persen setelah platform pengembangan perangkat lunak tersebut mengalahkan ekspektasi keuangan kuartalan dan mengeluarkan panduan yang kuat untuk kuartal saat ini. Saham Nio naik 1,5 persen setelah pembuat kendaraan listrik China tersebut melaporkan penurunan kerugian pada kuartal ketiga. Baca juga: Saham Gajah Tunggal, Kimia Farma dan Amman Mineral Bikin IHSG Ditutup Menghijau Pergerakan harga saham pada hari Selasa mengikuti sesi penurunan pada hari Senin untuk ketiga indeks, yang menimbulkan pertanyaan apakah pasar telah bergerak terlalu cepat. Kemunduran pada hari Senin terjadi setelah lima minggu berturut-turut pergerakan tiga indeks utama Wall Street positif. Meskipun demikian, pergerakan tiga indeks utama Wall Street secara keseluruhan masih mengalami kenaikan secara kuartalan dan tahunan. “Masih terlalu dini untuk menarik kesimpulan bahwa perdagangan risk-on telah berakhir,” kata kepala strategi di Spouting Rock Rhys Williams, merujuk pada kinerja kuat pasar saham di bulan terakhir tahun 2023. Baca juga: Mantan Bos Unilever Indonesia Jual Seluruh Saham UNVR, Ini Alasannya Saham-saham keluar dari posisi terendah pada sesi hari Selasa karena imbal hasil Treasury AS untuk tenor 10 tahun jatuh di bawah level kunci 4,2 persen. Pergerakan ini terjadi didorong oleh data yang menandakan adanya perlambatan pasar tenaga kerja. Saham-saham teknologi menguat menyusul data tersebut, yang mendorong Nasdaq ke wilayah positif untuk sesi ini. Saham teknologi mega-cap Apple dan Nvidia masing-masing bertambah lebih dari 2 persen. Saham Russell 2000 turun lebih dari 1 persen pada hari Selasa, atau berbalik arah setelah melawan tren turun pada hari Senin. Namun, indeks saham berkapitalisasi kecil telah melonjak lebih dari 5 persen selama sebulan terakhir, yang mana ini meningkatkan harapan akan meluasnya reli pasar dan penurunan suku bunga dari Federal Reserve di masa depan. Baca juga: Perkuat Bisnis Jasa Pertambangan, Samindo Resources Akuisisi 74 Persen Saham Transkon Jaya “Perdagangan hari Selasa mencerminkan ketidakpastian yang dimiliki para pedagang sehubungan dengan Federal Reserve dan lintasan suku bunga,” kata CEO AXS Investments Greg Bassuk. “Investor ingin bergantung pada kepastian yang lebih besar baik dalam hal data ekonomi maupun kemungkinan perubahan sentimen The Fed,” jelas dia. Baca juga: Belum Sepakat Soal Harga, Begini Kelanjutan Divestasi Saham Vale Indonesia Copyright 2008 - 2025 PT. Kompas Cyber Media (Kompas Gramedia Digital Group). All Rights Reserved.",
  "url": "https://money.kompas.com/read/2023/12/06/083000526/saham-teknologi-bullish-indeks-nasdaq-komposit-berakhir-di-zona-hijau",
  "source": "gdelt_money.kompas.com",
  "published_at": "2023-12-06T01:45:00+00:00",
  "collected_at": "2025-10-20T21:17:55.429881+00:00",
  "sp500_relevant": true,
  "collection_method": "gdelt_api",
  "language": "Indonesian",
  "content_fetched": true
}