{
  "article_id": "04a7db69aa344fa6bf430d7ac8c0d41b",
  "headline": "日経平均は一時600円超上昇 FOMC 「 想定内 」 で不透明感和らぐ ： 朝日新聞デジタル",
  "body": "有料記事 米国の金融政策を決める15日の連邦公開市場委員会（FOMC）が市場の想定の範囲で終わったことから、16日の東京株式市場で、日経平均株価が前日より一時600円超値上がりした。株高の流れが続くかどうかは不透明だ。 米国の中央銀行にあたる米連邦準備制度理事会（FRB）は15日のFOMCで、加速する物価上昇を抑えるため、約27年ぶりとなる0・75%幅の利上げを決めた。市場の予想通りの決定だったことに加え、FRBのパウエル議長が会見で今後の利上げ幅についても示唆し、不透明感が和らいだことを市場は好感。同日の米株式市場では、ダウ工業株平均など、主要株式指数が軒並み上昇した。 続いて始まった16日の東京市場でも、この流れが継続。日経平均株価は389円36銭高い、2万6715円52銭で取引が始まり、その後も広い銘柄が買われている。日経平均は前日までの4営業日で約1900円値を下げていて、買い戻す動きもあるとみられる。 ただ、日米の株価の重しにな… ※無料期間中に解約した場合、料金はかかりません 【30周年キャンペーン】今なら2カ月間無料で有料記事が読み放題！詳しくはこちら",
  "url": "https://www.asahi.com/articles/ASQ6J3QBKQ6JULFA00F.html",
  "source": "gdelt_asahi.com",
  "published_at": "2022-06-16T03:45:00+00:00",
  "collected_at": "2025-10-20T00:26:58.660999+00:00",
  "sp500_relevant": true,
  "collection_method": "gdelt_api",
  "language": "Japanese",
  "content_fetched": true
}