{
  "article_id": "04b22ddf4e889474774892def1396a6a",
  "headline": "NKE Stock Rises With Nike Earnings On Deck ; Swiss Peer ONON Soars",
  "body": "",
  "url": "https://www.investors.com:443/news/nke-stock-nike-earnings-q3-consumer-demand-inflation/",
  "source": "gdelt_investors.com",
  "published_at": "2023-03-21T18:30:00+00:00",
  "collected_at": "2025-10-20T09:26:23.149580+00:00",
  "sp500_relevant": true,
  "collection_method": "gdelt_api",
  "language": "English",
  "content_fetched": false
}