{
  "article_id": "04b3260516d251c81bcd5f4a1fb56874",
  "headline": "Dow Jones Futures : Apple , Tesla Test Support As JPMorgan , Caterpillar Break Out ; Six Key Earnings Late",
  "body": "Dow Jones futures were little changed Wednesday morning, along with S&P 500 futures and Nasdaq futures, with Apple (AAPL) and Tesla stock testing key support. Bitcoin surged to top $51,000. SolarEdge Technologies (SEDG), Exact Sciences (EXAS), QuantumScape (QS), Crispr Therapeutics (CRSP), Cornerstone OnDemand (CSOD) and RingCentral (RNG) were notable earnings after the close. Shopify (SHOP) led key results before Wednesday's open.…",
  "url": "https://www.investors.com/market-trend/stock-market-today/dow-jones-futures-apple-tesla-test-support-jpmorgan-caterpillar-break-out/",
  "source": "gdelt_investors.com",
  "published_at": "2021-02-17T01:30:00+00:00",
  "collected_at": "2025-10-19T10:32:10.112333+00:00",
  "sp500_relevant": true,
  "collection_method": "gdelt_api",
  "language": "English",
  "content_fetched": true
}