{
  "article_id": "04b64f29f77ee44252cdb756c5e84af7",
  "headline": "Evoluţii financiar - bancare şi bursiere în lume : Bursa de pe Wall Street a deschis şedinţa de miercuri cu evoluţii mixte",
  "body": "Autor: Anca-Adriana Huza Publicat: 28-09-202228-09-2022 Actualizat: 28-09-202228-09-2022 Bursa de pe Wall Street a deschis şedinţa de miercuri cu evoluţii mixte, după ce Apple a renunţat la planurile care vizau majorarea producţiei pentru cele mai noi versiuni de telefoane iPhone, transmite Reuters. Indicele Dow Jones Industrial Average s-a apreciat cu 0,26%, ajungând la valoarea de 29.210,69 puncte, în creştere cu 75,70 puncte faţă de valoarea înregistrată la închiderea şedinţei precedente. Indicele Standard and Poor's 500 s-a apreciat cu 0,22%, ajungând la valoarea de 3.655,38 puncte, în creştere cu 8,09 puncte faţă de valoarea înregistrată la închiderea şedinţei precedente, potrivit Agerpres. Indicele Nasdaq s-a depreciat cu 0,11%, ajungând la valoarea de 10.817,44 puncte, în scădere cu 12,06 puncte faţă de valoarea înregistrată la închiderea şedinţei precedente. Londra - Bursa de la Londra a deschis şedinţa de miercuri în scădere cu 1,97%, indicele principal FTSE-100 a ajuns la valoarea de 6.846,74 puncte, în scădere cu 137,85 puncte comparativ cu valoarea înregistrată la închiderea şedinţei precedente, transmite Reuters. Frankfurt - Bursa de la Frankfurt a deschis şedinţa de miercuri în scădere cu 1,73%, indicele principal DAX 40 a ajuns la valoarea de 11.929,18 puncte, în scădere cu 210,50 puncte comparativ cu valoarea înregistrată la închiderea şedinţei precedente, transmite Reuters. Paris - Bursa de la Paris a deschis şedinţa de miercuri în scădere cu 1,65%, indicele principal CAC 40 a ajuns la valoarea de 5.658,84 puncte, în scădere cu 94,98 puncte comparativ cu valoarea înregistrată la închiderea şedinţei precedente, transmite Reuters. Budapesta - Cursul oficial al Băncii Centrale a Ungariei valabil pentru ziua de joi este de 430,37 forinţi pentru un dolar, în creştere faţă de un curs de 423,37 forinţi, miercuri, transmite MTI. Moneda euro este cotată la 411,26 forinţi, în creştere faţă de un curs de 407,45 forinţi, miercuri, iar un leu românesc este cotat la 83,09 forinţi, în creştere faţă de un curs de 82,43 forinţi, miercuri. Tokyo - Bursa japoneză a închis şedinţa de miercuri în scădere cu 1,50%, din cauza temerilor privind efectele majorării dobânzilor asupra evoluţiei economiei mondiale, transmite Kyodo. Indicele principal Nikkei-225 a ajuns la valoarea de 26.173,98 puncte, în scădere cu 397,89 puncte comparativ cu valoarea înregistrată la închiderea şedinţei precedente. Seul - Bursa sud-coreeană a încheiat şedinţa de miercuri în scădere cu 2,45%, indicele principal Kospi a ajuns la valoarea de 2.169,29 puncte, în scădere cu 54,57 puncte comparativ cu valoarea înregistrată la închiderea şedinţei precedente, transmite Yonhap. Shanghai - Bursa din Shanghai a închis şedinţa de miercuri în scădere cu 1,58%, indicele Shanghai Composite a ajuns la valoarea de 3.045,07 puncte, în scădere cu 48,79 puncte faţă de valoarea înregistrată la închiderea şedinţei precedente, transmite Xinhua. Hong Kong - Bursa din Hong Kong a încheiat şedinţa de miercuri în scădere cu 3,41%, indicele Hang Seng a ajuns la valoarea de 17.250,88 puncte, în scădere cu 609,43 puncte comparativ cu valoarea înregistrată la închiderea şedinţei precedente, transmite Reuters. Singapore - Bursa din Singapore a încheiat şedinţa de miercuri în scădere cu 1,55%, indicele Straits Times a ajuns la valoarea de 3.116,31 puncte, în scădere cu 49,19 puncte faţă de valoarea înregistrată la închiderea şedinţei precedente, transmite Xinhua.",
  "url": "https://www.stiripesurse.ro/evolutii-financiar-bancare-si-bursiere-in-lume-bursa-de-pe-wall-street-a-deschis-sedinta-de-miercuri-cu-evolutii-mixte_2579305.html",
  "source": "gdelt_stiripesurse.ro",
  "published_at": "2022-09-28T17:00:00+00:00",
  "collected_at": "2025-10-20T04:54:26.369348+00:00",
  "sp500_relevant": true,
  "collection_method": "gdelt_api",
  "language": "Romanian",
  "content_fetched": true
}