{
  "article_id": "04b850c186f3ae329cb6963aa231abd8",
  "headline": "This Analyst With 86 % Accuracy Rate Sees Around 21 % Upside In Chewy - Here Are 5 Stock Picks For Last Week From Wall Street Most Accurate Analysts - Axon Enterprise ( NASDAQ : AXON ), Chewy ( NYSE : CHWY ) ",
  "body": "U.S. stocks settled mixed on Friday, with S&P 500 and Nasdaq Composite hitting fresh records following the release of better-than-expected November jobs data. The S&P 500 and Nasdaq recorded gains for the third straight week, gaining 0.96% and 3.34%, respectively. However, the Dow lost 0.6% during the week. Wall Street analysts make new stock picks on a daily basis. Unfortunately for investors, not all analysts have particularly impressive track records at predicting market movements. Even when it comes to one single stock, analyst ratings and price targets can vary widely, leaving investors confused about which analyst’s opinion to trust. Benzinga’s Analyst Ratings API is a collection of the highest-quality stock ratings curated by the Benzinga news desk via direct partnerships with major sell-side banks. Benzinga displays overnight ratings changes on a daily basis three hours prior to the U.S. equity market opening. Data specialists at investment dashboard provider Toggle.ai recently uncovered that the analyst insights Benzinga Pro subscribers and Benzinga readers regularly receive can successfully be used as trading indicators to outperform the stock market. Top Analyst Picks: Fortunately, any Benzinga reader can access the latest analyst ratings on the Analyst Stock Ratings page. One of the ways traders can sort through Benzinga’s extensive database of analyst ratings is by analyst accuracy. Here’s a look at the most recent stock picks from each of the five most accurate Wall Street analysts, according to Benzinga Analyst Stock Ratings. Analyst: William Power Analyst: Doug Anmuth Analyst: Andrew Kaplowitz Analyst: Rob Owens Analyst: Mark Hughes Read More: © 2025 Benzinga.com. Benzinga does not provide investment advice. All rights reserved.",
  "url": "https://www.benzinga.com/24/12/42390276/this-analyst-with-86-accuracy-rate-sees-around-21-upside-in-chewy-here-are-5-stock-picks-for-last-week-from-wall-streets-most-accurate-analysts",
  "source": "gdelt_benzinga.com",
  "published_at": "2024-12-09T15:00:00+00:00",
  "collected_at": "2025-10-21T05:30:51.503586+00:00",
  "sp500_relevant": true,
  "collection_method": "gdelt_api",
  "language": "English",
  "content_fetched": true
}