{
  "article_id": "04baa4b23ac7efbe7d6866d7cf7e13a3",
  "headline": "Why next week inflation data means a pivotal week for U . S . stock market lies ahead",
  "body": "",
  "url": "https://www.marketwatch.com/story/too-early-to-celebrate-why-next-weeks-inflation-data-means-a-pivotal-week-for-u-s-stock-market-lies-ahead-a251ba7f",
  "source": "gdelt_marketwatch.com",
  "published_at": "2023-07-09T17:00:00+00:00",
  "collected_at": "2025-10-20T11:54:25.292123+00:00",
  "sp500_relevant": true,
  "collection_method": "gdelt_api",
  "language": "English",
  "content_fetched": false
}