{
  "article_id": "04bb2f5cd3c2f807a6fcb7c6821b79c3",
  "headline": "Chứng khoán thế giới lao dốc trong lúc chờ đợi tín hiệu từ Fed",
  "body": "",
  "url": "https://vietbao.vn/chung-khoan-the-gioi-lao-doc-trong-luc-cho-doi-tin-hieu-tu-fed-502014.html",
  "source": "gdelt_vietbao.vn",
  "published_at": "2024-08-21T04:00:00+00:00",
  "collected_at": "2025-10-21T03:26:33.533835+00:00",
  "sp500_relevant": true,
  "collection_method": "gdelt_api",
  "language": "Vietnamese",
  "content_fetched": false
}