{
  "article_id": "04bc28d1516f8b36a80a349843dc6623",
  "headline": "Dow Jones Futures : Salesforce Leads 17 Stocks Flashing Buys As Market Rally Revs Higher ; Costco , Nike Earnings Top",
  "body": "Dow Jones futures fell Friday morning, along with S&P 500 futures and Nasdaq futures, with Evergrande default fears ongoing and China banning all cryptocurrency transactions. Nike (NKE) and Costco earnings also were in focus. The stock market rally had another strong session, with the S&P 500 joining the Nasdaq in reclaiming key support while leading stocks showed strong action. Another…",
  "url": "https://www.investors.com/market-trend/stock-market-today/dow-jones-futures-market-rally-builds-momentum-salesforce-leads-stocks-flashing-buys-nike-costco-earnings/",
  "source": "gdelt_investors.com",
  "published_at": "2021-09-23T23:45:00+00:00",
  "collected_at": "2025-10-19T17:42:20.768795+00:00",
  "sp500_relevant": true,
  "collection_method": "gdelt_api",
  "language": "English",
  "content_fetched": true
}