{
  "article_id": "04bca230c324ef355cd0391c1cefc783",
  "headline": "Top stocks to buy today : Stock market recommendations for May 6 , 2025",
  "body": "The TOI Business Desk is a vigilant and dedicated team of journalists committed to delivering the latest and most relevant business news from around the world to readers of The Times of India. The primary focus of the TOI Business Desk is to keep a watchful eye on the global business landscape, covering a wide spectrum of industries, markets, economic trends, in-depth analysis, exclusive reports and breaking stories that impact businesses and economies. With a mission to provide valuable insights and updates, the desk ensures that TOI readers are well-informed about the ever-changing and dynamic world of commerce and can navigate the complexities of the business world.Read More Srinidhi Shettyâs jaw-dropping pictures Pregnant and powerful: Kiara Advaniâs Met Gala debut has everyone talking 8 Indian destinations for people who hate people Vaani Kapoor redefines grace with her modern flair in these photos Met Gala 2025: The Indian celebrities who ruled fashionâs biggest night 10 cutest senior dog pictures that will instantly make you smile Kiara Advani makes a powerful Met Gala debut with a touch of gold and a pregnancy glow 10 animals that can regrow body parts Preity Mukhundhan radiates ethereal grace in soft hues Met Gala looks ft. Ranveer Singh Determine the monthly installment amount for a loan Estimate the returns on investments made through SIPs Find out maturity amount and interest earned on PPF Check maturity amount and interest earned on an FD Estimate the pension amount and corpus accumulated under NPS A Mutual Fund Calculator helps estimate the future value of investments",
  "url": "https://timesofindia.indiatimes.com/business/india-business/top-stock-recommendations-for-may-06-2025-aurobindo-pharma-irctc-stocks-to-buy-today/articleshow/120906781.cms",
  "source": "gdelt_timesofindia.indiatimes.com",
  "published_at": "2025-05-06T02:30:00+00:00",
  "collected_at": "2025-10-21T08:35:44.467234+00:00",
  "sp500_relevant": true,
  "collection_method": "gdelt_api",
  "language": "English",
  "content_fetched": true
}