{
  "article_id": "04c8ea63e20427fc82e1711623822ff4",
  "headline": "GOOGL Stock : Google Earnings Beat , Shares Fall As Cloud Computing Growth Misses",
  "body": "",
  "url": "https://www.investors.com/news/technology/google-earnings-beat-shares-fall-as-cloud-computing-growth-misses/",
  "source": "gdelt_investors.com",
  "published_at": "2023-10-24T21:30:00+00:00",
  "collected_at": "2025-10-20T16:27:50.074876+00:00",
  "sp500_relevant": true,
  "collection_method": "gdelt_api",
  "language": "English",
  "content_fetched": false
}