{
  "article_id": "04caa92df25c9cab640215f84d21592e",
  "headline": "Evoluţii financiar - bancare şi bursiere : Bursa de pe Wall Street a închis şedinţa de vineri cu evoluţii mixte",
  "body": "Autor: Mirea Andreea Publicat: 13-02-202313-02-2023 Actualizat: 13-02-202313-02-2023 Bursa japoneză a închis şedinţa de luni în scădere cu 0,88%, pe fondul declinului acţiunilor din domeniul tehnologiei, transmite Kyodo. Indicele principal Nikkei-225 a ajuns la valoarea de 27.427,32 puncte, în scădere cu 243,66 puncte comparativ cu valoarea înregistrată la închiderea şedinţei precedente, informează Agerpres. Seul - Bursa sud-coreeană a încheiat şedinţa de luni în scădere cu 0,69%, indicele principal Kospi a ajuns la valoarea de 2.452,70 puncte, în scădere cu 17,03 puncte comparativ cu valoarea înregistrată la închiderea şedinţei precedente, transmite Yonhap. Shanghai - Bursa din Shanghai a închis şedinţa de luni în creştere cu 0,72%, indicele Shanghai Composite a ajuns la valoarea de 3.284,16 puncte, în creştere cu 23,49 puncte faţă de valoarea înregistrată la închiderea şedinţei precedente, transmite Xinhua. New York - Bursa de pe Wall Street a închis şedinţa de vineri cu evoluţii mixte, investitorii aşteptând raportul privind inflaţia transmite Reuters. Indicele Dow Jones Industrial Average s-a apreciat cu 0,5%, ajungând la valoarea de 33.869,27 puncte, în creştere cu 169,39 puncte faţă de valoarea înregistrată la închiderea şedinţei precedente. Indicele Standard and Poor's 500 s-a apreciat cu 0,22%, ajungând la valoarea de 4.090,46 puncte, în creştere cu 8,96 puncte faţă de valoarea înregistrată la închiderea şedinţei precedente. Indicele Nasdaq s-a depreciat cu 0,61%, ajungând la valoarea de 11.718,12 puncte, în scădere cu 71,46 puncte faţă de valoarea înregistrată la închiderea şedinţei precedente. La bursa New York Mercantile Exchange (Nymex), cotaţia barilului de petrol 'light sweet crude' cu livrare în luna martie a crescut cu 1,66 dolari, ajungând la închidere la valoarea de 79,72 dolari. Londra - Bursa de la Londra a închis şedinţa de vineri în scădere cu 0,36%, indicele principal FTSE-100 a ajuns la valoarea de 7.882,45 puncte, în scădere cu 28,70 puncte comparativ cu valoarea înregistrată la închiderea şedinţei precedente, transmite Reuters. La bursa ICE Futures, cotaţia barilului de petrol Brent din Marea Nordului cu livrare în luna aprilie a crescut cu 1,89 dolari, ajungând la închidere la valoarea de 86,39 dolari. Frankfurt - Bursa de la Frankfurt a închis şedinţa de vineri în scădere cu 1,39%, indicele principal DAX 40 a ajuns la valoarea de 15.307,98 puncte, în scădere cu 215,44 puncte comparativ cu valoarea înregistrată la închiderea şedinţei precedente, transmite Reuters. Paris - Bursa de la Paris a închis şedinţa de vineri în scădere cu 0,82%, indicele principal CAC 40 a ajuns la valoarea de 7.129,73 puncte, în scădere cu 58,63 puncte comparativ cu valoarea înregistrată la închiderea şedinţei precedente, transmite Reuters. Budapesta - Cursul oficial al Băncii Centrale a Ungariei valabil pentru ziua de luni este de 363,58 forinţi pentru un dolar, în creştere faţă de un curs de 357,79 forinţi vineri, transmite MTI. Moneda euro este cotată la 388,18 forinţi, în creştere faţă de un curs de 385,13 forinţi, vineri, iar un leu românesc este cotat la 79,41 forinţi, în creştere faţă de un curs de 78,80 forinţi, vineri. Bursa din Budapesta a închis şedinţa de vineri în creştere cu 0,15%, indicele BUX a ajuns la valoarea de 46.007,11 puncte. Valoarea tranzacţiilor s-a ridicat la 6,4 miliarde de forinţi (16,6 milioane de euro).",
  "url": "https://www.stiripesurse.ro/evolutii-financiar-bancare-si-bursiere-bursa-de-pe-wall-street-a-inchis-sedinta-de-vineri-cu-evolutii-mixte_2788865.html",
  "source": "gdelt_stiripesurse.ro",
  "published_at": "2023-02-13T10:45:00+00:00",
  "collected_at": "2025-10-20T08:39:34.394300+00:00",
  "sp500_relevant": true,
  "collection_method": "gdelt_api",
  "language": "Romanian",
  "content_fetched": true
}