{
  "article_id": "04cc861bcee6ae6a890cc644b8027587",
  "headline": "Meet the 15 Dow Jones Stocks That Combined for Over $150 Billion in Dividends in 2024 and Will All Likely Boost Their Payouts Again in 2025",
  "body": "The Dow Jones Industrial Average (^DJI 1.12%) is composed of 30 industry-leading blue-chip businesses that represent the broader market. Many of these companies also pay growing dividends. Here's a look at the 15 Dow components that paid the most dividends in 2024 -- combining for more than $150 billion in total -- and the benefits of investing in quality dividend-paying companies over the long term. Image source: Getty Images. In order to raise its dividend payouts year after year, a company must steadily grow its earnings. In this vein, a track record of annual dividend hikes paired with a healthy balance sheet is a sign of a strong business. The following Dow stocks have all raised their dividends for at least 10 consecutive years. Company Trailing 12-Month Dividends Paid Dividend Yield Consecutive Dividend Increases McDonald's (NYSE: MCD) $4.81 billion 2.3% 48 years International Business Machines (NYSE: IBM) $6.12 billion 3% 29 years Cisco Systems (NASDAQ: CSCO) $6.4 billion 2.7% 14 years Walmart (NYSE: WMT) $6.54 billion 0.9% 51 years UnitedHealth Group (NYSE: UNH) $7.34 billion 1.6% 15 years Merck (NYSE: MRK) $7.75 billion 3.1% 12 years Coca-Cola (KO 0.12%) $8.15 billion 3.2% 62 years The Home Depot (HD -0.78%) $8.77 billion 2.3% 15 years Procter & Gamble (PG 0.37%) $9.47 billion 2.5% 68 years Verizon Communications (NYSE: VZ) $11.19 billion 6.8% 18 years Johnson & Johnson (NYSE: JNJ) $11.7 billion 3.4% 62 years Chevron (NYSE: CVX) $11.7 billion 4.4% 37 years JPMorgan Chase (NYSE: JPM) $14.35 billion 2% 13 years Apple (AAPL 3.95%) $15.23 billion 0.4% 13 years Microsoft (MSFT 0.57%) $22.3 billion 0.7% 15 years Data sources: YCharts, McDonald's, IBM, Cisco, Walmart, UnitedHealth, Merck, Coca-Cola, Home Depot, Procter & Gamble, Verizon, Johnson & Johnson, Chevron, JPMorgan Chase, Apple, and Microsoft. Yields for share prices from Jan. 7. However, there are plenty of examples of companies that have faced prolonged periods of slowing or stagnating growth, but kept raising their dividends anyway until the expense became financially damaging and management had to cut the dividend. This happened with Dow component 3M (MMM 1.42%), which cut its payout last year. But that ended up being the right decision, as it freed up capital for 3M to accelerate its turnaround. Investors cheered the cut, and the stock shot up 41.2% in 2024 -- outperforming the Nasdaq Composite, S&P 500, and Dow Jones. In sum, a track record of dividend hikes doesn't automatically mean a stock is a passive income powerhouse or worth buying. The dividend is an integral part of the investment thesis for some companies. For others, it's like a bonus on top of a compelling growth story. Apple and Microsoft are good examples of dividend growth stocks. They both continue to raise their dividends each year. And due to their size, they pay out larger total amounts of dividends than any other U.S. companies. They also repurchase a lot of their own shares. However, the key thing that makes them attractive as investments is the potential for capital gains driven by business growth. By comparison, the dividend is a key piece of the investment thesis for Coca-Cola and Procter & Gamble. Both companies have raised their dividends for more than 50 straight years, earning them the coveted status of Dividend King. Both companies also have recession-resistant business models, which partially insulate their earnings from economic cycles, especially compared to more cyclical companies. They can be ultra-reliable sources of passive income no matter what the broader stock market is doing. Investing in industry-leading dividend-paying companies can be a great way to participate in the stock market while boosting your passive income stream. Risk-averse investors may prefer to go with global companies with multidecade track records of divined increases, whereas growth-oriented investors prefer options like Apple or Microsoft. One can also take the middle ground with a company like Home Depot, which has a solid yield, has made sizable payout raises in recent years, and has an excellent track record of outperforming the broader market over the long term. The Dow Jones index serves as a useful repository of dividend stocks that investors can use as a starting point. However, it's important to do your own research as well so you truly understand what a company does and why you want to own it. This way, you can have the conviction to hold it through periods of volatility.",
  "url": "https://www.fool.com/investing/2025/01/12/dow-jones-dividend-stocks-buy-2025-passive-income/",
  "source": "gdelt_fool.com",
  "published_at": "2025-01-12T13:15:00+00:00",
  "collected_at": "2025-10-21T06:10:10.023989+00:00",
  "sp500_relevant": true,
  "collection_method": "gdelt_api",
  "language": "English",
  "content_fetched": true
}