{
  "article_id": "04cd234fff114b9c2f109366162dddff",
  "headline": "Elf Beauty Stock Soars On Higher Outlook After Earnings Nearly Triple",
  "body": "",
  "url": "https://www.investors.com:443/news/elf-beauty-stock-elf-beauty-earnings-q1/",
  "source": "gdelt_investors.com",
  "published_at": "2023-08-01T21:45:00+00:00",
  "collected_at": "2025-10-20T12:23:32.226024+00:00",
  "sp500_relevant": true,
  "collection_method": "gdelt_api",
  "language": "English",
  "content_fetched": false
}