{
  "article_id": "04ce7938d1a1e49b2cc9802cb44f53df",
  "headline": "3 Ways Dividend Stocks Can Help You Survive a Stock Market Crash",
  "body": "",
  "url": "https://omaha.com/business/investment/personal-finance/3-ways-dividend-stocks-can-help-you-survive-a-stock-market-crash/article_7ed00bb4-f063-5f96-95e6-dac6913d961f.html",
  "source": "gdelt_omaha.com",
  "published_at": "2021-02-22T12:30:00+00:00",
  "collected_at": "2025-10-19T10:35:25.956089+00:00",
  "sp500_relevant": true,
  "collection_method": "gdelt_api",
  "language": "English",
  "content_fetched": false
}