{
  "article_id": "04ce4505735d50ac7a029eb6d698f01f",
  "headline": "Dow Jones lập kỷ lục mới trước khả năng Fed giảm lãi suất trong năm 2024",
  "body": "",
  "url": "https://baomoi.com/dow-jones-lap-ky-luc-moi-truoc-kha-nang-fed-giam-lai-suat-trong-nam-2024-c47804826.epi",
  "source": "gdelt_baomoi.com",
  "published_at": "2023-12-14T02:15:00+00:00",
  "collected_at": "2025-10-20T21:36:00.896451+00:00",
  "sp500_relevant": true,
  "collection_method": "gdelt_api",
  "language": "Vietnamese",
  "content_fetched": false
}