{
  "article_id": "04cfd3a1ca6ad53bb35623c8715dfa63",
  "headline": "Dow Jones Futures Loom : Time To Buy These 5 Stocks Amid Market Pullback ? ",
  "body": "",
  "url": "https://www.investors.com/market-trend/stock-market-today/dow-jones-futures-time-to-buy-these-5-stocks-amid-market-pullback/",
  "source": "gdelt_investors.com",
  "published_at": "2023-06-25T19:00:00+00:00",
  "collected_at": "2025-10-20T11:39:57.457575+00:00",
  "sp500_relevant": true,
  "collection_method": "gdelt_api",
  "language": "English",
  "content_fetched": false
}