{
  "article_id": "04d4ac99e066d732934355d7f806c7b5",
  "headline": "英伟达市值超越俄罗斯GDP ， 相当于全球GDP第12位丨看天下",
  "body": "è±ä¼è¾¾ççç®æ¯âå¯å¯æå½âäºââç®åï¼è±ä¼è¾¾å¸å¼å·²ç»è¶ è¿äºä¿ç½æ¯ãé©å½åæ¾³å¤§å©äºç­å½å®¶çç»æµè§æ¨¡ã ç¾ä¸æ¶é´26æ¥ï¼è±ä¼è¾¾è¡ç¥¨æ¶äº790.92ç¾å ï¼å¸å¼è¾¾å°1.98ä¸äº¿ç¾å ãæ ¹æ®ç¦å¸æ¯ç¼è¾çå½é è´§å¸åºéç»ç»ï¼IMFï¼2æä»½åå¸çæ°æ®ï¼è¿ä¸æ°å­è¶ è¿äºä¸çä¸é¤11ä¸ªå½å®¶ä»¥å¤çææå½å®¶çGDPï¼å æ¬ä¿ç½æ¯ãé©å½åæ¾³å¤§å©äºç­ã å½ç¶ï¼å°ä¸åªè¡ç¥¨çå¸å¼ä¸ä¸ä¸ªå½å®¶çGDPè¿è¡æ¯è¾å¹¶ä¸æ¯ä¸ç§ç§å­¦çåæ³ãä½è¿ç§å¯¹æ¯è³å°å¯ä»¥è®©äººçåãå ·ä½å°æåå°ï¼è±ä¼è¾¾çè¿ éå´èµ·ã 2024å¹´ä»¥æ¥ï¼è±ä¼è¾¾çè¡ä»·ä¸æ¶¨è¶ è¿60%ï¼èå¨2023å¹´å®å·²ç»æ¶¨äºä¸¤åå¤ãå®çå¸å¼å åè¶ è¿äºé©¬éãè°·æ­ï¼è¾¾å°æ¥è¿2ä¸äº¿ç¾éï¼æä¸ºç¾è¡ç¬¬ä¸ãå ¨çç¬¬åå¤§å ¬å¸ã è¿èåï¼å¾çäºAIå¤§æ¨¡åä»¥åSoraçå¼ºå¿å¢é¿ã å¨ChatGPTäº2022å¹´10æåºè¯çä¹åï¼è±ä¼è¾¾çè¡ä»·è·å°äº108ç¾å ã 2022å¹´11æï¼ChatGPTæ¨ªç©ºåºä¸ï¼ä½ä¸ºä¸ç§åºç¨å¨å¯¹è¯åºæ¯çå¤§è¯­è¨æ¨¡åï¼å®å¯ä»¥åç­é®é¢ãæç»ä¸éå½çè¯·æ±ï¼åæ¶æ¥ææè³çæç»´é¾æ¨çè½ååé¶æ ·æ¬ä¸å¤çé®é¢è½åãåå å¤©Soraçé®ä¸æ´æ¯è®©è¡ä¸ç¬é´æ²¸è ¾ï¼æ ¹æ®æå­å°±è½çäº§åºé¿è¾¾1åéçé«è´¨éç­è§é¢ï¼äººä»¬å¯¹AIçè§£ç©çä¸çåæäºæ°çæå¾ ï¼è¶æ¥è¶å¤çäººæèº«AIå¤§æ¨¡ååä¸å¤§åè¿è¡âæ·éâã å¦æè¯´å¤§æ¨¡åæ¯æ·éç­ï¼é£ä¹è±ä¼è¾¾å°±æ¯åé²äººãä½ä¸ºåºå±ç®åçæä¾æ¹ï¼è±ä¼è¾¾çè¡ä»·å¨ä¸å¹´å¤æ¶é´éæ¶¨äº6åã å ä¸è¯´åä¸è è½æé åºå¤å°å®ç¨çå¤§æ¨¡åäº§åï¼è³å°é±å è®©è±ä¼è¾¾èµå°äºãè±ä¼è¾¾çæ¶å ¥ï¼å¤§çº¦æä¸åæ¥èªæ¶è´¹äºèç½å ¬å¸ï¼å¦ä¸åæ¥èªäºååã å®é ä¸ï¼è±ä¼è¾¾è¡ä»·å·²ä¸æ¯ç¬¬ä¸æ¬¡è¶çææ¯èµè½çä¸é£ç«ç®­è¬ä¸æ¶¨äºãæ©å¨2016å¹´ï¼è°·æ­çAlphaGoæèäºé©å½å´æ£é«ææä¸ç³ãä¸å¤§æ¹å ¬å¸è¿åäººå·¥æºè½ï¼å å¤§æ·±åº¦å­¦ä¹ ç ç©¶ãå½æ¶ï¼äºååçº·çº·å¨èªå·±çäºå¹³å°é¨ç½²è±ä¼è¾¾GPUï¼ä»¥å¢å¼ºè®¡ç®è½åãç¾å½çå ä¸ªç§æå·¨å¤´ï¼ä»¥åä¸­å½çBATï¼é½æä¸ºè±ä¼è¾¾çå®¢æ·ã2017å¹´ï¼è±ä¼è¾¾æä¸ºå ¨çæå¤§çç¬ç«GPUååï¼å æ®70%çå¸åºä»½é¢ï¼è¡ä»·æ¯2015å¹´æ¶¨8åï¼ å ¶å®è¿æ¯ç§æåé©å¸¦æ¥è¡ä¸æ ¼å±ååçä¸ä¸ªç¼©å½±ââæ¯ä¸è½®ç§æåé©ï¼å¾å¾é½ä»ç¡¬ä»¶å¼å§ã20å¤å¹´åæ¯æç§ï¼10å¹´åæ¯è¹æï¼ä»å¤©æ¯è±ä¼è¾¾ã ä»¥æç§ä¸ºä¾ï¼20ä¸çºª90å¹´ä»£æ«äºèç½å¤§æ½®ï¼å²å¨åé¢çæ¯æç§è·¯ç±å¨ãå®å¯¹å¤è®²çä¹æ¯äºèç½ç¡¬ä»¶çæ äºï¼ä¸åº¦å æ®ç½ç»è·¯ç±å¨è¶ è¿80%çå¸åºä»½é¢ãä¸è¿ï¼2001å¹´äºèç½æ³¡æ²«ç ´ç­ï¼æç§çè¡ä»·è·å»ä¸åä¹äºï¼è³ä»åæªè¾¾å°å½å¹´é«ç¹ã è¿ä¹è®©ä¸å°äººä¸ºè±ä¼è¾¾æ å¿§ï¼ä»ä»¬è®¤ä¸ºAIå¬çäºæ³¡æ²«ãå½æ ¹å°åºï¼è±ä¼è¾¾çä¸ç»©åè¡ä»·ï¼å®å ¨å»ºç«å¨äººä»¬å¯¹AIæ¶ä»£çä¿¡ä»°ä¸ãå¦æè¿ä¸ªä¿¡ä»°æªè½è½å°ï¼é£ä¹ï¼è±ä¼è¾¾çå½è¿èªç¶ä¹ä¸è¨èå»ã åæ¶ï¼è±ä¼è¾¾ä¹é¢ä¸´çæ¥èªè¡ä¸çææãå¾®è½¯æ­£å¨ç åä¸æ¬¾æ°çç½å¡äº§åï¼ä»¥æé«å ¶AIè¯çMaiaçæ§è½ï¼æç»è¾¾å°åå°å¯¹è±ä¼è¾¾äº§åä¾èµçç®çãAMDãè±ç¹å°ç­ä¹å¨å¥åç åï¼ç¸ç»§æ¨åºç´æ¥å¯¹æ è±ä¼è¾¾H100çäº§åã æä»¥ï¼AIå¸¦æ¥çâæ³¼å¤©å¯è´µâè±ä¼è¾¾è½å¦å®ä½ï¼è¿æ¯æªç¥æ°ã æï½è®°è å·ç½å¾ï½ç½ç»",
  "url": "https://news.ycwb.com/2024-02/27/content_52523618.htm",
  "source": "gdelt_news.ycwb.com",
  "published_at": "2024-02-27T00:45:00+00:00",
  "collected_at": "2025-10-20T23:11:48.477381+00:00",
  "sp500_relevant": true,
  "collection_method": "gdelt_api",
  "language": "Chinese",
  "content_fetched": true
}