{
  "article_id": "04d7a5b7b94c0d5e349442dc1659f806",
  "headline": "Chứng khoán Mỹ  bừng tỉnh , Dow Jones bật tăng hơn 900 điểm sau quyết định tăng lãi suất của Fed",
  "body": "",
  "url": "https://cafef.vn/chung-khoan-my-bung-tinh-dow-jones-bat-tang-hon-900-diem-sau-quyet-dinh-tang-lai-suat-cua-fed-20220505050057649.chn",
  "source": "gdelt_cafef.vn",
  "published_at": "2022-05-04T23:00:00+00:00",
  "collected_at": "2025-10-19T22:42:39.334122+00:00",
  "sp500_relevant": true,
  "collection_method": "gdelt_api",
  "language": "Vietnamese",
  "content_fetched": false
}