{
  "article_id": "04da18459c02e35646f56b3ec0182d7b",
  "headline": "Dow Jones Rallies Amid Rising Jobless Claims ; Bitcoin Surges Above $23 , 000",
  "body": "The Dow Jones Industrial Average briefly rallied more than 150 points Thursday amid stimulus hopes and rising jobless claims. The price of Bitcoin surged above $23,000, while Roku stock jumped 6% on a streaming deal with HBO Max. Shopify added to Wednesday's breakout move. Among the Dow Jones leaders, Apple (AAPL) rallied 0.9%, while Microsoft (MSFT) moved down 0.2% in…",
  "url": "https://www.investors.com/market-trend/stock-market-today/dow-jones-stock-market-rally-bitcoin-price-roku-stock-shopify-stock-apple-tesla/",
  "source": "gdelt_investors.com",
  "published_at": "2020-12-17T16:15:00+00:00",
  "collected_at": "2025-10-19T09:25:29.557003+00:00",
  "sp500_relevant": true,
  "collection_method": "gdelt_api",
  "language": "English",
  "content_fetched": true
}