{
  "article_id": "04dc6d839a58f5455d5d4021a29b72f9",
  "headline": "Investors more bullish on L3Harris Technologies ( NYSE : LHX ) this week as stock ascends 4 . 4 %, despite earnings trending downwards over past five years",
  "body": "If you buy and hold a stock for many years, you'd hope to be making a profit. But more than that, you probably want to see it rise more than the market average. Unfortunately for shareholders, while the L3Harris Technologies, Inc. (NYSE:LHX) share price is up 21% in the last five years, that's less than the market return. Looking at the last year alone, the stock is up 9.9%. Since the stock has added US$1.7b to its market cap in the past week alone, let's see if underlying performance has been driving long-term returns. See our latest analysis for L3Harris Technologies While markets are a powerful pricing mechanism, share prices reflect investor sentiment, not just underlying business performance. One imperfect but simple way to consider how the market perception of a company has shifted is to compare the change in the earnings per share (EPS) with the share price movement. L3Harris Technologies' earnings per share are down 4.4% per year, despite strong share price performance over five years. Since EPS is down a bit, and the share price is up, it's probably that the market previously had some concerns about the company, but the reality has been better than feared. In the long term, though, it will be hard for the share price rises to continue without improving EPS. The graphic below depicts how EPS has changed over time (unveil the exact values by clicking on the image). It's probably worth noting we've seen significant insider buying in the last quarter, which we consider a positive. That said, we think earnings and revenue growth trends are even more important factors to consider. It might be well worthwhile taking a look at our free report on L3Harris Technologies' earnings, revenue and cash flow. It is important to consider the total shareholder return, as well as the share price return, for any given stock. Whereas the share price return only reflects the change in the share price, the TSR includes the value of dividends (assuming they were reinvested) and the benefit of any discounted capital raising or spin-off. Arguably, the TSR gives a more comprehensive picture of the return generated by a stock. In the case of L3Harris Technologies, it has a TSR of 33% for the last 5 years. That exceeds its share price return that we previously mentioned. This is largely a result of its dividend payments! L3Harris Technologies shareholders gained a total return of 13% during the year. But that was short of the market average. On the bright side, that's still a gain, and it's actually better than the average return of 6% over half a decade This could indicate that the company is winning over new investors, as it pursues its strategy. While it is well worth considering the different impacts that market conditions can have on the share price, there are other factors that are even more important. Even so, be aware that L3Harris Technologies is showing 3 warning signs in our investment analysis , and 1 of those can't be ignored... L3Harris Technologies is not the only stock that insiders are buying. For those who like to find winning investments this free list of growing companies with recent insider purchasing, could be just the ticket. Please note, the market returns quoted in this article reflect the market weighted average returns of stocks that currently trade on American exchanges. Have feedback on this article? Concerned about the content? Get in touch with us directly. Alternatively, email editorial-team (at) simplywallst.com.This article by Simply Wall St is general in nature. We provide commentary based on historical data and analyst forecasts only using an unbiased methodology and our articles are not intended to be financial advice. It does not constitute a recommendation to buy or sell any stock, and does not take account of your objectives, or your financial situation. We aim to bring you long-term focused analysis driven by fundamental data. Note that our analysis may not factor in the latest price-sensitive company announcements or qualitative material. Simply Wall St has no position in any stocks mentioned.",
  "url": "https://finance.yahoo.com/news/investors-more-bullish-l3harris-technologies-130012108.html",
  "source": "gdelt_finance.yahoo.com",
  "published_at": "2024-04-27T13:45:00+00:00",
  "collected_at": "2025-10-21T00:39:57.953491+00:00",
  "sp500_relevant": true,
  "collection_method": "gdelt_api",
  "language": "English",
  "content_fetched": true
}