{
  "article_id": "04de9beb72a253d695e2b501aa0f8df3",
  "headline": "Thị trường chứng khoán Việt Nam nâng hạng : Nasdaq khẳng định sẵn sàng đồng hành",
  "body": "",
  "url": "https://baochinhphu.vn/thi-truong-chung-khoan-viet-nam-nang-hang-nasdaq-khang-dinh-san-sang-dong-hanh-102251009140517371.htm",
  "source": "gdelt_baochinhphu.vn",
  "published_at": "2025-10-09T09:00:00+00:00",
  "collected_at": "2025-10-21T12:13:38.423595+00:00",
  "sp500_relevant": true,
  "collection_method": "gdelt_api",
  "language": "Vietnamese",
  "content_fetched": false
}