{
  "article_id": "04de5546c235b637f797cbe95b664a34",
  "headline": "3 Cathie Wood Charts That Show Why the Stock Market Feels Crazy Right Now",
  "body": "",
  "url": "https://omaha.com/business/investment/personal-finance/3-cathie-wood-charts-that-show-why-the-stock-market-feels-crazy-right-now/article_3900e456-684b-5919-8161-a0e890c3be81.html",
  "source": "gdelt_omaha.com",
  "published_at": "2021-12-26T13:30:00+00:00",
  "collected_at": "2025-10-19T19:28:02.758115+00:00",
  "sp500_relevant": true,
  "collection_method": "gdelt_api",
  "language": "English",
  "content_fetched": false
}