{
  "article_id": "04e55bf4bf7e0b86317fd245cc2e4177",
  "headline": "道瓊期指跌逾300點 疫情+Fed退場+北京監管三重 「 揍 」 | 國際焦點 | 國際",
  "body": "",
  "url": "https://money.udn.com/money/story/5599/5685335",
  "source": "gdelt_money.udn.com",
  "published_at": "2021-08-19T09:15:00+00:00",
  "collected_at": "2025-10-19T16:38:25.075616+00:00",
  "sp500_relevant": true,
  "collection_method": "gdelt_api",
  "language": "Chinese",
  "content_fetched": false
}