{
  "article_id": "04e6e3ed7e8d7fee6e26a5f35bdb2eb9",
  "headline": "12 Consumer Discretionary Stocks Moving In Friday After - Market Session - BJ Restaurants ( NASDAQ : BJRI ), Color Star Tech ( NASDAQ : ADD ) ",
  "body": "This article was generated by Benzinga's automated content engine and reviewed by an editor. © 2025 Benzinga.com. Benzinga does not provide investment advice. All rights reserved.",
  "url": "https://www.benzinga.com/insights/movers/24/03/37901646/12-consumer-discretionary-stocks-moving-in-fridays-after-market-session",
  "source": "gdelt_benzinga.com",
  "published_at": "2024-03-22T22:45:00+00:00",
  "collected_at": "2025-10-20T23:43:43.746082+00:00",
  "sp500_relevant": true,
  "collection_method": "gdelt_api",
  "language": "English",
  "content_fetched": true
}