{
  "article_id": "04edbc7cf2cc2dfd9ffd010556f4cba8",
  "headline": "Asian Stocks to Rise in Risk - On Trade Ahead of Fed : Markets Wrap",
  "body": "",
  "url": "https://www.bnnbloomberg.ca/asian-stocks-to-rise-in-risk-on-trade-ahead-of-fed-markets-wrap-1.1898667",
  "source": "gdelt_bnnbloomberg.ca",
  "published_at": "2023-03-22T02:45:00+00:00",
  "collected_at": "2025-10-20T09:27:28.544803+00:00",
  "sp500_relevant": true,
  "collection_method": "gdelt_api",
  "language": "English",
  "content_fetched": false
}