{
  "article_id": "04ed3bad1d604b30faa72e2c61a55786",
  "headline": "Dow Jones Futures : What To Do Ahead Of Fed Decision ; Walmart Dives On Profit Guidance Cut",
  "body": "Dow Jones futures were squarely lower following Monday's stock market action. The Federal Reserve's two-day meeting will kick off Tuesday, followed by an interest-rate policy decision Wednesday afternoon. Late Monday, Apple chipmaker NXP Semiconductors (NXPI) reported strong Q2 results, but the stock still fell almost 2% in extended trade. NXP shares are forming a new base after a sharp rebound…",
  "url": "https://www.investors.com/market-trend/stock-market-today/dow-jones-futures-what-to-do-ahead-of-fed-decision-walmart-dives-on-profit-guidance-cut/",
  "source": "gdelt_investors.com",
  "published_at": "2022-07-25T21:30:00+00:00",
  "collected_at": "2025-10-20T02:40:26.284079+00:00",
  "sp500_relevant": true,
  "collection_method": "gdelt_api",
  "language": "English",
  "content_fetched": true
}