{
  "article_id": "04f409f21c2685706d199e8dc7444c6d",
  "headline": "S _ xB7 _ 나스닥  사상 최고 … CPI 호조에 9월 금리인하 확률 94 %[ 뉴욕마감 ] ",
  "body": "",
  "url": "https://www.fnnews.com/news/202508130602531113",
  "source": "gdelt_fnnews.com",
  "published_at": "2025-08-13T03:45:00+00:00",
  "collected_at": "2025-10-21T10:28:59.874597+00:00",
  "sp500_relevant": true,
  "collection_method": "gdelt_api",
  "language": "Korean",
  "content_fetched": false
}