{
  "article_id": "04f6633f257086aaf2de5cb5f189f8d9",
  "headline": "PayPal : A 2024 Turnaround Story ( NASDAQ : PYPL ) ",
  "body": "JasonDoiy JasonDoiy If 2021 was the sin, 2022 was the comeuppance and 2023 was the revival. Or in sporting terms, if 2021 was the penalty, 2022 was the time-out and 2023 was the re-entry. Many stocks have been forgiven for their 2021 overvaluation sins with This article was written by Analystâs Disclosure:I/we have a beneficial long position in the shares of META, PYPL either through stock ownership, options, or other derivatives. I wrote this article myself, and it expresses my own opinions. I am not receiving compensation for it (other than from Seeking Alpha). I have no business relationship with any company whose stock is mentioned in this article. Seeking Alpha's Disclosure: Past performance is no guarantee of future results. No recommendation or advice is being given as to whether any investment is suitable for a particular investor. Any views or opinions expressed above may not reflect those of Seeking Alpha as a whole. Seeking Alpha is not a licensed securities dealer, broker or US investment adviser or investment bank. Our analysts are third party authors that include both professional investors and individual investors who may not be licensed or certified by any institute or regulatory body.",
  "url": "https://seekingalpha.com/article/4661686-paypal-a-2024-turnaround-story",
  "source": "gdelt_seekingalpha.com",
  "published_at": "2024-01-08T15:15:00+00:00",
  "collected_at": "2025-10-20T22:18:30.478491+00:00",
  "sp500_relevant": true,
  "collection_method": "gdelt_api",
  "language": "English",
  "content_fetched": true
}