{
  "article_id": "04fba47585d5355c5ac778b606883579",
  "headline": "12 Health Care Stocks Moving In Friday Pre - Market Session - Corvus Pharma ( NASDAQ : CRVS ), BioXcel Therapeutics ( NASDAQ : BTAI ) ",
  "body": "This article was generated by Benzinga's automated content engine and reviewed by an editor. © 2025 Benzinga.com. Benzinga does not provide investment advice. All rights reserved.",
  "url": "https://www.benzinga.com/insights/movers/24/02/37032451/12-health-care-stocks-moving-in-fridays-pre-market-session",
  "source": "gdelt_benzinga.com",
  "published_at": "2024-02-09T13:45:00+00:00",
  "collected_at": "2025-10-20T22:54:51.661940+00:00",
  "sp500_relevant": true,
  "collection_method": "gdelt_api",
  "language": "English",
  "content_fetched": true
}