{
  "article_id": "04fe03d46bab922c51bf26cde9e38885",
  "headline": "Let Abandon These 4 Stock Market Myths for a More Profitable Future",
  "body": "",
  "url": "https://www.stltoday.com/business/investment/personal-finance/lets-abandon-these-4-stock-market-myths-for-a-more-profitable-future/article_9e067148-2cf3-508e-b335-706e4074d77e.html",
  "source": "gdelt_stltoday.com",
  "published_at": "2021-05-01T16:15:00+00:00",
  "collected_at": "2025-10-19T11:28:06.736306+00:00",
  "sp500_relevant": true,
  "collection_method": "gdelt_api",
  "language": "English",
  "content_fetched": false
}