{
  "article_id": "0507b8cf86cdffde4d966fcf17e44e08",
  "headline": "4 Ways to Protect Your Money From a Stock Market Crash",
  "body": "The stock market has taken a tumble recently, officially entering correction territory earlier this month. While many investors might be concerned that this downturn could turn into a full-blown crash, nobody can say for certain whether or not that will happen. But that doesn't mean you can't prepare just in case. By taking these four steps, you can ensure you're as ready as possible no matter what happens. Image source: Getty Images. Diversifying your investments involves owning a wide variety of stocks from multiple industries. While the majority of stocks will be able to survive a market crash, not all of them will. By owning a broad selection of stocks, you can limit your risk. There's no set number of investments you should own, but most experts recommend at least 25 to 30 stocks from a variety of industries. This way, if one or two of your stocks don't survive a downturn, it won't sink your entire portfolio. Asset allocation refers to how much of your portfolio is allocated to stocks versus bonds. Stocks generally earn higher returns than bonds, but they also carry higher risk and are often hit harder during market downturns. If you still have decades before you plan to retire, it's wise to put the majority of your money toward stocks. Even if your portfolio is heavily affected by a downturn, you still have plenty of time to let your investments recover. On the other hand, if you're nearing retirement age, you might want to allocate more of your portfolio toward bonds. You'll likely earn lower average returns with bonds, but your retirement fund won't be hit as hard if the market crashes. Market volatility is difficult to stomach for even the most experienced investors, but it's important to remain as calm as possible and avoid making any rash decisions -- such as pulling your money out of the market or stopping investing altogether. Investing in the stock market is a long-term strategy. It's normal to see ups and downs in the short term, but over decades, the market has a history of earning positive average returns. ^SPX data by YCharts. The best thing you can do right now, then, is to sit tight, wait it out, and hold your investments regardless of what the market is doing. Even if there's more volatility on the way, the market will eventually recover. With the right mix of investments, it's extremely likely your portfolio will recover from a stock market crash. Again, not all stocks will survive periods of volatility, but the ones that are most likely to pull through are strong companies with solid underlying business fundamentals. Factors like healthy financials, a competent leadership team, and a strong competitive advantage give these companies a better chance of surviving market turbulence. The more of these stocks you have in your portfolio, the better off you'll be if the market takes a turn for the worse. The stock market might be daunting right now, but that doesn't mean you shouldn't invest. By taking a few precautions, you can rest easier knowing your money is protected -- no matter what the future holds for the market.",
  "url": "https://www.fool.com/investing/2022/05/14/4-ways-to-protect-your-money-stock-market-crash/?source=iedfolrf0000001",
  "source": "gdelt_fool.com",
  "published_at": "2022-05-14T11:00:00+00:00",
  "collected_at": "2025-10-19T23:16:47.602857+00:00",
  "sp500_relevant": true,
  "collection_method": "gdelt_api",
  "language": "English",
  "content_fetched": true
}