{
  "article_id": "05086b8b1b5bf89fa5eb1860f74bdf22",
  "headline": "CH - Eröffnung : Freundlicher Start nach Fed - Protokollen",
  "body": "",
  "url": "https://www.finanznachrichten.de/nachrichten-2021-04/52516491-ch-eroeffnung-freundlicher-start-nach-fed-protokollen-095.htm",
  "source": "gdelt_finanznachrichten.de",
  "published_at": "2021-04-08T08:30:00+00:00",
  "collected_at": "2025-10-19T11:03:55.085170+00:00",
  "sp500_relevant": true,
  "collection_method": "gdelt_api",
  "language": "German",
  "content_fetched": false
}