{
  "article_id": "050aae116cf6a622b59ad6c8b6e3b70d",
  "headline": "Will Stock Market Be Open Tomorrow ?; Check Timings & What Is Saturday Special Session On May 18",
  "body": "He is working as Chief Sub Editor with India.com and has experience in Digital Media and YouTube. He has covered Budget 2023, 2024, 2025 for reputed channels. Born and brought up in Mumbai, he is an e ... Read More",
  "url": "https://www.india.com/business/will-stock-market-be-open-tomorrow-check-timings-what-is-saturday-special-session-on-may-18-6936576/",
  "source": "gdelt_india.com",
  "published_at": "2024-05-17T08:45:00+00:00",
  "collected_at": "2025-10-21T01:13:16.817714+00:00",
  "sp500_relevant": true,
  "collection_method": "gdelt_api",
  "language": "English",
  "content_fetched": true
}