{
  "article_id": "050c62feeeab6a6a632816b915a95495",
  "headline": "Who will win US election : Predictions , results , Trump , Biden , stock market",
  "body": "With two days to go until the US Presidential election, a shift in the stock market has given pundits a key indication of who is going to win. Don't miss out on the headlines from World. Followed categories will be added to My News. With two days to go until the US Presidential election, a shift in the stock market has given a key indication of who is going to win. The S&P 500 indicator has fallen 0.04 per cent in the period between July 31 and October 31. The result means that the market is forecasting the Democratic leader, Joe Biden, will win the election, beating current US President Donald Trump on Tuesday, according to CFRA Research’s Presidential Predictor. The stock market has a reliable track record of predicting whether an incumbent is likely to be voted out. Since World War II, there’s an 88 per cent likelihood the President will be voted out when the S&P has fallen in the three months leading up to the Presidential election, according to CNN. Conversely, when the S&P 500 sees a rise over the same period, the President has been re-elected 82 per cent of the time. RELATED: ‘It’s terrible’: Trump explodes in rant RELATED: The US state that could decide election Previously the stock market had favoured Mr Trump to win the election — but on Friday the S&P 500 fell 1.2 per cent. The fall sent stocks into negative percentage points and according to the analysis, gives a hair thin margin to Mr Biden. “This year, the Predictor closed ever so slightly in the red during this three-month period, implying, but not guaranteeing, that Biden will emerge victorious,” Sam Stoval, the chief investment strategist from CFRA told CNN. The S&P 500 is a stock market index that measures the stock performance of the 500 large publicly listed US companies. The prediction matches other forecasts from Wall Street, including an analysis from Goldman Sachs which predicted a “blue wave” of support for Democrats, giving the Party control over the House of Representatives and the Senate. RELATED: Landslide predicted by US election polls RELATED: Fauci unloads on White House “Such a blue wave would likely prompt us to upgrade our forecasts,” Jan Hatzius wrote, chief economist from Goldman Sachs wrote last month. He said Democrat control of the House and Senate would release stimulus funds which could be positive for the market. Strategists from JPMorgan wrote in July of this year they believed a Biden win could be neutral to positive for the markets. “The consensus view is that a Democrat victory in November will be a negative for equities. However, we see this outcome as neutral to slightly positive,” said Dubravko Lakos-Bujas, who led the team’s research. Originally published as Stock market drops big hint on who will win US election To join the conversation, please log in. Don't have an account? Register Join the conversation, you are commenting as Logout",
  "url": "https://www.couriermail.com.au/news/world/stock-market-drops-big-hint-on-who-will-win-us-election/news-story/500191408ca0f281d1f892fe1a43d132?nk=cf7f879d6d0823405c3d67696bbf4e56-1604320376",
  "source": "gdelt_couriermail.com.au",
  "published_at": "2020-11-02T12:45:00+00:00",
  "collected_at": "2025-10-19T08:40:41.695883+00:00",
  "sp500_relevant": true,
  "collection_method": "gdelt_api",
  "language": "English",
  "content_fetched": true
}