{
  "article_id": "050d3c129611c6629c3a1fd95dc8776a",
  "headline": "3 Tips to Get Through the Next Stock Market Crash",
  "body": "",
  "url": "https://www.stltoday.com/business/investment/personal-finance/3-tips-to-get-through-the-next-stock-market-crash/article_ad98fc36-8e5a-5689-975b-0ad7ad1c0664.html",
  "source": "gdelt_stltoday.com",
  "published_at": "2021-04-25T14:00:00+00:00",
  "collected_at": "2025-10-19T11:18:22.461988+00:00",
  "sp500_relevant": true,
  "collection_method": "gdelt_api",
  "language": "English",
  "content_fetched": false
}