{
  "article_id": "050d41ab1bf39b973a8f964ffe7caf66",
  "headline": "EZGO Technologie ( NASDAQ : EZGO ) investors will be pleased with their decent 86 % return over the last year",
  "body": "Passive investing in index funds can generate returns that roughly match the overall market. But if you pick the right individual stocks, you could make more than that. To wit, the EZGO Technologies Ltd. (NASDAQ:EZGO) share price is 86% higher than it was a year ago, much better than the market decline of around 0.7% (not including dividends) in the same period. If it can keep that out-performance up over the long term, investors will do very well! We'll need to follow EZGO Technologies for a while to get a better sense of its share price trend, since it hasn't been listed for particularly long. With that in mind, it's worth seeing if the company's underlying fundamentals have been the driver of long term performance, or if there are some discrepancies. Check out our latest analysis for EZGO Technologies EZGO Technologies isn't currently profitable, so most analysts would look to revenue growth to get an idea of how fast the underlying business is growing. Shareholders of unprofitable companies usually expect strong revenue growth. That's because it's hard to be confident a company will be sustainable if revenue growth is negligible, and it never makes a profit. EZGO Technologies actually shrunk its revenue over the last year, with a reduction of 26%. The stock is up 86% in that time, a fine performance given the revenue drop. To us that means that there isn't a lot of correlation between the past revenue performance and the share price, but a closer look at analyst forecasts and the bottom line may well explain a lot. The graphic below depicts how earnings and revenue have changed over time (unveil the exact values by clicking on the image). Balance sheet strength is crucial. It might be well worthwhile taking a look at our free report on how its financial position has changed over time. EZGO Technologies boasts a total shareholder return of 86% for the last year. And the share price momentum remains respectable, with a gain of 20% in the last three months. Demand for the stock from multiple parties is pushing the price higher; it could be that word is getting out about its virtues as a business. I find it very interesting to look at share price over the long term as a proxy for business performance. But to truly gain insight, we need to consider other information, too. To that end, you should learn about the 5 warning signs we've spotted with EZGO Technologies (including 4 which make us uncomfortable) . But note: EZGO Technologies may not be the best stock to buy. So take a peek at this free list of interesting companies with past earnings growth (and further growth forecast). Please note, the market returns quoted in this article reflect the market weighted average returns of stocks that currently trade on American exchanges. Have feedback on this article? Concerned about the content? Get in touch with us directly. Alternatively, email editorial-team (at) simplywallst.com.This article by Simply Wall St is general in nature. We provide commentary based on historical data and analyst forecasts only using an unbiased methodology and our articles are not intended to be financial advice. It does not constitute a recommendation to buy or sell any stock, and does not take account of your objectives, or your financial situation. We aim to bring you long-term focused analysis driven by fundamental data. Note that our analysis may not factor in the latest price-sensitive company announcements or qualitative material. Simply Wall St has no position in any stocks mentioned. Join A Paid User Research SessionYou’ll receive a US$30 Amazon Gift card for 1 hour of your time while helping us build better investing tools for the individual investors like yourself. Sign up here",
  "url": "https://finance.yahoo.com/news/ezgo-technologies-nasdaq-ezgo-investors-122307607.html",
  "source": "gdelt_finance.yahoo.com",
  "published_at": "2023-05-28T13:00:00+00:00",
  "collected_at": "2025-10-20T11:10:42.266739+00:00",
  "sp500_relevant": true,
  "collection_method": "gdelt_api",
  "language": "English",
  "content_fetched": true
}